title,year,journal,doi,pmcid,fulltext_url,fulltext_status,article_type,license,license_evidence,data_statement,data_urls,repository_urls,data_link_status,raw_data_download_status,reproducibility_status,source_sha256,source_file,retrieved_utc,search_category,data_url_evidence,malformed_declared_links,data_resource_note
Chromosome-level assembly of the club-legged grasshopper (Gomphocerus sibiricus) genome.,2025,"G3 (Bethesda, Md.)",10.1093/g3journal/jkaf231,PMC12693501,https://www.ebi.ac.uk/europepmc/webservices/rest/PMC12693501/fullTextXML,HTTP_200_XML_PARSED_DOI_MATCHED,research-article,CC BY,"This is an Open Access article distributed under the terms of the Creative Commons Attribution License ( https://creativecommons.org/licenses/by/4.0/ ), which permits unrestricted reuse, distribution, and reproduction in any medium, provided the original work is properly cited. https://creativecommons.org/licenses/by/4.0/ uri","Data availability The final assembly and raw data have been deposited at NCBI under the project accession number PRJNA1250961. The genome assembly is available under accession number JBPBLO000000000 . PacBio HiFi long-read sequencing data can be found under accession numbers SRX29045381, SRX29045382, SRX29045386-SRX29045393, SRX29073929, and SRX29073928. Hi-C sequencing data are available under accession numbers SRX29045383-SRX29045385. The associated files for this manuscript are available on the figshare database: Supplementary Fig. 1 ( https://doi.org/10.6084/m9.figshare.29476994 ), Gene annotation models ( https://doi.org/10.6084/m9.figshare.29148779 ) RepeatMasker annotation ( https://doi.org/10.6084/m9.figshare.29148836 ), curated nonredundant species-specific repeat library ( https://doi.org/10.6084/m9.figshare.29148746 ). Supplemental material available at G3 online.
Data Availability Statement The final assembly and raw data have been deposited at NCBI under the project accession number PRJNA1250961. The genome assembly is available under accession number JBPBLO000000000 . PacBio HiFi long-read sequencing data can be found under accession numbers SRX29045381, SRX29045382, SRX29045386-SRX29045393, SRX29073929, and SRX29073928. Hi-C sequencing data are available under accession numbers SRX29045383-SRX29045385. The associated files for this manuscript are available on the figshare database: Supplementary Fig. 1 ( https://doi.org/10.6084/m9.figshare.29476994 ), Gene annotation models ( https://doi.org/10.6084/m9.figshare.29148779 ) RepeatMasker annotation ( https://doi.org/10.6084/m9.figshare.29148836 ), curated nonredundant species-specific repeat library ( https://doi.org/10.6084/m9.figshare.29148746 ). Supplemental material available at G3 online.","[""https://doi.org/10.6084/m9.figshare.29148746"", ""https://doi.org/10.6084/m9.figshare.29148779"", ""https://doi.org/10.6084/m9.figshare.29148836"", ""https://doi.org/10.6084/m9.figshare.29476994"", ""https://www.ncbi.nlm.nih.gov/nuccore/JBPBLO000000000""]","[""https://doi.org/10.6084/m9.figshare.29148746"", ""https://doi.org/10.6084/m9.figshare.29148779"", ""https://doi.org/10.6084/m9.figshare.29148836"", ""https://doi.org/10.6084/m9.figshare.29476994""]",DECLARED_LINK_ONLY,NOT_TESTED,NOT_TESTED,75a16d2ad36a4567d0ab55769cdaf50195403d3fc0a12696684f2fa74897b474,fulltext_xml/PMC12693501.xml,2026-09-26T15:22:59.830783+00:00,ecology,"[{""url"": ""https://doi.org/10.6084/m9.figshare.29148746"", ""source_type"": ""STATEMENT_DOI_NORMALIZED""}, {""url"": ""https://doi.org/10.6084/m9.figshare.29148746"", ""source_type"": ""STATEMENT_TEXT_URL""}, {""url"": ""https://doi.org/10.6084/m9.figshare.29148746"", ""source_type"": ""XML_EXT_LINK_HREF""}, {""url"": ""https://doi.org/10.6084/m9.figshare.29148779"", ""source_type"": ""STATEMENT_DOI_NORMALIZED""}, {""url"": ""https://doi.org/10.6084/m9.figshare.29148779"", ""source_type"": ""STATEMENT_TEXT_URL""}, {""url"": ""https://doi.org/10.6084/m9.figshare.29148779"", ""source_type"": ""XML_EXT_LINK_HREF""}, {""url"": ""https://doi.org/10.6084/m9.figshare.29148836"", ""source_type"": ""STATEMENT_DOI_NORMALIZED""}, {""url"": ""https://doi.org/10.6084/m9.figshare.29148836"", ""source_type"": ""STATEMENT_TEXT_URL""}, {""url"": ""https://doi.org/10.6084/m9.figshare.29148836"", ""source_type"": ""XML_EXT_LINK_HREF""}, {""url"": ""https://doi.org/10.6084/m9.figshare.29476994"", ""source_type"": ""STATEMENT_DOI_NORMALIZED""}, {""url"": ""https://doi.org/10.6084/m9.figshare.29476994"", ""source_type"": ""STATEMENT_TEXT_URL""}, {""url"": ""https://doi.org/10.6084/m9.figshare.29476994"", ""source_type"": ""XML_EXT_LINK_HREF""}, {""url"": ""https://www.ncbi.nlm.nih.gov/nuccore/JBPBLO000000000"", ""source_type"": ""XML_EXT_LINK_HREF""}]",[],Declared links only. Extraction is not exhaustive; non-whitelisted bare DOI resources may be omitted. Data format and access conditions were not independently checked; links may refer to processed data or conditional external resources.
Genetic architecture and mechanisms of host-microbiome interactions from a multi-cohort analysis of outbred laboratory rats.,2025,Nature communications,10.1038/s41467-025-66105-z,PMC12715198,https://www.ebi.ac.uk/europepmc/webservices/rest/PMC12715198/fullTextXML,HTTP_200_XML_PARSED_DOI_MATCHED,research-article,CC BY,"Open Access This article is licensed under a Creative Commons Attribution 4.0 International License, which permits use, sharing, adaptation, distribution and reproduction in any medium or format, as long as you give appropriate credit to the original author(s) and the source, provide a link to the Creative Commons licence, and indicate if changes were made. The images or other third party material in this article are included in the article’s Creative Commons licence, unless indicated otherwise in a credit line to the material. If material is not included in the article’s Creative Commons licence and your intended use is not permitted by statutory regulation or exceeds the permitted use, you will need to obtain permission directly from the copyright holder. To view a copy of this licence, visit http://creativecommons.org/licenses/by/4.0/ . https://creativecommons.org/licenses/by/4.0/ uri","Data availability All 16S sequencing data and metadata are available from Qiita 99 study ID 11479 , ENA accessions ERP182733/ PRJEB101310 [ https://www.ebi.ac.uk/ena/browser/view/ERP182733 ] and Figshare dataset “Host/microbiome interactions in NIH-Heterogeneous Stock rats (study based on 16S data)” [10.6084/m9.figshare.28769039]. The genotype data are available from UCSD’s Library Digital Collections under the title “Heterogeneous Stock (HS) Rat Genotypes, Version 4” [10.6075/J0X63N54] (date of version: 2023-12-15; corresponding fastq files available from SRA BioProject PRJNA1022514 ). Wild rat from China raw sequences were downloaded from ENA BioProject PRJNA330658 (secondary study accession SRP078989) 32 . NYC metro rats genotypes were downloaded from the Dryad dataset “Genetic Adaptation in New York City Rats” [ https://datadryad.org/stash/dataset/doi:10.5061/dryad.08kprr4zn ] 33 . Rat inbred strains vcf files were obtained from the Rat Genome Database “strain_specific_variants” dataset [ https://download.rgd.mcw.edu/strain_specific_variants/Dwinell_MCW_HybridRatDiversityProgram/Jan2023/mRatBN7/ ]. The Illumina short reads used for Fig. 5b are available from SRA BioProject PRJNA1048943 (study SRP476247). Intermediate data files produced by and used in our analyses are available from the Figshare dataset “Host/microbiome interactions in NIH-Heterogeneous Stock rats (study based on 16S data)” [10.6084/m9.figshare.28769039]. Source Data files for the data presented in graphs within the figures are available from the same Figshare repository [10.6084/m9.figshare.28769039], in the form of one R object (.RData) per figure.
Data Availability Statement All 16S sequencing data and metadata are available from Qiita 99 study ID 11479 , ENA accessions ERP182733/ PRJEB101310 [ https://www.ebi.ac.uk/ena/browser/view/ERP182733 ] and Figshare dataset “Host/microbiome interactions in NIH-Heterogeneous Stock rats (study based on 16S data)” [10.6084/m9.figshare.28769039]. The genotype data are available from UCSD’s Library Digital Collections under the title “Heterogeneous Stock (HS) Rat Genotypes, Version 4” [10.6075/J0X63N54] (date of version: 2023-12-15; corresponding fastq files available from SRA BioProject PRJNA1022514 ). Wild rat from China raw sequences were downloaded from ENA BioProject PRJNA330658 (secondary study accession SRP078989) 32 . NYC metro rats genotypes were downloaded from the Dryad dataset “Genetic Adaptation in New York City Rats” [ https://datadryad.org/stash/dataset/doi:10.5061/dryad.08kprr4zn ] 33 . Rat inbred strains vcf files were obtained from the Rat Genome Database “strain_specific_variants” dataset [ https://download.rgd.mcw.edu/strain_specific_variants/Dwinell_MCW_HybridRatDiversityProgram/Jan2023/mRatBN7/ ]. The Illumina short reads used for Fig. 5b are available from SRA BioProject PRJNA1048943 (study SRP476247). Intermediate data files produced by and used in our analyses are available from the Figshare dataset “Host/microbiome interactions in NIH-Heterogeneous Stock rats (study based on 16S data)” [10.6084/m9.figshare.28769039]. Source Data files for the data presented in graphs within the figures are available from the same Figshare repository [10.6084/m9.figshare.28769039], in the form of one R object (.RData) per figure. The R scripts used to generate all the results and Figures reported in the paper are available from https://github.com/Baud-lab/P50/tree/Master/16S (10.5281/zenodo.17457488) 100 . The README details the inputs and outputs, some of which are available from the Figshare repository as intermediate files. The extended LIMIX code used for the genetic analyses is available from https://github.com/Baud-lab/CoreQuantGen (10.5281/zenodo.4965824) 101 .","[""https://datadryad.org/stash/dataset/doi:10.5061/dryad.08kprr4zn"", ""https://doi.org/10.5061/dryad.08kprr4zn"", ""https://doi.org/10.5281/zenodo.17457488"", ""https://doi.org/10.5281/zenodo.4965824"", ""https://doi.org/10.6084/m9.figshare.28769039"", ""https://download.rgd.mcw.edu/strain_specific_variants/Dwinell_MCW_HybridRatDiversityProgram/Jan2023/mRatBN7/"", ""https://github.com/Baud-lab/CoreQuantGen"", ""https://github.com/Baud-lab/P50/tree/Master/16S"", ""https://qiita.ucsd.edu/study/description/11479"", ""https://www.ebi.ac.uk/ena/browser/view/ERP182733"", ""https://www.ebi.ac.uk/ena/browser/view/PRJNA1048943"", ""https://www.ebi.ac.uk/ena/browser/view/PRJNA330658"", ""https://www.ncbi.nlm.nih.gov/bioproject/PRJNA1022514""]","[""https://datadryad.org/stash/dataset/doi:10.5061/dryad.08kprr4zn"", ""https://doi.org/10.5061/dryad.08kprr4zn"", ""https://doi.org/10.5281/zenodo.17457488"", ""https://doi.org/10.5281/zenodo.4965824"", ""https://doi.org/10.6084/m9.figshare.28769039""]",DECLARED_LINK_ONLY,NOT_TESTED,NOT_TESTED,9a3714e0a894ec019af1598c8a1be7befb1f943d19ad3104f9f428a54d09eff2,fulltext_xml/PMC12715198.xml,2026-09-26T15:23:12.778660+00:00,psychology,"[{""url"": ""https://datadryad.org/stash/dataset/doi:10.5061/dryad.08kprr4zn"", ""source_type"": ""STATEMENT_TEXT_URL""}, {""url"": ""https://datadryad.org/stash/dataset/doi:10.5061/dryad.08kprr4zn"", ""source_type"": ""XML_EXT_LINK_HREF""}, {""url"": ""https://doi.org/10.5061/dryad.08kprr4zn"", ""source_type"": ""STATEMENT_DOI_NORMALIZED""}, {""url"": ""https://doi.org/10.5281/zenodo.17457488"", ""source_type"": ""STATEMENT_DOI_NORMALIZED""}, {""url"": ""https://doi.org/10.5281/zenodo.4965824"", ""source_type"": ""STATEMENT_DOI_NORMALIZED""}, {""url"": ""https://doi.org/10.6084/m9.figshare.28769039"", ""source_type"": ""STATEMENT_DOI_NORMALIZED""}, {""url"": ""https://download.rgd.mcw.edu/strain_specific_variants/Dwinell_MCW_HybridRatDiversityProgram/Jan2023/mRatBN7/"", ""source_type"": ""STATEMENT_TEXT_URL""}, {""url"": ""https://download.rgd.mcw.edu/strain_specific_variants/Dwinell_MCW_HybridRatDiversityProgram/Jan2023/mRatBN7/"", ""source_type"": ""XML_EXT_LINK_HREF""}, {""url"": ""https://github.com/Baud-lab/CoreQuantGen"", ""source_type"": ""STATEMENT_TEXT_URL""}, {""url"": ""https://github.com/Baud-lab/CoreQuantGen"", ""source_type"": ""XML_EXT_LINK_HREF""}, {""url"": ""https://github.com/Baud-lab/P50/tree/Master/16S"", ""source_type"": ""STATEMENT_TEXT_URL""}, {""url"": ""https://github.com/Baud-lab/P50/tree/Master/16S"", ""source_type"": ""XML_EXT_LINK_HREF""}, {""url"": ""https://qiita.ucsd.edu/study/description/11479"", ""source_type"": ""XML_EXT_LINK_HREF""}, {""url"": ""https://www.ebi.ac.uk/ena/browser/view/ERP182733"", ""source_type"": ""STATEMENT_TEXT_URL""}, {""url"": ""https://www.ebi.ac.uk/ena/browser/view/ERP182733"", ""source_type"": ""XML_EXT_LINK_HREF""}, {""url"": ""https://www.ebi.ac.uk/ena/browser/view/PRJNA1048943"", ""source_type"": ""XML_EXT_LINK_HREF""}, {""url"": ""https://www.ebi.ac.uk/ena/browser/view/PRJNA330658"", ""source_type"": ""XML_EXT_LINK_HREF""}, {""url"": ""https://www.ncbi.nlm.nih.gov/bioproject/PRJNA1022514"", ""source_type"": ""XML_EXT_LINK_HREF""}]",[],Declared links only. Extraction is not exhaustive; non-whitelisted bare DOI resources may be omitted. Data format and access conditions were not independently checked; links may refer to processed data or conditional external resources.
De novo genome assembly of the endemic Italian springtail Orchesella dallaii (Collembola: Orchesellidae).,2025,"G3 (Bethesda, Md.)",10.1093/g3journal/jkaf240,PMC12693562,https://www.ebi.ac.uk/europepmc/webservices/rest/PMC12693562/fullTextXML,HTTP_200_XML_PARSED_DOI_MATCHED,research-article,CC BY,"This is an Open Access article distributed under the terms of the Creative Commons Attribution License ( https://creativecommons.org/licenses/by/4.0/ ), which permits unrestricted reuse, distribution, and reproduction in any medium, provided the original work is properly cited. https://creativecommons.org/licenses/by/4.0/ uri","Data availability All data associated with this genome project have been deposited in NCBI under BioProject accession PRJEB76228. Raw sequencing reads are available in the Sequence Read Archive under accessions ERX12617126 and ERX12617127. The final genome assembly is available in NCBI under accession GCA_964186735.1, and the mitochondrial genome is available in GenBank under accession BK074881 . In addition, all datasets, annotations, and assemblies employed in this study are accessible through our Figshare repository: https://doi.org/10.6084/m9.figshare.30051652 . Supplemental material available at G3 online.
Data Availability Statement All data associated with this genome project have been deposited in NCBI under BioProject accession PRJEB76228. Raw sequencing reads are available in the Sequence Read Archive under accessions ERX12617126 and ERX12617127. The final genome assembly is available in NCBI under accession GCA_964186735.1, and the mitochondrial genome is available in GenBank under accession BK074881 . In addition, all datasets, annotations, and assemblies employed in this study are accessible through our Figshare repository: https://doi.org/10.6084/m9.figshare.30051652 . Supplemental material available at G3 online.","[""https://doi.org/10.6084/m9.figshare.30051652"", ""https://ncbi.nlm.nih.gov/nucleotide/BK074881""]","[""https://doi.org/10.6084/m9.figshare.30051652""]",DECLARED_LINK_ONLY,NOT_TESTED,NOT_TESTED,bf41a17beaa83aa4b7a4848b7a952b2d9ac8dc54f9aab55f452e6aff3a4988fc,fulltext_xml/PMC12693562.xml,2026-09-26T15:23:19.616340+00:00,genomics,"[{""url"": ""https://doi.org/10.6084/m9.figshare.30051652"", ""source_type"": ""STATEMENT_DOI_NORMALIZED""}, {""url"": ""https://doi.org/10.6084/m9.figshare.30051652"", ""source_type"": ""STATEMENT_TEXT_URL""}, {""url"": ""https://doi.org/10.6084/m9.figshare.30051652"", ""source_type"": ""XML_EXT_LINK_HREF""}, {""url"": ""https://ncbi.nlm.nih.gov/nucleotide/BK074881"", ""source_type"": ""XML_EXT_LINK_HREF""}]",[],Declared links only. Extraction is not exhaustive; non-whitelisted bare DOI resources may be omitted. Data format and access conditions were not independently checked; links may refer to processed data or conditional external resources.
"Network-based proactive contact tracing: A pre-emptive, degree-based alerting framework for privacy-preserving COVID-19 apps.",2025,PLOS digital health,10.1371/journal.pdig.0000966,PMC12629462,https://www.ebi.ac.uk/europepmc/webservices/rest/PMC12629462/fullTextXML,HTTP_200_XML_PARSED_DOI_MATCHED,research-article,CC BY,"https://creativecommons.org/licenses/by/4.0/ This is an open access article distributed under the terms of the Creative Commons Attribution License , which permits unrestricted use, distribution, and reproduction in any medium, provided the original author and source are credited. textmining ccbylicense uri https://creativecommons.org/licenses/by/4.0/",Data Availability All contact-network datasets used in this study are publicly available. The Office network contains face-to-face proximity data collected in a French workplace and is available from the SocioPatterns repository at http://www.sociopatterns.org/datasets/test/ . The DTU network represents the Bluetooth interaction layer of the Copenhagen Networks Study and can be accessed via Figshare at https:// figshare.com/articles/dataset/The_Copenhagen_Networks_Study_interaction_data/7267433. The ABM network is available on Zenodo at https://doi.org/10.5281/zenodo.15076221 . The ABM30 network is a 30-day extension of the ABM network and can be found at https://doi.org/10.5281/zenodo.15877149 . The simulation code is openly available at https://github.com/udiallo/NPCT .,"[""http://www.sociopatterns.org/datasets/test/"", ""https://doi.org/10.5281/zenodo.15076221"", ""https://doi.org/10.5281/zenodo.15877149"", ""https://github.com/udiallo/NPCT""]","[""https://doi.org/10.5281/zenodo.15076221"", ""https://doi.org/10.5281/zenodo.15877149""]",DECLARED_LINK_ONLY,NOT_TESTED,NOT_TESTED,000588eaada16c3e06c707f8ec32c1066087a354f2633d073d3911d64c63916a,fulltext_xml/PMC12629462.xml,2026-09-26T15:23:34.158180+00:00,public_health,"[{""url"": ""http://www.sociopatterns.org/datasets/test/"", ""source_type"": ""STATEMENT_TEXT_URL""}, {""url"": ""http://www.sociopatterns.org/datasets/test/"", ""source_type"": ""XML_EXT_LINK_HREF""}, {""url"": ""https://doi.org/10.5281/zenodo.15076221"", ""source_type"": ""STATEMENT_DOI_NORMALIZED""}, {""url"": ""https://doi.org/10.5281/zenodo.15076221"", ""source_type"": ""STATEMENT_TEXT_URL""}, {""url"": ""https://doi.org/10.5281/zenodo.15076221"", ""source_type"": ""XML_EXT_LINK_HREF""}, {""url"": ""https://doi.org/10.5281/zenodo.15877149"", ""source_type"": ""STATEMENT_DOI_NORMALIZED""}, {""url"": ""https://doi.org/10.5281/zenodo.15877149"", ""source_type"": ""STATEMENT_TEXT_URL""}, {""url"": ""https://doi.org/10.5281/zenodo.15877149"", ""source_type"": ""XML_EXT_LINK_HREF""}, {""url"": ""https://github.com/udiallo/NPCT"", ""source_type"": ""STATEMENT_TEXT_URL""}, {""url"": ""https://github.com/udiallo/NPCT"", ""source_type"": ""XML_EXT_LINK_HREF""}]","[{""url"": ""https://"", ""source_type"": ""XML_EXT_LINK_HREF"", ""reason"": ""MISSING_HTTP_SCHEME_OR_HOSTNAME""}]",Declared links only. Extraction is not exhaustive; non-whitelisted bare DOI resources may be omitted. Data format and access conditions were not independently checked; links may refer to processed data or conditional external resources.
Less is more: improving cell-type identification with augmentation-free single-cell RNA-Seq contrastive learning.,2025,"Bioinformatics (Oxford, England)",10.1093/bioinformatics/btaf437,PMC12417077,https://www.ebi.ac.uk/europepmc/webservices/rest/PMC12417077/fullTextXML,HTTP_200_XML_PARSED_DOI_MATCHED,research-article,CC BY,"https://creativecommons.org/licenses/by/4.0/ This is an Open Access article distributed under the terms of the Creative Commons Attribution License ( https://creativecommons.org/licenses/by/4.0/ ), which permits unrestricted reuse, distribution, and reproduction in any medium, provided the original work is properly cited. textmining ccbylicense uri https://creativecommons.org/licenses/by/4.0/","Data availability The scRNA-Seq datasets used in this work can be downloaded from https://doi.org/10.5281/zenodo.8087611 , and the pre-trained AF-RCL encoders can be downloaded from https://doi.org/10.5281/zenodo.15109736 .","[""https://doi.org/10.5281/zenodo.15109736"", ""https://doi.org/10.5281/zenodo.8087611""]","[""https://doi.org/10.5281/zenodo.15109736"", ""https://doi.org/10.5281/zenodo.8087611""]",DECLARED_LINK_ONLY,NOT_TESTED,NOT_TESTED,9dd24963e3435e7c66d8bc18f3e4792a3f1a11e8e3bb18e01f058e8d015a2617,fulltext_xml/PMC12417077.xml,2026-09-26T15:23:43.006819+00:00,computational,"[{""url"": ""https://doi.org/10.5281/zenodo.15109736"", ""source_type"": ""STATEMENT_DOI_NORMALIZED""}, {""url"": ""https://doi.org/10.5281/zenodo.15109736"", ""source_type"": ""STATEMENT_TEXT_URL""}, {""url"": ""https://doi.org/10.5281/zenodo.15109736"", ""source_type"": ""XML_EXT_LINK_HREF""}, {""url"": ""https://doi.org/10.5281/zenodo.8087611"", ""source_type"": ""STATEMENT_DOI_NORMALIZED""}, {""url"": ""https://doi.org/10.5281/zenodo.8087611"", ""source_type"": ""STATEMENT_TEXT_URL""}, {""url"": ""https://doi.org/10.5281/zenodo.8087611"", ""source_type"": ""XML_EXT_LINK_HREF""}]",[],Declared links only. Extraction is not exhaustive; non-whitelisted bare DOI resources may be omitted. Data format and access conditions were not independently checked; links may refer to processed data or conditional external resources.
Climate Change Favors African Malaria Vector Mosquitoes.,2025,Global change biology,10.1111/gcb.70610,PMC12648371,https://www.ebi.ac.uk/europepmc/webservices/rest/PMC12648371/fullTextXML,HTTP_200_XML_PARSED_DOI_MATCHED,research-article,CC BY,"This is an open access article under the terms of the http://creativecommons.org/licenses/by/4.0/ License, which permits use, distribution and reproduction in any medium, provided the original work is properly cited. https://creativecommons.org/licenses/by/4.0/ uri","Data Availability Statement All code used in this article and instructions on how to download the data and reproduce the analysis are available on GitHub ( https://github.com/tiemvanderdeure/AfricanMalariaVectors ), and are archived at https://doi.org/10.5281/zenodo.17338503 . Model outputs with predicted environmental suitability under current and future conditions for each species are available at https://doi.org/10.5281/zenodo.17495117 . Mosquito occurrence data from Kyalo et al. ( 2017 ) and the Malaria Atlas Project are available at https://doi.org/10.7910/DVN/NQ6CUN and https://doi.org/10.5061/dryad.49p7f . CHELSA climate data is available at https://www.doi.org/10.16904/envidat.332 . Land cover data is available at https://doi.org/10.5281/zenodo.4584774 . Human population counts are available from WorldPop at https://hub.worldpop.org/doi/10.5258/SOTON/WP00647 . Future population estimates per country are available at https://doi.org/10.5281/zenodo.14718294 .","[""https://doi.org/10.16904/envidat.332"", ""https://doi.org/10.5061/dryad.49p7f"", ""https://doi.org/10.5281/zenodo.14718294"", ""https://doi.org/10.5281/zenodo.17338503"", ""https://doi.org/10.5281/zenodo.17495117"", ""https://doi.org/10.5281/zenodo.4584774"", ""https://doi.org/10.7910/DVN/NQ6CUN"", ""https://github.com/tiemvanderdeure/AfricanMalariaVectors"", ""https://hub.worldpop.org/doi/10.5258/SOTON/WP00647"", ""https://www.doi.org/10.16904/envidat.332""]","[""https://doi.org/10.5061/dryad.49p7f"", ""https://doi.org/10.5281/zenodo.14718294"", ""https://doi.org/10.5281/zenodo.17338503"", ""https://doi.org/10.5281/zenodo.17495117"", ""https://doi.org/10.5281/zenodo.4584774""]",DECLARED_LINK_ONLY,NOT_TESTED,NOT_TESTED,2bbfced87466c4f929cd8817fd8ca1b3c7ded92dce5ba8ef8ca6b984a7cd707f,fulltext_xml/PMC12648371.xml,2026-09-26T15:23:54.543222+00:00,environment,"[{""url"": ""https://doi.org/10.16904/envidat.332"", ""source_type"": ""XML_EXT_LINK_HREF""}, {""url"": ""https://doi.org/10.5061/dryad.49p7f"", ""source_type"": ""STATEMENT_DOI_NORMALIZED""}, {""url"": ""https://doi.org/10.5061/dryad.49p7f"", ""source_type"": ""STATEMENT_TEXT_URL""}, {""url"": ""https://doi.org/10.5061/dryad.49p7f"", ""source_type"": ""XML_EXT_LINK_HREF""}, {""url"": ""https://doi.org/10.5281/zenodo.14718294"", ""source_type"": ""STATEMENT_DOI_NORMALIZED""}, {""url"": ""https://doi.org/10.5281/zenodo.14718294"", ""source_type"": ""STATEMENT_TEXT_URL""}, {""url"": ""https://doi.org/10.5281/zenodo.14718294"", ""source_type"": ""XML_EXT_LINK_HREF""}, {""url"": ""https://doi.org/10.5281/zenodo.17338503"", ""source_type"": ""STATEMENT_DOI_NORMALIZED""}, {""url"": ""https://doi.org/10.5281/zenodo.17338503"", ""source_type"": ""STATEMENT_TEXT_URL""}, {""url"": ""https://doi.org/10.5281/zenodo.17338503"", ""source_type"": ""XML_EXT_LINK_HREF""}, {""url"": ""https://doi.org/10.5281/zenodo.17495117"", ""source_type"": ""STATEMENT_DOI_NORMALIZED""}, {""url"": ""https://doi.org/10.5281/zenodo.17495117"", ""source_type"": ""STATEMENT_TEXT_URL""}, {""url"": ""https://doi.org/10.5281/zenodo.17495117"", ""source_type"": ""XML_EXT_LINK_HREF""}, {""url"": ""https://doi.org/10.5281/zenodo.4584774"", ""source_type"": ""STATEMENT_DOI_NORMALIZED""}, {""url"": ""https://doi.org/10.5281/zenodo.4584774"", ""source_type"": ""STATEMENT_TEXT_URL""}, {""url"": ""https://doi.org/10.5281/zenodo.4584774"", ""source_type"": ""XML_EXT_LINK_HREF""}, {""url"": ""https://doi.org/10.7910/DVN/NQ6CUN"", ""source_type"": ""STATEMENT_TEXT_URL""}, {""url"": ""https://doi.org/10.7910/DVN/NQ6CUN"", ""source_type"": ""XML_EXT_LINK_HREF""}, {""url"": ""https://github.com/tiemvanderdeure/AfricanMalariaVectors"", ""source_type"": ""STATEMENT_TEXT_URL""}, {""url"": ""https://github.com/tiemvanderdeure/AfricanMalariaVectors"", ""source_type"": ""XML_EXT_LINK_HREF""}, {""url"": ""https://hub.worldpop.org/doi/10.5258/SOTON/WP00647"", ""source_type"": ""STATEMENT_TEXT_URL""}, {""url"": ""https://hub.worldpop.org/doi/10.5258/SOTON/WP00647"", ""source_type"": ""XML_EXT_LINK_HREF""}, {""url"": ""https://www.doi.org/10.16904/envidat.332"", ""source_type"": ""STATEMENT_TEXT_URL""}]",[],Declared links only. Extraction is not exhaustive; non-whitelisted bare DOI resources may be omitted. Data format and access conditions were not independently checked; links may refer to processed data or conditional external resources.
G-protein-coupled receptor diversity and evolution in the closest living relatives of metazoa.,2025,eLife,10.7554/elife.107467,PMC12716839,https://www.ebi.ac.uk/europepmc/webservices/rest/PMC12716839/fullTextXML,HTTP_200_XML_PARSED_DOI_MATCHED,research-article,CC BY,"This article is distributed under the terms of the Creative Commons Attribution License , which permits unrestricted use and redistribution provided that the original author and source are credited. https://creativecommons.org/licenses/by/4.0/ uri","Data availability Our manuscript is a computational study; no new sequencing data have been generated for this manuscript. All the raw data analyzed in this study are publicly available (see Table 2 under the ‘""Materials and methods’"" section and Supplementary File 1). All the supporting raw data and results of analyses mentioned across the manuscript have been deposited on figshare: https://doi.org/10.6084/m9.figshare.28801289 . Supplementary File 1 - Supplementary File 36 are available at https://doi.org/10.6084/m9.figshare.28801289 . The following dataset was generated: Garcia De Las Bayonas A. 2025. Supplementary files - G protein-coupled receptor diversity and evolution in the closest living relatives of Metazoa. figshare. The following previously published datasets were used: Richter DJ, Fozouni P, Eisen MB, King N. 2018. Data from: Gene family innovation, conservation and loss on the animal stem lineage. figshare. Brunet T, Larson BT, Linden TA, Vermeij MJA, McDonald K, King N. 2019. Choanoeca flexa transcriptome and predicted nonredundant proteome. figshare. Sebé-Pedrós A, Irimia M, del Campo J, Parra-Acero H, Russ C, Nusbaum C, Blencowe BJ, Ruiz-Trillo I. 2013. Genome - Capsaspora owczarzaki (v3) figshare. Ocaña-Pallarès E, Multicellgenome Lab 2022. Genomic data for Ministeria vibrans, Parvularia atlantis, Pigoraptor vietnamica and Pigoraptor chileana. figshare. Department of Life and Environmental Sciences. Prefectural University of Hiroshima 2019. Sphaeroforma arctica strain 3-2015 genome. NCBI BioProject. 563213 de Mendoza A, Suga H, Permanyer J, Irimia M, Ruiz-Trillo I. 2015. Creolimax fragrantissima genome data. figshare. Grau-Bové X, Torruella G, Donachie S, Suga H, Leonard G, Richards TA, Ruiz-Trillo I. 2017. Genome - Ichthyophonus hoferi. figshare. Grau-Bové X, Torruella G, Donachie S, Suga H, Leonard G, Richards TA, Ruiz-Trillo I. 2017. Genome - Abeoforma whisleri. figshare. Grau-Bové X, Torruella G, Donachie S, Suga H, Leonard G, Richards TA, Ruiz-Trillo I. 2018. Genome - Pirum gemmata. figshare. Grau-Bové X, Torruella G, Donachie S, Suga H, Leonard G, Richards TA, Ruiz-Trillo I. 2017. Genome - Chromosphaera perkinsii. figshare. Hehenberger E, Tikhonenkov DV, Kolisko M, del Campo J, Esaulov AS, Mylnikov AP, Keeling PJ. 2018. Data from: Novel predators reshape holozoan phylogeny and reveal the presence of a two-component signalling system in the ancestor of animals. Dryad Digital Repository.
Data Availability Statement Our manuscript is a computational study; no new sequencing data have been generated for this manuscript. All the raw data analyzed in this study are publicly available (see Table 2 under the ‘""Materials and methods’"" section and Supplementary File 1). All the supporting raw data and results of analyses mentioned across the manuscript have been deposited on figshare: https://doi.org/10.6084/m9.figshare.28801289 . Supplementary File 1 - Supplementary File 36 are available at https://doi.org/10.6084/m9.figshare.28801289 . The following dataset was generated: Garcia De Las Bayonas A. 2025. Supplementary files - G protein-coupled receptor diversity and evolution in the closest living relatives of Metazoa. figshare. The following previously published datasets were used: Richter DJ, Fozouni P, Eisen MB, King N. 2018. Data from: Gene family innovation, conservation and loss on the animal stem lineage. figshare. Brunet T, Larson BT, Linden TA, Vermeij MJA, McDonald K, King N. 2019. Choanoeca flexa transcriptome and predicted nonredundant proteome. figshare. Sebé-Pedrós A, Irimia M, del Campo J, Parra-Acero H, Russ C, Nusbaum C, Blencowe BJ, Ruiz-Trillo I. 2013. Genome - Capsaspora owczarzaki (v3) figshare. Ocaña-Pallarès E, Multicellgenome Lab 2022. Genomic data for Ministeria vibrans, Parvularia atlantis, Pigoraptor vietnamica and Pigoraptor chileana. figshare. Department of Life and Environmental Sciences. Prefectural University of Hiroshima 2019. Sphaeroforma arctica strain 3-2015 genome. NCBI BioProject. 563213 de Mendoza A, Suga H, Permanyer J, Irimia M, Ruiz-Trillo I. 2015. Creolimax fragrantissima genome data. figshare. Grau-Bové X, Torruella G, Donachie S, Suga H, Leonard G, Richards TA, Ruiz-Trillo I. 2017. Genome - Ichthyophonus hoferi. figshare. Grau-Bové X, Torruella G, Donachie S, Suga H, Leonard G, Richards TA, Ruiz-Trillo I. 2017. Genome - Abeoforma whisleri. figshare. Grau-Bové X, Torruella G, Donachie S, Suga H, Leonard G, Richards TA, Ruiz-Trillo I. 2018. Genome - Pirum gemmata. figshare. Grau-Bové X, Torruella G, Donachie S, Suga H, Leonard G, Richards TA, Ruiz-Trillo I. 2017. Genome - Chromosphaera perkinsii. figshare. Hehenberger E, Tikhonenkov DV, Kolisko M, del Campo J, Esaulov AS, Mylnikov AP, Keeling PJ. 2018. Data from: Novel predators reshape holozoan phylogeny and reveal the presence of a two-component signalling system in the ancestor of animals. Dryad Digital Repository.","[""https://doi.org/10.6084/m9.figshare.28801289""]","[""https://doi.org/10.6084/m9.figshare.28801289""]",DECLARED_LINK_ONLY,NOT_TESTED,NOT_TESTED,b6c4098d9a9fb6760c63d614ba662f6321b4feba0e0623dd4deb865fa318d977,fulltext_xml/PMC12716839.xml,2026-09-26T15:24:01.817105+00:00,evolution,"[{""url"": ""https://doi.org/10.6084/m9.figshare.28801289"", ""source_type"": ""STATEMENT_DOI_NORMALIZED""}, {""url"": ""https://doi.org/10.6084/m9.figshare.28801289"", ""source_type"": ""STATEMENT_TEXT_URL""}, {""url"": ""https://doi.org/10.6084/m9.figshare.28801289"", ""source_type"": ""XML_EXT_LINK_HREF""}]",[],Declared links only. Extraction is not exhaustive; non-whitelisted bare DOI resources may be omitted. Data format and access conditions were not independently checked; links may refer to processed data or conditional external resources.
"Different patterns, but no temporal decline in temperate forest soil meso- and macrofauna over the last decade.",2025,Ecology,10.1002/ecy.70246,PMC12611797,https://www.ebi.ac.uk/europepmc/webservices/rest/PMC12611797/fullTextXML,HTTP_200_XML_PARSED_DOI_MATCHED,research-article,CC BY,"This is an open access article under the terms of the http://creativecommons.org/licenses/by/4.0/ License, which permits use, distribution and reproduction in any medium, provided the original work is properly cited. https://creativecommons.org/licenses/by/4.0/ uri","DATA AVAILABILITY STATEMENT Data (Pollierer et al., 2025a ) are available in Dryad at https://doi.org/10.5061/dryad.8w9ghx3w9 . Code (Pollierer et al., 2025b ) is available in Zenodo at https://doi.org/10.5281/zenodo.12796315 .
Data Availability Statement Data (Pollierer et al., 2025a ) are available in Dryad at https://doi.org/10.5061/dryad.8w9ghx3w9 . Code (Pollierer et al., 2025b ) is available in Zenodo at https://doi.org/10.5281/zenodo.12796315 .","[""https://doi.org/10.5061/dryad.8w9ghx3w9"", ""https://doi.org/10.5281/zenodo.12796315""]","[""https://doi.org/10.5061/dryad.8w9ghx3w9"", ""https://doi.org/10.5281/zenodo.12796315""]",DECLARED_LINK_ONLY,NOT_TESTED,NOT_TESTED,07f1f0ed119e30ac59a9ea87c505d43323e6d2bfc1a88bfbf76b662b1455bc17,fulltext_xml/PMC12611797.xml,2026-09-26T15:24:04.156506+00:00,ecology,"[{""url"": ""https://doi.org/10.5061/dryad.8w9ghx3w9"", ""source_type"": ""STATEMENT_DOI_NORMALIZED""}, {""url"": ""https://doi.org/10.5061/dryad.8w9ghx3w9"", ""source_type"": ""STATEMENT_TEXT_URL""}, {""url"": ""https://doi.org/10.5061/dryad.8w9ghx3w9"", ""source_type"": ""XML_EXT_LINK_HREF""}, {""url"": ""https://doi.org/10.5281/zenodo.12796315"", ""source_type"": ""STATEMENT_DOI_NORMALIZED""}, {""url"": ""https://doi.org/10.5281/zenodo.12796315"", ""source_type"": ""STATEMENT_TEXT_URL""}, {""url"": ""https://doi.org/10.5281/zenodo.12796315"", ""source_type"": ""XML_EXT_LINK_HREF""}]",[],Declared links only. Extraction is not exhaustive; non-whitelisted bare DOI resources may be omitted. Data format and access conditions were not independently checked; links may refer to processed data or conditional external resources.
Whole Body Motor Adaptation in Goldfish Using Fish Operated Vehicle.,2025,The European journal of neuroscience,10.1111/ejn.70241,PMC12404787,https://www.ebi.ac.uk/europepmc/webservices/rest/PMC12404787/fullTextXML,HTTP_200_XML_PARSED_DOI_MATCHED,research-article,CC BY,"https://creativecommons.org/licenses/by/4.0/ This is an open access article under the terms of the http://creativecommons.org/licenses/by/4.0/ License, which permits use, distribution and reproduction in any medium, provided the original work is properly cited. textmining ccbylicense uri https://creativecommons.org/licenses/by/4.0/",Data Availability Statement The csv data generated during and/or analyzed during the current study are available in the data of the Bayesian model figshare repository with the identifiers ( https://doi.org/10.6084/m9.figshare.29626826 ). The code is archived in Zenodo ( https://doi.org/10.5281/zenodo.16367403 ).,"[""https://doi.org/10.5281/zenodo.16367403"", ""https://doi.org/10.6084/m9.figshare.29626826""]","[""https://doi.org/10.5281/zenodo.16367403"", ""https://doi.org/10.6084/m9.figshare.29626826""]",DECLARED_LINK_ONLY,NOT_TESTED,NOT_TESTED,f8fc258eda7cce5c85398adbe01f4d035370a7c65591735ab4917dafe73cb9b3,fulltext_xml/PMC12404787.xml,2026-09-26T15:24:13.135457+00:00,neuroscience,"[{""url"": ""https://doi.org/10.5281/zenodo.16367403"", ""source_type"": ""STATEMENT_DOI_NORMALIZED""}, {""url"": ""https://doi.org/10.5281/zenodo.16367403"", ""source_type"": ""STATEMENT_TEXT_URL""}, {""url"": ""https://doi.org/10.5281/zenodo.16367403"", ""source_type"": ""XML_EXT_LINK_HREF""}, {""url"": ""https://doi.org/10.6084/m9.figshare.29626826"", ""source_type"": ""STATEMENT_DOI_NORMALIZED""}, {""url"": ""https://doi.org/10.6084/m9.figshare.29626826"", ""source_type"": ""STATEMENT_TEXT_URL""}, {""url"": ""https://doi.org/10.6084/m9.figshare.29626826"", ""source_type"": ""XML_EXT_LINK_HREF""}]",[],Declared links only. Extraction is not exhaustive; non-whitelisted bare DOI resources may be omitted. Data format and access conditions were not independently checked; links may refer to processed data or conditional external resources.
Advances in deep reinforcement learning enable better predictions of human behavior in time-continuous tasks.,2025,PloS one,10.1371/journal.pone.0338034,PMC12677501,https://www.ebi.ac.uk/europepmc/webservices/rest/PMC12677501/fullTextXML,HTTP_200_XML_PARSED_DOI_MATCHED,research-article,CC BY,"https://creativecommons.org/licenses/by/4.0/ This is an open access article distributed under the terms of the Creative Commons Attribution License , which permits unrestricted use, distribution, and reproduction in any medium, provided the original author and source are credited. textmining ccbylicense uri https://creativecommons.org/licenses/by/4.0/","Data Availability All behavioral human data, along with the Q-values generated by the DQNs and the resulting files, are publicly available at https://osf.io/xqmjc/ (DOI: 10.17605/OSF.IO/XQMJC). The experimental task, DQN code, and analysis code used for generating the results can be found in the public GitHub repository at https://github.com/SHaberland15/Arcade_DQN_Research . We used Zenodo to assign a DOI to the repository: 10.5281/zenodo.14974341.","[""https://doi.org/10.17605/OSF.IO/XQMJC"", ""https://doi.org/10.5281/zenodo.14974341"", ""https://github.com/SHaberland15/Arcade_DQN_Research"", ""https://osf.io/xqmjc/""]","[""https://doi.org/10.17605/OSF.IO/XQMJC"", ""https://doi.org/10.5281/zenodo.14974341"", ""https://osf.io/xqmjc/""]",DECLARED_LINK_ONLY,NOT_TESTED,NOT_TESTED,5eec54bb7df1534c400138b66b67f6e4781956cc2988ca3bf8f5555cba3d6e9a,fulltext_xml/PMC12677501.xml,2026-09-26T15:24:15.578859+00:00,psychology,"[{""url"": ""https://doi.org/10.17605/OSF.IO/XQMJC"", ""source_type"": ""STATEMENT_DOI_NORMALIZED""}, {""url"": ""https://doi.org/10.5281/zenodo.14974341"", ""source_type"": ""STATEMENT_DOI_NORMALIZED""}, {""url"": ""https://github.com/SHaberland15/Arcade_DQN_Research"", ""source_type"": ""STATEMENT_TEXT_URL""}, {""url"": ""https://github.com/SHaberland15/Arcade_DQN_Research"", ""source_type"": ""XML_EXT_LINK_HREF""}, {""url"": ""https://osf.io/xqmjc/"", ""source_type"": ""STATEMENT_TEXT_URL""}, {""url"": ""https://osf.io/xqmjc/"", ""source_type"": ""XML_EXT_LINK_HREF""}]",[],Declared links only. Extraction is not exhaustive; non-whitelisted bare DOI resources may be omitted. Data format and access conditions were not independently checked; links may refer to processed data or conditional external resources.
Genome assembly of Bougainvillia cf. muscus (Cnidaria: Hydrozoa).,2025,"G3 (Bethesda, Md.)",10.1093/g3journal/jkaf110,PMC12239608,https://www.ebi.ac.uk/europepmc/webservices/rest/PMC12239608/fullTextXML,HTTP_200_XML_PARSED_DOI_MATCHED,research-article,CC BY,"https://creativecommons.org/licenses/by/4.0/ This is an Open Access article distributed under the terms of the Creative Commons Attribution License ( https://creativecommons.org/licenses/by/4.0/ ), which permits unrestricted reuse, distribution, and reproduction in any medium, provided the original work is properly cited. textmining ccbylicense uri https://creativecommons.org/licenses/by/4.0/","Data availability Data associated with this genome were deposited to NCBI under BioProject PRJNA1215439. Raw sequencing read data are available in SRA under accessions SAMN46550779 and SAMN46550780, and circular consensus sequencing reads are available under accessions SRX27573578 and SRX27573579. The final genome assembly is available in GenBank under accession JBLHEM000000000 and figshare ( https://doi.org/10.6084/m9.figshare.29064560 ). The final genome assembly and associated files are also available for download in Zenodo (10.5281/zenodo.14727809). All codes associated with this manuscript are available on GitHub ( https://github.com/amm1623/Bougainvillia_genome ) and Zenodo (10.5281/zenodo.14727809). For our synteny analyses, we obtained Hydra vulgaris v3 from NCBI (accession GCF_022113875.1), Turritopsis rubra from NCBI (GCA_039566895.2), and Hydractinia symbiolongicarpus v2.0 from figshare ( https://doi.org/10.6084/m9.figshare.22126232.v2 ). Supplemental material available at G3 online.","[""https://doi.org/10.5281/zenodo.14727809"", ""https://doi.org/10.6084/m9.figshare.22126232.v2"", ""https://doi.org/10.6084/m9.figshare.29064560"", ""https://github.com/amm1623/Bougainvillia_genome""]","[""https://doi.org/10.5281/zenodo.14727809"", ""https://doi.org/10.6084/m9.figshare.22126232.v2"", ""https://doi.org/10.6084/m9.figshare.29064560""]",DECLARED_LINK_ONLY,NOT_TESTED,NOT_TESTED,35951aaf09bfaeea322f37556aee86d9c010abcf7a042d6dfffa4bb1945c3e37,fulltext_xml/PMC12239608.xml,2026-09-26T15:24:21.562234+00:00,genomics,"[{""url"": ""https://doi.org/10.5281/zenodo.14727809"", ""source_type"": ""STATEMENT_DOI_NORMALIZED""}, {""url"": ""https://doi.org/10.6084/m9.figshare.22126232.v2"", ""source_type"": ""STATEMENT_DOI_NORMALIZED""}, {""url"": ""https://doi.org/10.6084/m9.figshare.22126232.v2"", ""source_type"": ""STATEMENT_TEXT_URL""}, {""url"": ""https://doi.org/10.6084/m9.figshare.22126232.v2"", ""source_type"": ""XML_EXT_LINK_HREF""}, {""url"": ""https://doi.org/10.6084/m9.figshare.29064560"", ""source_type"": ""STATEMENT_DOI_NORMALIZED""}, {""url"": ""https://doi.org/10.6084/m9.figshare.29064560"", ""source_type"": ""STATEMENT_TEXT_URL""}, {""url"": ""https://doi.org/10.6084/m9.figshare.29064560"", ""source_type"": ""XML_EXT_LINK_HREF""}, {""url"": ""https://github.com/amm1623/Bougainvillia_genome"", ""source_type"": ""STATEMENT_TEXT_URL""}, {""url"": ""https://github.com/amm1623/Bougainvillia_genome"", ""source_type"": ""XML_EXT_LINK_HREF""}]",[],Declared links only. Extraction is not exhaustive; non-whitelisted bare DOI resources may be omitted. Data format and access conditions were not independently checked; links may refer to processed data or conditional external resources.
COVID-19-related research data availability and quality according to the FAIR principles: A meta-research study.,2024,PloS one,10.1371/journal.pone.0313991,PMC11573139,https://www.ebi.ac.uk/europepmc/webservices/rest/PMC11573139/fullTextXML,HTTP_200_XML_PARSED_DOI_MATCHED,research-article,CC BY,"https://creativecommons.org/licenses/by/4.0/ This is an open access article distributed under the terms of the Creative Commons Attribution License , which permits unrestricted use, distribution, and reproduction in any medium, provided the original author and source are credited. textmining ccbylicense uri https://creativecommons.org/licenses/by/4.0/",Data Availability All the codes and data related to the study were shared via its OSF repository ( https://doi.org/10.17605/OSF.IO/YMD6W ) and GitHub ( https://github.com/choxos/covid-fairness ).,"[""https://doi.org/10.17605/OSF.IO/YMD6W"", ""https://github.com/choxos/covid-fairness""]","[""https://doi.org/10.17605/OSF.IO/YMD6W""]",DECLARED_LINK_ONLY,NOT_TESTED,NOT_TESTED,a7f61fe7eac500ced768cf0207197a07edb2214f8a1fb09ff5b76a5572d0f8f4,fulltext_xml/PMC11573139.xml,2026-09-26T15:24:23.907750+00:00,public_health,"[{""url"": ""https://doi.org/10.17605/OSF.IO/YMD6W"", ""source_type"": ""STATEMENT_DOI_NORMALIZED""}, {""url"": ""https://doi.org/10.17605/OSF.IO/YMD6W"", ""source_type"": ""STATEMENT_TEXT_URL""}, {""url"": ""https://doi.org/10.17605/OSF.IO/YMD6W"", ""source_type"": ""XML_EXT_LINK_HREF""}, {""url"": ""https://github.com/choxos/covid-fairness"", ""source_type"": ""STATEMENT_TEXT_URL""}, {""url"": ""https://github.com/choxos/covid-fairness"", ""source_type"": ""XML_EXT_LINK_HREF""}]",[],Declared links only. Extraction is not exhaustive; non-whitelisted bare DOI resources may be omitted. Data format and access conditions were not independently checked; links may refer to processed data or conditional external resources.
Contrasting pathways to tree longevity in gymnosperms and angiosperms.,2025,Nature communications,10.1038/s41467-025-67619-2,PMC12830884,https://www.ebi.ac.uk/europepmc/webservices/rest/PMC12830884/fullTextXML,HTTP_200_XML_PARSED_DOI_MATCHED,research-article,CC BY,"https://creativecommons.org/licenses/by/4.0/ Open Access This article is licensed under a Creative Commons Attribution 4.0 International License, which permits use, sharing, adaptation, distribution and reproduction in any medium or format, as long as you give appropriate credit to the original author(s) and the source, provide a link to the Creative Commons licence, and indicate if changes were made. The images or other third party material in this article are included in the article's Creative Commons licence, unless indicated otherwise in a credit line to the material. If material is not included in the article's Creative Commons licence and your intended use is not permitted by statutory regulation or exceeds the permitted use, you will need to obtain permission directly from the copyright holder. To view a copy of this licence, visit http://creativecommons.org/licenses/by/4.0/ . textmining ccbylicense uri https://creativecommons.org/licenses/by/4.0/","Data availability Data on species’ maximum longevity, traits, and climate that support the findings of this study are available from 10.6084/m9.figshare.29876984. Original raw tree ring data from the ITRDB can be downloaded from https://www.ncei.noaa.gov/products/paleoclimatology/tree-ring , and tropical tree ring data compilations from https://figshare.com/articles/dataset/Locoselli_et_al_2020_Global_tree-ring_analysis_reveals_rapid_decrease_in_tropical_tree_longevity_with_temperature_PNAS/13119842?file=25178405 . Individual longevity records from following oldlists http://www.rmtrr.org/oldlist.htm , https://www.ldeo.columbia.edu/~adk/oldlisteast/ , http://www.nativetreesociety.org/dendro/ents_maximum_ages.htm , https://www.oldgrowth.ca/oldtrees/ . Tree height data can be downloaded from https://zenodo.org/record/6637599 , and maximum height measurements were obtained from https://www.conifers.org and https://Monumentaltrees.com . Wood density data can be obtained from https://zenodo.org/records/13322441 , and from 10.18167/DVN1/KRVF0E. Conduit density from 10.5061/dryad.1138, and conduit density, P50 and HSM from 10.5061/dryad.1138, and from 10.1126/sciadv.aav1332. Leaf traits from https://www.nature.com/articles/nature02403#Sec15 , and seedmass data from https://www.try-db.org/TryWeb/dp.php , database request No 30569. Mean climate and soil data for a species were obtained from the TreeGOER database https://zenodo.org/records/10008994 , and gridded climate and elevation data from https://www.worldclim.org/data/worldclim21.html , growing season length and site level Net Primary Productivity (NPP) from https://chelsa-climate.org/ . Species occurrence data from 10.15468/dl.77gcvq.","[""http://www.nativetreesociety.org/dendro/ents_maximum_ages.htm"", ""http://www.rmtrr.org/oldlist.htm"", ""https://Monumentaltrees.com"", ""https://chelsa-climate.org/"", ""https://doi.org/10.5061/dryad.1138"", ""https://doi.org/10.6084/m9.figshare.29876984"", ""https://figshare.com/articles/dataset/Locoselli_et_al_2020_Global_tree-ring_analysis_reveals_rapid_decrease_in_tropical_tree_longevity_with_temperature_PNAS/13119842?file=25178405"", ""https://www.conifers.org"", ""https://www.ldeo.columbia.edu/~adk/oldlisteast/"", ""https://www.nature.com/articles/nature02403#Sec15"", ""https://www.ncei.noaa.gov/products/paleoclimatology/tree-ring"", ""https://www.oldgrowth.ca/oldtrees/"", ""https://www.try-db.org/TryWeb/dp.php"", ""https://www.worldclim.org/data/worldclim21.html"", ""https://zenodo.org/record/6637599"", ""https://zenodo.org/records/10008994"", ""https://zenodo.org/records/13322441""]","[""https://doi.org/10.5061/dryad.1138"", ""https://doi.org/10.6084/m9.figshare.29876984"", ""https://figshare.com/articles/dataset/Locoselli_et_al_2020_Global_tree-ring_analysis_reveals_rapid_decrease_in_tropical_tree_longevity_with_temperature_PNAS/13119842?file=25178405"", ""https://zenodo.org/record/6637599"", ""https://zenodo.org/records/10008994"", ""https://zenodo.org/records/13322441""]",DECLARED_LINK_ONLY,NOT_TESTED,NOT_TESTED,857f656f5274f81babf6bc5d1234cec294862502fb89bca230c292b6e335082b,fulltext_xml/PMC12830884.xml,2026-09-26T15:24:37.096727+00:00,environment,"[{""url"": ""http://www.nativetreesociety.org/dendro/ents_maximum_ages.htm"", ""source_type"": ""STATEMENT_TEXT_URL""}, {""url"": ""http://www.nativetreesociety.org/dendro/ents_maximum_ages.htm"", ""source_type"": ""XML_EXT_LINK_HREF""}, {""url"": ""http://www.rmtrr.org/oldlist.htm"", ""source_type"": ""STATEMENT_TEXT_URL""}, {""url"": ""http://www.rmtrr.org/oldlist.htm"", ""source_type"": ""XML_EXT_LINK_HREF""}, {""url"": ""https://Monumentaltrees.com"", ""source_type"": ""STATEMENT_TEXT_URL""}, {""url"": ""https://Monumentaltrees.com"", ""source_type"": ""XML_EXT_LINK_HREF""}, {""url"": ""https://chelsa-climate.org/"", ""source_type"": ""STATEMENT_TEXT_URL""}, {""url"": ""https://chelsa-climate.org/"", ""source_type"": ""XML_EXT_LINK_HREF""}, {""url"": ""https://doi.org/10.5061/dryad.1138"", ""source_type"": ""STATEMENT_DOI_NORMALIZED""}, {""url"": ""https://doi.org/10.6084/m9.figshare.29876984"", ""source_type"": ""STATEMENT_DOI_NORMALIZED""}, {""url"": ""https://figshare.com/articles/dataset/Locoselli_et_al_2020_Global_tree-ring_analysis_reveals_rapid_decrease_in_tropical_tree_longevity_with_temperature_PNAS/13119842?file=25178405"", ""source_type"": ""STATEMENT_TEXT_URL""}, {""url"": ""https://figshare.com/articles/dataset/Locoselli_et_al_2020_Global_tree-ring_analysis_reveals_rapid_decrease_in_tropical_tree_longevity_with_temperature_PNAS/13119842?file=25178405"", ""source_type"": ""XML_EXT_LINK_HREF""}, {""url"": ""https://www.conifers.org"", ""source_type"": ""STATEMENT_TEXT_URL""}, {""url"": ""https://www.conifers.org"", ""source_type"": ""XML_EXT_LINK_HREF""}, {""url"": ""https://www.ldeo.columbia.edu/~adk/oldlisteast/"", ""source_type"": ""STATEMENT_TEXT_URL""}, {""url"": ""https://www.ldeo.columbia.edu/~adk/oldlisteast/"", ""source_type"": ""XML_EXT_LINK_HREF""}, {""url"": ""https://www.nature.com/articles/nature02403#Sec15"", ""source_type"": ""STATEMENT_TEXT_URL""}, {""url"": ""https://www.nature.com/articles/nature02403#Sec15"", ""source_type"": ""XML_EXT_LINK_HREF""}, {""url"": ""https://www.ncei.noaa.gov/products/paleoclimatology/tree-ring"", ""source_type"": ""STATEMENT_TEXT_URL""}, {""url"": ""https://www.ncei.noaa.gov/products/paleoclimatology/tree-ring"", ""source_type"": ""XML_EXT_LINK_HREF""}, {""url"": ""https://www.oldgrowth.ca/oldtrees/"", ""source_type"": ""STATEMENT_TEXT_URL""}, {""url"": ""https://www.oldgrowth.ca/oldtrees/"", ""source_type"": ""XML_EXT_LINK_HREF""}, {""url"": ""https://www.try-db.org/TryWeb/dp.php"", ""source_type"": ""STATEMENT_TEXT_URL""}, {""url"": ""https://www.try-db.org/TryWeb/dp.php"", ""source_type"": ""XML_EXT_LINK_HREF""}, {""url"": ""https://www.worldclim.org/data/worldclim21.html"", ""source_type"": ""STATEMENT_TEXT_URL""}, {""url"": ""https://www.worldclim.org/data/worldclim21.html"", ""source_type"": ""XML_EXT_LINK_HREF""}, {""url"": ""https://zenodo.org/record/6637599"", ""source_type"": ""STATEMENT_TEXT_URL""}, {""url"": ""https://zenodo.org/record/6637599"", ""source_type"": ""XML_EXT_LINK_HREF""}, {""url"": ""https://zenodo.org/records/10008994"", ""source_type"": ""STATEMENT_TEXT_URL""}, {""url"": ""https://zenodo.org/records/10008994"", ""source_type"": ""XML_EXT_LINK_HREF""}, {""url"": ""https://zenodo.org/records/13322441"", ""source_type"": ""STATEMENT_TEXT_URL""}, {""url"": ""https://zenodo.org/records/13322441"", ""source_type"": ""XML_EXT_LINK_HREF""}]",[],Declared links only. Extraction is not exhaustive; non-whitelisted bare DOI resources may be omitted. Data format and access conditions were not independently checked; links may refer to processed data or conditional external resources.
Large-scale plant genomic identification and analysis uncover &lt;i&gt;ASMT/COMT&lt;/i&gt; copy number variation driving melatonin dosage balance.,2026,Horticulture research,10.1093/hr/uhaf348,PMC13002329,https://www.ebi.ac.uk/europepmc/webservices/rest/PMC13002329/fullTextXML,HTTP_200_XML_PARSED_DOI_MATCHED,research-article,CC BY,"https://creativecommons.org/licenses/by/4.0/ This is an Open Access article distributed under the terms of the Creative Commons Attribution License ( https://creativecommons.org/licenses/by/4.0/ ), which permits unrestricted reuse, distribution, and reproduction in any medium, provided the original work is properly cited. textmining ccbylicense uri https://creativecommons.org/licenses/by/4.0/",Data availability statement All data supporting the findings of this study is available in the article and the Supplementary information files. All source codes and raw data can be obtained on figshare ( https://doi.org/10.6084/m9.figshare.30315934.v2 or https://figshare.com/articles/dataset/Large-Scale_Plant_Genomic_Identification_and_Analysis_Uncover_i_ASMT_COMT_i_Copy_Number_Variation_Driving_Melatonin_Dosage_Balance/30315934 ).,"[""http://dx.doi.org/10.6084/m9.figshare.30315934.v2"", ""https://doi.org/10.6084/m9.figshare.30315934.v2"", ""https://figshare.com/articles/dataset/Large-Scale_Plant_Genomic_Identification_and_Analysis_Uncover_i_ASMT_COMT_i_Copy_Number_Variation_Driving_Melatonin_Dosage_Balance/30315934""]","[""http://dx.doi.org/10.6084/m9.figshare.30315934.v2"", ""https://doi.org/10.6084/m9.figshare.30315934.v2"", ""https://figshare.com/articles/dataset/Large-Scale_Plant_Genomic_Identification_and_Analysis_Uncover_i_ASMT_COMT_i_Copy_Number_Variation_Driving_Melatonin_Dosage_Balance/30315934""]",DECLARED_LINK_ONLY,NOT_TESTED,NOT_TESTED,175359b495096d5a7754be1781052c696f601509ad97df3cd22ebe74133193c0,fulltext_xml/PMC13002329.xml,2026-09-26T15:24:39.394010+00:00,evolution,"[{""url"": ""http://dx.doi.org/10.6084/m9.figshare.30315934.v2"", ""source_type"": ""XML_EXT_LINK_HREF""}, {""url"": ""https://doi.org/10.6084/m9.figshare.30315934.v2"", ""source_type"": ""STATEMENT_DOI_NORMALIZED""}, {""url"": ""https://doi.org/10.6084/m9.figshare.30315934.v2"", ""source_type"": ""STATEMENT_TEXT_URL""}, {""url"": ""https://figshare.com/articles/dataset/Large-Scale_Plant_Genomic_Identification_and_Analysis_Uncover_i_ASMT_COMT_i_Copy_Number_Variation_Driving_Melatonin_Dosage_Balance/30315934"", ""source_type"": ""STATEMENT_TEXT_URL""}, {""url"": ""https://figshare.com/articles/dataset/Large-Scale_Plant_Genomic_Identification_and_Analysis_Uncover_i_ASMT_COMT_i_Copy_Number_Variation_Driving_Melatonin_Dosage_Balance/30315934"", ""source_type"": ""XML_EXT_LINK_HREF""}]",[],Declared links only. Extraction is not exhaustive; non-whitelisted bare DOI resources may be omitted. Data format and access conditions were not independently checked; links may refer to processed data or conditional external resources.
Evaluating the feasibility of automating dataset retrieval for biodiversity monitoring.,2025,PeerJ,10.7717/peerj.18853,PMC11786708,https://www.ebi.ac.uk/europepmc/webservices/rest/PMC11786708/fullTextXML,HTTP_200_XML_PARSED_DOI_MATCHED,research-article,CC BY,"https://creativecommons.org/licenses/by/4.0/ This is an open access article distributed under the terms of the Creative Commons Attribution License , which permits unrestricted use, distribution, reproduction and adaptation in any medium and for any purpose provided that it is properly attributed. For attribution, the original author(s), title, publication source (PeerJ) and either DOI or URL of the article must be cited. textmining ccbylicense uri https://creativecommons.org/licenses/by/4.0/","Data Availability The following information was supplied regarding data availability: The data and script are available at GitHub and Zenodo: - https://github.com/Alex-Fuster/automated_datset_retrieval.git . - Fuster-Calvo, A., Valentin, S., C Tamayo, W., & Gravel, D. (2024). Evaluating the feasibility of automating dataset retrieval for biodiversity monitoring. https://doi.org/10.5281/zenodo.13881796 .","[""https://doi.org/10.5281/zenodo.13881796"", ""https://github.com/Alex-Fuster/automated_datset_retrieval.git""]","[""https://doi.org/10.5281/zenodo.13881796""]",DECLARED_LINK_ONLY,NOT_TESTED,NOT_TESTED,c15410fe581c94db57991c6a9f91c88697078ae0a34800a7c1ba924883ff84dd,fulltext_xml/PMC11786708.xml,2026-09-26T15:24:55.766321+00:00,ecology,"[{""url"": ""https://doi.org/10.5281/zenodo.13881796"", ""source_type"": ""STATEMENT_DOI_NORMALIZED""}, {""url"": ""https://doi.org/10.5281/zenodo.13881796"", ""source_type"": ""STATEMENT_TEXT_URL""}, {""url"": ""https://github.com/Alex-Fuster/automated_datset_retrieval.git"", ""source_type"": ""STATEMENT_TEXT_URL""}]",[],Declared links only. Extraction is not exhaustive; non-whitelisted bare DOI resources may be omitted. Data format and access conditions were not independently checked; links may refer to processed data or conditional external resources.
N2 sleep promotes the occurrence of 'aha' moments in a perceptual insight task.,2025,PLoS biology,10.1371/journal.pbio.3003185,PMC12200826,https://www.ebi.ac.uk/europepmc/webservices/rest/PMC12200826/fullTextXML,HTTP_200_XML_PARSED_DOI_MATCHED,research-article,CC BY,"https://creativecommons.org/licenses/by/4.0/ This is an open access article distributed under the terms of the Creative Commons Attribution License , which permits unrestricted use, distribution, and reproduction in any medium, provided the original author and source are credited. textmining ccbylicense uri https://creativecommons.org/licenses/by/4.0/",Data Availability Behavioral data is publicly available here on figshare: https://doi.org/10.6084/m9.figshare.28806383 . EEG data is also available on Figshare: https://doi.org/10.6084/m9.figshare.28805639 . All analysis code is publicly available here https://github.com/maritp/sleepsight and linked to the following DOI: https://doi.org/10.5281/zenodo.15299273 . The preregistration can be found here: https://osf.io/z5rxg .,"[""https://doi.org/10.5281/zenodo.15299273"", ""https://doi.org/10.6084/m9.figshare.28805639"", ""https://doi.org/10.6084/m9.figshare.28806383"", ""https://github.com/maritp/sleepsight"", ""https://osf.io/z5rxg""]","[""https://doi.org/10.5281/zenodo.15299273"", ""https://doi.org/10.6084/m9.figshare.28805639"", ""https://doi.org/10.6084/m9.figshare.28806383"", ""https://osf.io/z5rxg""]",DECLARED_LINK_ONLY,NOT_TESTED,NOT_TESTED,9c1d6182f174655c9162019bef31fbaa49476004732857f3b0d85747271e2308,fulltext_xml/PMC12200826.xml,2026-09-26T15:25:00.886052+00:00,neuroscience,"[{""url"": ""https://doi.org/10.5281/zenodo.15299273"", ""source_type"": ""STATEMENT_DOI_NORMALIZED""}, {""url"": ""https://doi.org/10.5281/zenodo.15299273"", ""source_type"": ""STATEMENT_TEXT_URL""}, {""url"": ""https://doi.org/10.5281/zenodo.15299273"", ""source_type"": ""XML_EXT_LINK_HREF""}, {""url"": ""https://doi.org/10.6084/m9.figshare.28805639"", ""source_type"": ""STATEMENT_DOI_NORMALIZED""}, {""url"": ""https://doi.org/10.6084/m9.figshare.28805639"", ""source_type"": ""STATEMENT_TEXT_URL""}, {""url"": ""https://doi.org/10.6084/m9.figshare.28805639"", ""source_type"": ""XML_EXT_LINK_HREF""}, {""url"": ""https://doi.org/10.6084/m9.figshare.28806383"", ""source_type"": ""STATEMENT_DOI_NORMALIZED""}, {""url"": ""https://doi.org/10.6084/m9.figshare.28806383"", ""source_type"": ""STATEMENT_TEXT_URL""}, {""url"": ""https://doi.org/10.6084/m9.figshare.28806383"", ""source_type"": ""XML_EXT_LINK_HREF""}, {""url"": ""https://github.com/maritp/sleepsight"", ""source_type"": ""STATEMENT_TEXT_URL""}, {""url"": ""https://github.com/maritp/sleepsight"", ""source_type"": ""XML_EXT_LINK_HREF""}, {""url"": ""https://osf.io/z5rxg"", ""source_type"": ""STATEMENT_TEXT_URL""}, {""url"": ""https://osf.io/z5rxg"", ""source_type"": ""XML_EXT_LINK_HREF""}]",[],Declared links only. Extraction is not exhaustive; non-whitelisted bare DOI resources may be omitted. Data format and access conditions were not independently checked; links may refer to processed data or conditional external resources.
Removing facial features from structural MRI images biases visual quality assessment.,2025,PLoS biology,10.1371/journal.pbio.3003149,PMC12143891,https://www.ebi.ac.uk/europepmc/webservices/rest/PMC12143891/fullTextXML,HTTP_200_XML_PARSED_DOI_MATCHED,research-article,CC BY,"https://creativecommons.org/licenses/by/4.0/ This is an open access article distributed under the terms of the Creative Commons Attribution License , which permits unrestricted use, distribution, and reproduction in any medium, provided the original author and source are credited. textmining ccbylicense uri https://creativecommons.org/licenses/by/4.0/","Data Availability All the new materials relating to this work were shared under suitable open licenses (Apache 2.0 for code and CC-BY for data, unless otherwise specified) before the Stage 2 report submission. The IXI dataset is available at https://brain-development.org/ixi-dataset/ under the Creative Commons CC BY-SA 3.0 license. All the tabular source data—i.e., manual ratings and extracted IQMs,—as well as the outputs of analyses are made available with this manuscript as supplementary data files and under the same license as the manuscript itself. Specifically, files S1 Data and S2 Data contain the source data, files S3 Data , S4 Data , and S5 Data the PCA projections for each of the three corresponding analyses and finally, files S6 Data and onwards contain the analyses’ outputs. The MRIQC reports generated from the IXI dataset and used by the human raters in their assessment have been deposited on FigShare (doi: 10.6084/m9.figshare.28684367 ) under the terms of the CC-BY-SA-4.0 license, as they are derived from the original IXI dataset. The dataset is accessible under version control with DataLad at https://github.com/TheAxonLab/defacing-and-qc-ixi-reports . All the code related to this study is openly shared under the Apache 2.0 license at https://github.com/TheAxonLab/defacing-and-qc-analysis . The specific commit in the Git history of the repository containing the code to produce all the results included in this manuscript was tagged and deposited in Zenodo (doi: 10.5281/zenodo.15103450 ). The presentation used in the training session can be accessed at https://osf.io/d57mb/ , and the training reports are openly shared at https://github.com/TheAxonLab/defacing-and-qc-trainingsession . Should any of the participants’ data be recalled from the original IXI dataset, e.g., after a UK GDPR request, we will accordingly recall the corresponding data derived from the participant’s T1w image.","[""https://brain-development.org/ixi-dataset/"", ""https://doi.org/10.5281/zenodo.15103450"", ""https://doi.org/10.6084/m9.figshare.28684367"", ""https://github.com/TheAxonLab/defacing-and-qc-analysis"", ""https://github.com/TheAxonLab/defacing-and-qc-ixi-reports"", ""https://github.com/TheAxonLab/defacing-and-qc-trainingsession"", ""https://osf.io/d57mb/""]","[""https://doi.org/10.5281/zenodo.15103450"", ""https://doi.org/10.6084/m9.figshare.28684367"", ""https://osf.io/d57mb/""]",DECLARED_LINK_ONLY,NOT_TESTED,NOT_TESTED,9996dc4f021245116ffac3be0b019469ec9fc7b54ae019ea0c11bbd2814311b8,fulltext_xml/PMC12143891.xml,2026-09-26T15:25:12.006496+00:00,psychology,"[{""url"": ""https://brain-development.org/ixi-dataset/"", ""source_type"": ""STATEMENT_TEXT_URL""}, {""url"": ""https://brain-development.org/ixi-dataset/"", ""source_type"": ""XML_EXT_LINK_HREF""}, {""url"": ""https://doi.org/10.5281/zenodo.15103450"", ""source_type"": ""STATEMENT_DOI_NORMALIZED""}, {""url"": ""https://doi.org/10.5281/zenodo.15103450"", ""source_type"": ""XML_EXT_LINK_HREF""}, {""url"": ""https://doi.org/10.6084/m9.figshare.28684367"", ""source_type"": ""STATEMENT_DOI_NORMALIZED""}, {""url"": ""https://doi.org/10.6084/m9.figshare.28684367"", ""source_type"": ""XML_EXT_LINK_HREF""}, {""url"": ""https://github.com/TheAxonLab/defacing-and-qc-analysis"", ""source_type"": ""STATEMENT_TEXT_URL""}, {""url"": ""https://github.com/TheAxonLab/defacing-and-qc-analysis"", ""source_type"": ""XML_EXT_LINK_HREF""}, {""url"": ""https://github.com/TheAxonLab/defacing-and-qc-ixi-reports"", ""source_type"": ""STATEMENT_TEXT_URL""}, {""url"": ""https://github.com/TheAxonLab/defacing-and-qc-ixi-reports"", ""source_type"": ""XML_EXT_LINK_HREF""}, {""url"": ""https://github.com/TheAxonLab/defacing-and-qc-trainingsession"", ""source_type"": ""STATEMENT_TEXT_URL""}, {""url"": ""https://github.com/TheAxonLab/defacing-and-qc-trainingsession"", ""source_type"": ""XML_EXT_LINK_HREF""}, {""url"": ""https://osf.io/d57mb/"", ""source_type"": ""STATEMENT_TEXT_URL""}, {""url"": ""https://osf.io/d57mb/"", ""source_type"": ""XML_EXT_LINK_HREF""}]",[],Declared links only. Extraction is not exhaustive; non-whitelisted bare DOI resources may be omitted. Data format and access conditions were not independently checked; links may refer to processed data or conditional external resources.
A colorful legacy of hybridization in wood-warblers includes frequent sharing of carotenoid genes among species and genera.,2025,PLoS biology,10.1371/journal.pbio.3003501,PMC12698001,https://www.ebi.ac.uk/europepmc/webservices/rest/PMC12698001/fullTextXML,HTTP_200_XML_PARSED_DOI_MATCHED,research-article,CC BY,"https://creativecommons.org/licenses/by/4.0/ This is an open access article distributed under the terms of the Creative Commons Attribution License , which permits unrestricted use, distribution, and reproduction in any medium, provided the original author and source are credited. textmining ccbylicense uri https://creativecommons.org/licenses/by/4.0/",Data Availability Raw sequencing reads for all samples used in this study are available at NCBI BioProject PRJNA630247. All data and code necessary to reproduce the results are available on the Dryad data repository at https://doi.org/10.5061/dryad.1zcrjdg3v .,"[""https://doi.org/10.5061/dryad.1zcrjdg3v""]","[""https://doi.org/10.5061/dryad.1zcrjdg3v""]",DECLARED_LINK_ONLY,NOT_TESTED,NOT_TESTED,f48cc0b78d820da13ff70283be78ebbe948b53a504ead391fbc6540a6e1176fd,fulltext_xml/PMC12698001.xml,2026-09-26T15:25:17.640075+00:00,genomics,"[{""url"": ""https://doi.org/10.5061/dryad.1zcrjdg3v"", ""source_type"": ""STATEMENT_DOI_NORMALIZED""}, {""url"": ""https://doi.org/10.5061/dryad.1zcrjdg3v"", ""source_type"": ""STATEMENT_TEXT_URL""}, {""url"": ""https://doi.org/10.5061/dryad.1zcrjdg3v"", ""source_type"": ""XML_EXT_LINK_HREF""}]",[],Declared links only. Extraction is not exhaustive; non-whitelisted bare DOI resources may be omitted. Data format and access conditions were not independently checked; links may refer to processed data or conditional external resources.
Workplace Gaslighting: Implications for Employees' Mental Health and Work Life in Greece.,2025,"Healthcare (Basel, Switzerland)",10.3390/healthcare13243255,PMC12733234,https://www.ebi.ac.uk/europepmc/webservices/rest/PMC12733234/fullTextXML,HTTP_200_XML_PARSED_DOI_MATCHED,research-article,CC BY,"https://creativecommons.org/licenses/by/4.0/ Licensee MDPI, Basel, Switzerland. This article is an open access article distributed under the terms and conditions of the Creative Commons Attribution (CC BY) license ( https://creativecommons.org/licenses/by/4.0/ ). textmining ccbylicense uri https://creativecommons.org/licenses/by/4.0/",Data Availability Statement The data used in this study are openly available in Figshare at https://doi.org/10.6084/m9.figshare.29094980.v1 (accessed on 10 October 2025).,"[""https://doi.org/10.6084/m9.figshare.29094980.v1""]","[""https://doi.org/10.6084/m9.figshare.29094980.v1""]",DECLARED_LINK_ONLY,NOT_TESTED,NOT_TESTED,7f6e2680e5279e085f2112baaea5b67ed2cd8b72dc15c7e268eead1d66f4be85,fulltext_xml/PMC12733234.xml,2026-09-26T15:25:29.742115+00:00,public_health,"[{""url"": ""https://doi.org/10.6084/m9.figshare.29094980.v1"", ""source_type"": ""STATEMENT_DOI_NORMALIZED""}, {""url"": ""https://doi.org/10.6084/m9.figshare.29094980.v1"", ""source_type"": ""STATEMENT_TEXT_URL""}]",[],Declared links only. Extraction is not exhaustive; non-whitelisted bare DOI resources may be omitted. Data format and access conditions were not independently checked; links may refer to processed data or conditional external resources.
Data accessibility in the chemical sciences: an analysis of recent practice in organic chemistry journals.,2025,Beilstein journal of organic chemistry,10.3762/bjoc.21.70,PMC12051459,https://www.ebi.ac.uk/europepmc/webservices/rest/PMC12051459/fullTextXML,HTTP_200_XML_PARSED_DOI_MATCHED,research-article,CC BY,"https://creativecommons.org/licenses/by/4.0/ This is an open access article licensed under the terms of the Beilstein-Institut Open Access License Agreement ( https://www.beilstein-journals.org/bjoc/terms/terms ), which is identical to the Creative Commons Attribution 4.0 International License ( https://creativecommons.org/licenses/by/4.0 ). The reuse of material under this license requires that the author(s), source and license are credited. Third-party material in this article could be subject to other licenses (typically indicated in the credit line), and in this case, users are required to obtain permission from the license holder to reuse the material. textmining ccbylicense uri https://www.beilstein-journals.org/bjoc/terms/terms uri https://creativecommons.org/licenses/by/4.0/","Do authors engage with recommendations for ‘all data’ deposition in open repositories and are these data accessible and curated? Engagement with journal recommendations for repository deposition of data was overwhelmingly poor. Excluding the publisher-led deposition of SI files to Figshare [ 39 ] associated with ACS journals, the authors of only 4 articles (<2%) shared data in a public repository – of which none are subject specific. Reasonable curation and accessibility of these datasets is in place. Of note, is the distinction between best practice in data sharing of crystallographic cf. other data types in organic chemistry. An established culture of data sharing in crystallography has developed from establishment of a centralized repository and the CIF common standard, adopted in 1990 [ 49 ]. Requirements for the production and sharing of crystallography data are clear and consistent, and researchers are often supported by staff in crystallography services, where the data are curated and provided to researchers in appropriate formats for sharing, and in many cases the crystallographers also do the work of obtaining a checkCIF report and submitting the data to CCDC. The researcher need only supply Accession numbers on publication. For other data types, researchers are on their own. We return to our earlier point that, following the example of crystallography, a ‘FAIR sharing’ culture for other data types requires standard formats and centralized repositories. Support for researchers to reduce the burden of curation would encourage best practice, and we foresee a change in the culture and funding of analytical services, to involve data curation by NMR and mass spectrometry services that are typically staffed and embedded as distinct units within chemistry departments, to mirror the practice of crystallography services.
Data Availability Data generated and analyzed during this study are openly available in Zenodo at: https://zenodo.org/records/13928084 (directs to the version at time of submission). Cite: Bloodworth, S.; Willoughby, C. & Coles, S. J. (2024). Data accessibility in the chemical sciences: an analysis of recent practice in organic chemistry journals (2.0) [Data set]. Zenodo. https://doi.org/10.5281/zenodo.11068278 . The data package contents are described in the associated README file and the Supporting Information PDF. The data is licensed under CC BY 4.0.","[""https://doi.org/10.5281/zenodo.11068278"", ""https://zenodo.org/records/13928084""]","[""https://doi.org/10.5281/zenodo.11068278"", ""https://zenodo.org/records/13928084""]",DECLARED_LINK_ONLY,NOT_TESTED,NOT_TESTED,1968c48dbf86bbdbd990bea8713eabc4be1499288ea060ce0a3ccc177bec99ab,fulltext_xml/PMC12051459.xml,2026-09-26T15:25:36.745781+00:00,computational,"[{""url"": ""https://doi.org/10.5281/zenodo.11068278"", ""source_type"": ""STATEMENT_DOI_NORMALIZED""}, {""url"": ""https://doi.org/10.5281/zenodo.11068278"", ""source_type"": ""STATEMENT_TEXT_URL""}, {""url"": ""https://doi.org/10.5281/zenodo.11068278"", ""source_type"": ""XML_EXT_LINK_HREF""}, {""url"": ""https://zenodo.org/records/13928084"", ""source_type"": ""STATEMENT_TEXT_URL""}, {""url"": ""https://zenodo.org/records/13928084"", ""source_type"": ""XML_EXT_LINK_HREF""}]",[],Declared links only. Extraction is not exhaustive; non-whitelisted bare DOI resources may be omitted. Data format and access conditions were not independently checked; links may refer to processed data or conditional external resources.
Phenology-informed decline risk of estuarine fishes and their prey suggests potential for future trophic mismatches.,2025,Ecological applications : a publication of the Ecological Society of America,10.1002/eap.70130,PMC12602011,https://www.ebi.ac.uk/europepmc/webservices/rest/PMC12602011/fullTextXML,HTTP_200_XML_PARSED_DOI_MATCHED,research-article,CC BY,"https://creativecommons.org/licenses/by/4.0/ This is an open access article under the terms of the http://creativecommons.org/licenses/by/4.0/ License, which permits use, distribution and reproduction in any medium, provided the original work is properly cited. textmining ccbylicense uri https://creativecommons.org/licenses/by/4.0/","DATA AVAILABILITY STATEMENT Data and metadata (Fournier et al., 2025a ) are available in Dryad at https://doi.org/10.5061/dryad.4j0zpc8nd . Code (Fournier et al., 2025b ) is available in Zenodo at https://doi.org/10.5281/zenodo.13800013 . Raw abundance time series data (CDFW Bay Study and IEP Environmental Monitoring Program Zooplankton Study) were accessed via the California Department of Fish and Wildlife and California Department of Water Resources. For additional exploration and visualization of the results, see the companion app “Fish‐Zooplankton Risk Explorer” at https://baydelta.shinyapps.io/Fish‐Zooplankton‐Risk‐Explorer/ .","[""https://baydelta.shinyapps.io/Fish-Zooplankton-Risk-Explorer/"", ""https://baydelta.shinyapps.io/Fish‐Zooplankton‐Risk‐Explorer/"", ""https://doi.org/10.5061/dryad.4j0zpc8nd"", ""https://doi.org/10.5281/zenodo.13800013""]","[""https://doi.org/10.5061/dryad.4j0zpc8nd"", ""https://doi.org/10.5281/zenodo.13800013""]",DECLARED_LINK_ONLY,NOT_TESTED,NOT_TESTED,9b6bb944ce05ad1febaad52a5b84e7b5a196b00312e707b08b0376fca2b5c90d,fulltext_xml/PMC12602011.xml,2026-09-26T15:25:49.771153+00:00,environment,"[{""url"": ""https://baydelta.shinyapps.io/Fish-Zooplankton-Risk-Explorer/"", ""source_type"": ""XML_EXT_LINK_HREF""}, {""url"": ""https://baydelta.shinyapps.io/Fish‐Zooplankton‐Risk‐Explorer/"", ""source_type"": ""STATEMENT_TEXT_URL""}, {""url"": ""https://doi.org/10.5061/dryad.4j0zpc8nd"", ""source_type"": ""STATEMENT_DOI_NORMALIZED""}, {""url"": ""https://doi.org/10.5061/dryad.4j0zpc8nd"", ""source_type"": ""STATEMENT_TEXT_URL""}, {""url"": ""https://doi.org/10.5061/dryad.4j0zpc8nd"", ""source_type"": ""XML_EXT_LINK_HREF""}, {""url"": ""https://doi.org/10.5281/zenodo.13800013"", ""source_type"": ""STATEMENT_DOI_NORMALIZED""}, {""url"": ""https://doi.org/10.5281/zenodo.13800013"", ""source_type"": ""STATEMENT_TEXT_URL""}, {""url"": ""https://doi.org/10.5281/zenodo.13800013"", ""source_type"": ""XML_EXT_LINK_HREF""}]",[],Declared links only. Extraction is not exhaustive; non-whitelisted bare DOI resources may be omitted. Data format and access conditions were not independently checked; links may refer to processed data or conditional external resources.
"Rethinking large-scale phylogenomics with EukPhylo v.1.0, a flexible toolkit to enable phylogeny-informed data curation and analyses of diverse eukaryotic lineages.",2025,mBio,10.1128/mbio.01770-25,PMC12506077,https://www.ebi.ac.uk/europepmc/webservices/rest/PMC12506077/fullTextXML,HTTP_200_XML_PARSED_DOI_MATCHED,research-article,CC BY,This is an open-access article distributed under the terms of the Creative Commons Attribution 4.0 International license . https://creativecommons.org/licenses/by/4.0/ uri,"DATA AVAILABILITY The main EukPhylo pipeline and accompanying scripts, including all scripts used for this study, are available on GitHub ( https://github.com/Katzlab/EukPhylo ) and Zenodo (DOI: 10.5281/zenodo.13323372 ). All results and outputs generated by this study, including Tables S1 to S15 and Files S1 to S10 listed in the article, are available on Figshare ( https://figshare.com/projects/EukPhylo_Supplemental_Files/196552 ).
Data Availability Statement The main EukPhylo pipeline and accompanying scripts, including all scripts used for this study, are available on GitHub ( https://github.com/Katzlab/EukPhylo ) and Zenodo (DOI: 10.5281/zenodo.13323372 ). All results and outputs generated by this study, including Tables S1 to S15 and Files S1 to S10 listed in the article, are available on Figshare ( https://figshare.com/projects/EukPhylo_Supplemental_Files/196552 ).","[""https://doi.org/10.5281/zenodo.13323372"", ""https://figshare.com/projects/EukPhylo_Supplemental_Files/196552"", ""https://github.com/Katzlab/EukPhylo"", ""https://github.com/Katzlab/PhyloToL-6"", ""https://zenodo.org/records/13323372""]","[""https://doi.org/10.5281/zenodo.13323372"", ""https://figshare.com/projects/EukPhylo_Supplemental_Files/196552"", ""https://zenodo.org/records/13323372""]",DECLARED_LINK_ONLY,NOT_TESTED,NOT_TESTED,3559cb6074002a21e656620d754c1b66671c58a6229e7d7a9b4229cc3c20ceb3,fulltext_xml/PMC12506077.xml,2026-09-26T15:25:52.269201+00:00,evolution,"[{""url"": ""https://doi.org/10.5281/zenodo.13323372"", ""source_type"": ""STATEMENT_DOI_NORMALIZED""}, {""url"": ""https://figshare.com/projects/EukPhylo_Supplemental_Files/196552"", ""source_type"": ""STATEMENT_TEXT_URL""}, {""url"": ""https://figshare.com/projects/EukPhylo_Supplemental_Files/196552"", ""source_type"": ""XML_EXT_LINK_HREF""}, {""url"": ""https://github.com/Katzlab/EukPhylo"", ""source_type"": ""STATEMENT_TEXT_URL""}, {""url"": ""https://github.com/Katzlab/PhyloToL-6"", ""source_type"": ""XML_EXT_LINK_HREF""}, {""url"": ""https://zenodo.org/records/13323372"", ""source_type"": ""XML_EXT_LINK_HREF""}]",[],Declared links only. Extraction is not exhaustive; non-whitelisted bare DOI resources may be omitted. Data format and access conditions were not independently checked; links may refer to processed data or conditional external resources.
Life history induces markedly divergent insect responses to habitat loss.,2026,The Journal of animal ecology,10.1111/1365-2656.70117,PMC12775549,https://www.ebi.ac.uk/europepmc/webservices/rest/PMC12775549/fullTextXML,HTTP_200_XML_PARSED_DOI_MATCHED,research-article,CC BY,"This is an open access article under the terms of the http://creativecommons.org/licenses/by/4.0/ License, which permits use, distribution and reproduction in any medium, provided the original work is properly cited. https://creativecommons.org/licenses/by/4.0/ uri","DATA AVAILABILITY STATEMENT Processed data available from the Zenodo repository ( https://doi.org/10.5281/zenodo.15238078 ; Colares, 2025c ). We also provide the raw images of the sticky traps ( https://doi.org/10.6084/m9.figshare.23823591 ; Colares, 2025d ), the fivefold dataset with insect images used for deep learning training ( https://doi.org/10.6084/m9.figshare.28688198 ; Colares, 2025a ) and the five trained models to conduct inference on insect taxonomy using deep learning ( https://doi.org/10.6084/m9.figshare.28820993 ; Colares, 2025b ).
Data Availability Statement Processed data available from the Zenodo repository ( https://doi.org/10.5281/zenodo.15238078 ; Colares, 2025c ). We also provide the raw images of the sticky traps ( https://doi.org/10.6084/m9.figshare.23823591 ; Colares, 2025d ), the fivefold dataset with insect images used for deep learning training ( https://doi.org/10.6084/m9.figshare.28688198 ; Colares, 2025a ) and the five trained models to conduct inference on insect taxonomy using deep learning ( https://doi.org/10.6084/m9.figshare.28820993 ; Colares, 2025b ).","[""https://doi.org/10.5281/zenodo.15238078"", ""https://doi.org/10.6084/m9.figshare.23823591"", ""https://doi.org/10.6084/m9.figshare.28688198"", ""https://doi.org/10.6084/m9.figshare.28820993""]","[""https://doi.org/10.5281/zenodo.15238078"", ""https://doi.org/10.6084/m9.figshare.23823591"", ""https://doi.org/10.6084/m9.figshare.28688198"", ""https://doi.org/10.6084/m9.figshare.28820993""]",DECLARED_LINK_ONLY,NOT_TESTED,NOT_TESTED,74c73e282e12db20d88e1e0a437f70efe2d7da5440bb31e4b6150fa9f8c1d4ff,fulltext_xml/PMC12775549.xml,2026-09-26T15:25:56.636548+00:00,ecology,"[{""url"": ""https://doi.org/10.5281/zenodo.15238078"", ""source_type"": ""STATEMENT_DOI_NORMALIZED""}, {""url"": ""https://doi.org/10.5281/zenodo.15238078"", ""source_type"": ""STATEMENT_TEXT_URL""}, {""url"": ""https://doi.org/10.5281/zenodo.15238078"", ""source_type"": ""XML_EXT_LINK_HREF""}, {""url"": ""https://doi.org/10.6084/m9.figshare.23823591"", ""source_type"": ""STATEMENT_DOI_NORMALIZED""}, {""url"": ""https://doi.org/10.6084/m9.figshare.23823591"", ""source_type"": ""STATEMENT_TEXT_URL""}, {""url"": ""https://doi.org/10.6084/m9.figshare.23823591"", ""source_type"": ""XML_EXT_LINK_HREF""}, {""url"": ""https://doi.org/10.6084/m9.figshare.28688198"", ""source_type"": ""STATEMENT_DOI_NORMALIZED""}, {""url"": ""https://doi.org/10.6084/m9.figshare.28688198"", ""source_type"": ""STATEMENT_TEXT_URL""}, {""url"": ""https://doi.org/10.6084/m9.figshare.28688198"", ""source_type"": ""XML_EXT_LINK_HREF""}, {""url"": ""https://doi.org/10.6084/m9.figshare.28820993"", ""source_type"": ""STATEMENT_DOI_NORMALIZED""}, {""url"": ""https://doi.org/10.6084/m9.figshare.28820993"", ""source_type"": ""STATEMENT_TEXT_URL""}, {""url"": ""https://doi.org/10.6084/m9.figshare.28820993"", ""source_type"": ""XML_EXT_LINK_HREF""}]",[],Declared links only. Extraction is not exhaustive; non-whitelisted bare DOI resources may be omitted. Data format and access conditions were not independently checked; links may refer to processed data or conditional external resources.
CHCHD2 mutant mice link mitochondrial deficits to PD pathophysiology.,2025,Science advances,10.1126/sciadv.adu0726,PMC12617525,https://www.ebi.ac.uk/europepmc/webservices/rest/PMC12617525/fullTextXML,HTTP_200_XML_PARSED_DOI_MATCHED,research-article,CC BY,"This is an open-access article distributed under the terms of the Creative Commons Attribution license , which permits unrestricted use, distribution, and reproduction in any medium, provided the original work is properly cited. https://creativecommons.org/licenses/by/4.0/ uri","Data Availability Statement All data needed to evaluate the conclusions in the paper are present in the paper and/or the Supplementary Materials. Data in tabular form are available at Zenodo (DOI: 10.5281/zenodo.17307694 ), where a comprehensive key resources table including information on all reagents, dataset, protocols, software, and scripts is also available. CellProfiler analysis files are available at Zenodo (DOI: 10.5281/zenodo.17307694 ). Raw proteomics data are available at MassIVE repository with the accession code MSV000097319 and processed proteomics data are available at Zenodo (DOI: 10.5281/zenodo.17307404 ). Original uncropped immunoblot images are publicly available on Figshare ( https://doi.org/10.6084/m9.figshare.30005302 ). The mouse spatial transcriptomics data discussed in this publication have been deposited in NCBI’s Gene Expression Omnibus and are accessible through GEO Series accession number GSE309202 . Human spatial transcriptomics data are available at Zenodo (DOI: 10.5281/zenodo.13626106 ).","[""http://dx.doi.org/10.5281/zenodo.13626106"", ""http://dx.doi.org/10.5281/zenodo.17307404"", ""http://dx.doi.org/10.5281/zenodo.17307694"", ""https://doi.org/10.5281/zenodo.13626106"", ""https://doi.org/10.5281/zenodo.17307404"", ""https://doi.org/10.5281/zenodo.17307694"", ""https://doi.org/10.6084/m9.figshare.30005302"", ""https://www.ncbi.nlm.nih.gov/geo/query/acc.cgi?acc=GSE309202""]","[""http://dx.doi.org/10.5281/zenodo.13626106"", ""http://dx.doi.org/10.5281/zenodo.17307404"", ""http://dx.doi.org/10.5281/zenodo.17307694"", ""https://doi.org/10.5281/zenodo.13626106"", ""https://doi.org/10.5281/zenodo.17307404"", ""https://doi.org/10.5281/zenodo.17307694"", ""https://doi.org/10.6084/m9.figshare.30005302""]",DECLARED_LINK_ONLY,NOT_TESTED,NOT_TESTED,5d34c0d2268cf76a083959dc3d699dbc7440e5c0de7773b0c763b0320101c179,fulltext_xml/PMC12617525.xml,2026-09-26T15:26:00.548804+00:00,neuroscience,"[{""url"": ""http://dx.doi.org/10.5281/zenodo.13626106"", ""source_type"": ""XML_EXT_LINK_HREF""}, {""url"": ""http://dx.doi.org/10.5281/zenodo.17307404"", ""source_type"": ""XML_EXT_LINK_HREF""}, {""url"": ""http://dx.doi.org/10.5281/zenodo.17307694"", ""source_type"": ""XML_EXT_LINK_HREF""}, {""url"": ""https://doi.org/10.5281/zenodo.13626106"", ""source_type"": ""STATEMENT_DOI_NORMALIZED""}, {""url"": ""https://doi.org/10.5281/zenodo.17307404"", ""source_type"": ""STATEMENT_DOI_NORMALIZED""}, {""url"": ""https://doi.org/10.5281/zenodo.17307694"", ""source_type"": ""STATEMENT_DOI_NORMALIZED""}, {""url"": ""https://doi.org/10.6084/m9.figshare.30005302"", ""source_type"": ""STATEMENT_DOI_NORMALIZED""}, {""url"": ""https://doi.org/10.6084/m9.figshare.30005302"", ""source_type"": ""STATEMENT_TEXT_URL""}, {""url"": ""https://doi.org/10.6084/m9.figshare.30005302"", ""source_type"": ""XML_EXT_LINK_HREF""}, {""url"": ""https://www.ncbi.nlm.nih.gov/geo/query/acc.cgi?acc=GSE309202"", ""source_type"": ""XML_EXT_LINK_HREF""}]",[],Declared links only. Extraction is not exhaustive; non-whitelisted bare DOI resources may be omitted. Data format and access conditions were not independently checked; links may refer to processed data or conditional external resources.
"Standardized effect sizes are far from ""Standardized"": A primer and empirical illustration in depression psychotherapy meta-analyses.",2025,PLOS mental health,10.1371/journal.pmen.0000347,PMC12798590,https://www.ebi.ac.uk/europepmc/webservices/rest/PMC12798590/fullTextXML,HTTP_200_XML_PARSED_DOI_MATCHED,research-article,CC BY,"https://creativecommons.org/licenses/by/4.0/ This is an open access article distributed under the terms of the Creative Commons Attribution License , which permits unrestricted use, distribution, and reproduction in any medium, provided the original author and source are credited. textmining ccbylicense uri https://creativecommons.org/licenses/by/4.0/",Data Availability All code used for the analyses is openly available on Zenodo ( https://doi.org/10.5281/zenodo.10694719 ).,"[""https://doi.org/10.5281/zenodo.10694719""]","[""https://doi.org/10.5281/zenodo.10694719""]",DECLARED_LINK_ONLY,NOT_TESTED,NOT_TESTED,36bd81bf0e31e0cbd94f5bb579711b0f8cf90931df8a3a57ffde87cb0c45c00b,fulltext_xml/PMC12798590.xml,2026-09-26T15:26:04.468601+00:00,psychology,"[{""url"": ""https://doi.org/10.5281/zenodo.10694719"", ""source_type"": ""STATEMENT_DOI_NORMALIZED""}, {""url"": ""https://doi.org/10.5281/zenodo.10694719"", ""source_type"": ""STATEMENT_TEXT_URL""}, {""url"": ""https://doi.org/10.5281/zenodo.10694719"", ""source_type"": ""XML_EXT_LINK_HREF""}]",[],Declared links only. Extraction is not exhaustive; non-whitelisted bare DOI resources may be omitted. Data format and access conditions were not independently checked; links may refer to processed data or conditional external resources.
A Prelude to Conservation Genomics: First Chromosome-Level Genome Assembly of a Flying Squirrel (Pteromyini: &lt;i&gt;Pteromys volans&lt;/i&gt;).,2025,Ecology and evolution,10.1002/ece3.71905,PMC12400938,https://www.ebi.ac.uk/europepmc/webservices/rest/PMC12400938/fullTextXML,HTTP_200_XML_PARSED_DOI_MATCHED,research-article,CC BY,"This is an open access article under the terms of the http://creativecommons.org/licenses/by/4.0/ License, which permits use, distribution and reproduction in any medium, provided the original work is properly cited. https://creativecommons.org/licenses/by/4.0/ uri",Data Availability Statement All underlying read data and the assembly are available at NCBI GenBank under BioProject PRJNA1141127. The hard‐masked genome assembly and gene annotations are available at Dryad ( https://doi.org/10.5061/dryad.3xsj3txth ). More detailed results are available in the Supporting Information .,"[""https://doi.org/10.5061/dryad.3xsj3txth""]","[""https://doi.org/10.5061/dryad.3xsj3txth""]",DECLARED_LINK_ONLY,NOT_TESTED,NOT_TESTED,73a8d74beae8abf4943a39e4da3fd5b2f16ea9258ead607f57bedbbaa9813df6,fulltext_xml/PMC12400938.xml,2026-09-26T15:26:09.858737+00:00,genomics,"[{""url"": ""https://doi.org/10.5061/dryad.3xsj3txth"", ""source_type"": ""STATEMENT_DOI_NORMALIZED""}, {""url"": ""https://doi.org/10.5061/dryad.3xsj3txth"", ""source_type"": ""STATEMENT_TEXT_URL""}, {""url"": ""https://doi.org/10.5061/dryad.3xsj3txth"", ""source_type"": ""XML_EXT_LINK_HREF""}]",[],Declared links only. Extraction is not exhaustive; non-whitelisted bare DOI resources may be omitted. Data format and access conditions were not independently checked; links may refer to processed data or conditional external resources.
A preliminary assessment of population genetic structure of the common vampire bat (&lt;i&gt;Desmodus rotundus&lt;/i&gt;) in Colombia.,2025,PeerJ,10.7717/peerj.20306,PMC12614099,https://www.ebi.ac.uk/europepmc/webservices/rest/PMC12614099/fullTextXML,HTTP_200_XML_PARSED_DOI_MATCHED,research-article,CC BY,"This is an open access article distributed under the terms of the Creative Commons Attribution License , which permits unrestricted use, distribution, reproduction and adaptation in any medium and for any purpose provided that it is properly attributed. For attribution, the original author(s), title, publication source (PeerJ) and either DOI or URL of the article must be cited. https://creativecommons.org/licenses/by/4.0/ uri","Data Availability The following information was supplied regarding data availability: The data is available in the Supplemental Files . The raw data and code are available at Figshare: - https://figshare.com/projects/Raw_Data_and_Code_for_Assessing_the_effects_of_environmental_variation_on_population_genetic_structure_of_the_common_vampire_bat_in_Colombia_/248969 . - Van de Vuurst, Paige (2025). Sample data and meta data for analyses. figshare. Dataset. https://doi.org/10.6084/m9.figshare.29078804.v1 The data for locus: Dero_B10F_E01R. is available at Figshare: Van de Vuurst, Paige (2025). Raw data for locus: Dero_B10F_E01R. figshare. Dataset. https://doi.org/10.6084/m9.figshare.29078033.v1 The data for locus: Dero_B03F_B03R is available at Figshare: Van de Vuurst, Paige (2025). Raw data for locus: Dero_B03F_B03R. figshare. Dataset. https://doi.org/10.6084/m9.figshare.29077775.v1 The data for locus: Dero_B11F_B11R is available at Figshare: Van de Vuurst, Paige (2025). Raw data for locus: Dero_B11F_B11R. figshare. Dataset. https://doi.org/10.6084/m9.figshare.29078144.v1 The data for locus: Dero_C12F_B02R is available at Figshare: Van de Vuurst, Paige (2025). Raw data for locus: Dero_C12F_B02R. figshare. Dataset. https://doi.org/10.6084/m9.figshare.29078294.v1 The data for locus: Dero_D06F_D06R is available at Figshare: Van de Vuurst, Paige (2025). Raw data for locus: Dero_D06F_D06R. figshare. Dataset. https://doi.org/10.6084/m9.figshare.29078336.v1 The data for ocus: Dero_C07F_A02R F is available at Figshare: Van de Vuurst, Paige (2025). Raw data for locus: Dero_C07F_A02R F. figshare. Dataset. https://doi.org/10.6084/m9.figshare.29078345.v1 The data for locus: Dero_D12F_D12R is available at Figshare: Van de Vuurst, Paige (2025). Raw data for locus: Dero_D12F_D12R. figshare. Dataset. https://doi.org/10.6084/m9.figshare.29078441.v1 The data for locus: Dero_G10F_B03R is available at Figshare: Van de Vuurst, Paige (2025). Raw data for locus: Dero_G10F_B03R. figshare. Dataset. https://doi.org/10.6084/m9.figshare.29078492.v1 The data for locus: Dero_H02F_C03R is available at Figshare: Van de Vuurst, Paige (2025). Raw data for locus: Dero_H02F_C03R. figshare. Dataset. https://doi.org/10.6084/m9.figshare.29078504.v1 The data for locus: Dero_A08F_B01R is available at Figshare: Van de Vuurst, Paige (2025). Raw data for locus: Dero_A08F_B01R. figshare. Dataset. https://doi.org/10.6084/m9.figshare.29078651.v1 The data for locus: Dero_C11F_C11R is available at Figshare: Van de Vuurst, Paige (2025). Raw data for locus: Dero_C11F_C11R. figshare. Dataset. https://doi.org/10.6084/m9.figshare.29078699.v1 The data for locus: Dero_D02F_D02R is available at Figshare: Van de Vuurst, Paige (2025). Raw data for locus: Dero_D02F_D02R. figshare. Dataset. https://doi.org/10.6084/m9.figshare.29078738.v1 The data for Environmental Values at location of capture is available at Figshare: Van de Vuurst, Paige (2025). Environmental Values at location of capture for D. rotundus ] in Colombia. figshare. Dataset. https://doi.org/10.6084/m9.figshare.29583239.v1 The sample data and meta data for analyses is available at Figshare: Van de Vuurst, Paige (2025). Sample data and meta data for analyses. figshare. Dataset. https://doi.org/10.6084/m9.figshare.29078804.v1 The code for Population Genetics Assessments is available at Figshare: Van de Vuurst, Paige (2025). Code for Population Genetics Assessments. figshare. Online resource. https://doi.org/10.6084/m9.figshare.29077340.v1 .
Data Availability Statement The following information was supplied regarding data availability: The data is available in the Supplemental Files . The raw data and code are available at Figshare: - https://figshare.com/projects/Raw_Data_and_Code_for_Assessing_the_effects_of_environmental_variation_on_population_genetic_structure_of_the_common_vampire_bat_in_Colombia_/248969 . - Van de Vuurst, Paige (2025). Sample data and meta data for analyses. figshare. Dataset. https://doi.org/10.6084/m9.figshare.29078804.v1 The data for locus: Dero_B10F_E01R. is available at Figshare: Van de Vuurst, Paige (2025). Raw data for locus: Dero_B10F_E01R. figshare. Dataset. https://doi.org/10.6084/m9.figshare.29078033.v1 The data for locus: Dero_B03F_B03R is available at Figshare: Van de Vuurst, Paige (2025). Raw data for locus: Dero_B03F_B03R. figshare. Dataset. https://doi.org/10.6084/m9.figshare.29077775.v1 The data for locus: Dero_B11F_B11R is available at Figshare: Van de Vuurst, Paige (2025). Raw data for locus: Dero_B11F_B11R. figshare. Dataset. https://doi.org/10.6084/m9.figshare.29078144.v1 The data for locus: Dero_C12F_B02R is available at Figshare: Van de Vuurst, Paige (2025). Raw data for locus: Dero_C12F_B02R. figshare. Dataset. https://doi.org/10.6084/m9.figshare.29078294.v1 The data for locus: Dero_D06F_D06R is available at Figshare: Van de Vuurst, Paige (2025). Raw data for locus: Dero_D06F_D06R. figshare. Dataset. https://doi.org/10.6084/m9.figshare.29078336.v1 The data for ocus: Dero_C07F_A02R F is available at Figshare: Van de Vuurst, Paige (2025). Raw data for locus: Dero_C07F_A02R F. figshare. Dataset. https://doi.org/10.6084/m9.figshare.29078345.v1 The data for locus: Dero_D12F_D12R is available at Figshare: Van de Vuurst, Paige (2025). Raw data for locus: Dero_D12F_D12R. figshare. Dataset. https://doi.org/10.6084/m9.figshare.29078441.v1 The data for locus: Dero_G10F_B03R is available at Figshare: Van de Vuurst, Paige (2025). Raw data for locus: Dero_G10F_B03R. figshare. Dataset. https://doi.org/10.6084/m9.figshare.29078492.v1 The data for locus: Dero_H02F_C03R is available at Figshare: Van de Vuurst, Paige (2025). Raw data for locus: Dero_H02F_C03R. figshare. Dataset. https://doi.org/10.6084/m9.figshare.29078504.v1 The data for locus: Dero_A08F_B01R is available at Figshare: Van de Vuurst, Paige (2025). Raw data for locus: Dero_A08F_B01R. figshare. Dataset. https://doi.org/10.6084/m9.figshare.29078651.v1 The data for locus: Dero_C11F_C11R is available at Figshare: Van de Vuurst, Paige (2025). Raw data for locus: Dero_C11F_C11R. figshare. Dataset. https://doi.org/10.6084/m9.figshare.29078699.v1 The data for locus: Dero_D02F_D02R is available at Figshare: Van de Vuurst, Paige (2025). Raw data for locus: Dero_D02F_D02R. figshare. Dataset. https://doi.org/10.6084/m9.figshare.29078738.v1 The data for Environmental Values at location of capture is available at Figshare: Van de Vuurst, Paige (2025). Environmental Values at location of capture for D. rotundus ] in Colombia. figshare. Dataset. https://doi.org/10.6084/m9.figshare.29583239.v1 The sample data and meta data for analyses is available at Figshare: Van de Vuurst, Paige (2025). Sample data and meta data for analyses. figshare. Dataset. https://doi.org/10.6084/m9.figshare.29078804.v1 The code for Population Genetics Assessments is available at Figshare: Van de Vuurst, Paige (2025). Code for Population Genetics Assessments. figshare. Online resource. https://doi.org/10.6084/m9.figshare.29077340.v1 .","[""https://doi.org/10.6084/m9.figshare.29077340.v1"", ""https://doi.org/10.6084/m9.figshare.29077775.v1"", ""https://doi.org/10.6084/m9.figshare.29078033.v1"", ""https://doi.org/10.6084/m9.figshare.29078144.v1"", ""https://doi.org/10.6084/m9.figshare.29078294.v1"", ""https://doi.org/10.6084/m9.figshare.29078336.v1"", ""https://doi.org/10.6084/m9.figshare.29078345.v1"", ""https://doi.org/10.6084/m9.figshare.29078441.v1"", ""https://doi.org/10.6084/m9.figshare.29078492.v1"", ""https://doi.org/10.6084/m9.figshare.29078504.v1"", ""https://doi.org/10.6084/m9.figshare.29078651.v1"", ""https://doi.org/10.6084/m9.figshare.29078699.v1"", ""https://doi.org/10.6084/m9.figshare.29078738.v1"", ""https://doi.org/10.6084/m9.figshare.29078804.v1"", ""https://doi.org/10.6084/m9.figshare.29583239.v1"", ""https://figshare.com/projects/Raw_Data_and_Code_for_Assessing_the_effects_of_environmental_variation_on_population_genetic_structure_of_the_common_vampire_bat_in_Colombia_/248969""]","[""https://doi.org/10.6084/m9.figshare.29077340.v1"", ""https://doi.org/10.6084/m9.figshare.29077775.v1"", ""https://doi.org/10.6084/m9.figshare.29078033.v1"", ""https://doi.org/10.6084/m9.figshare.29078144.v1"", ""https://doi.org/10.6084/m9.figshare.29078294.v1"", ""https://doi.org/10.6084/m9.figshare.29078336.v1"", ""https://doi.org/10.6084/m9.figshare.29078345.v1"", ""https://doi.org/10.6084/m9.figshare.29078441.v1"", ""https://doi.org/10.6084/m9.figshare.29078492.v1"", ""https://doi.org/10.6084/m9.figshare.29078504.v1"", ""https://doi.org/10.6084/m9.figshare.29078651.v1"", ""https://doi.org/10.6084/m9.figshare.29078699.v1"", ""https://doi.org/10.6084/m9.figshare.29078738.v1"", ""https://doi.org/10.6084/m9.figshare.29078804.v1"", ""https://doi.org/10.6084/m9.figshare.29583239.v1"", ""https://figshare.com/projects/Raw_Data_and_Code_for_Assessing_the_effects_of_environmental_variation_on_population_genetic_structure_of_the_common_vampire_bat_in_Colombia_/248969""]",DECLARED_LINK_ONLY,NOT_TESTED,NOT_TESTED,018edda52ff6d39cfb76ca2fd4d7a37ca259ab509f81eea4978776be6088de35,fulltext_xml/PMC12614099.xml,2026-09-26T15:26:15.765451+00:00,public_health,"[{""url"": ""https://doi.org/10.6084/m9.figshare.29077340.v1"", ""source_type"": ""STATEMENT_DOI_NORMALIZED""}, {""url"": ""https://doi.org/10.6084/m9.figshare.29077340.v1"", ""source_type"": ""STATEMENT_TEXT_URL""}, {""url"": ""https://doi.org/10.6084/m9.figshare.29077340.v1"", ""source_type"": ""XML_EXT_LINK_HREF""}, {""url"": ""https://doi.org/10.6084/m9.figshare.29077775.v1"", ""source_type"": ""STATEMENT_DOI_NORMALIZED""}, {""url"": ""https://doi.org/10.6084/m9.figshare.29077775.v1"", ""source_type"": ""STATEMENT_TEXT_URL""}, {""url"": ""https://doi.org/10.6084/m9.figshare.29077775.v1"", ""source_type"": ""XML_EXT_LINK_HREF""}, {""url"": ""https://doi.org/10.6084/m9.figshare.29078033.v1"", ""source_type"": ""STATEMENT_DOI_NORMALIZED""}, {""url"": ""https://doi.org/10.6084/m9.figshare.29078033.v1"", ""source_type"": ""STATEMENT_TEXT_URL""}, {""url"": ""https://doi.org/10.6084/m9.figshare.29078033.v1"", ""source_type"": ""XML_EXT_LINK_HREF""}, {""url"": ""https://doi.org/10.6084/m9.figshare.29078144.v1"", ""source_type"": ""STATEMENT_DOI_NORMALIZED""}, {""url"": ""https://doi.org/10.6084/m9.figshare.29078144.v1"", ""source_type"": ""STATEMENT_TEXT_URL""}, {""url"": ""https://doi.org/10.6084/m9.figshare.29078144.v1"", ""source_type"": ""XML_EXT_LINK_HREF""}, {""url"": ""https://doi.org/10.6084/m9.figshare.29078294.v1"", ""source_type"": ""STATEMENT_DOI_NORMALIZED""}, {""url"": ""https://doi.org/10.6084/m9.figshare.29078294.v1"", ""source_type"": ""STATEMENT_TEXT_URL""}, {""url"": ""https://doi.org/10.6084/m9.figshare.29078294.v1"", ""source_type"": ""XML_EXT_LINK_HREF""}, {""url"": ""https://doi.org/10.6084/m9.figshare.29078336.v1"", ""source_type"": ""STATEMENT_DOI_NORMALIZED""}, {""url"": ""https://doi.org/10.6084/m9.figshare.29078336.v1"", ""source_type"": ""STATEMENT_TEXT_URL""}, {""url"": ""https://doi.org/10.6084/m9.figshare.29078336.v1"", ""source_type"": ""XML_EXT_LINK_HREF""}, {""url"": ""https://doi.org/10.6084/m9.figshare.29078345.v1"", ""source_type"": ""STATEMENT_DOI_NORMALIZED""}, {""url"": ""https://doi.org/10.6084/m9.figshare.29078345.v1"", ""source_type"": ""STATEMENT_TEXT_URL""}, {""url"": ""https://doi.org/10.6084/m9.figshare.29078345.v1"", ""source_type"": ""XML_EXT_LINK_HREF""}, {""url"": ""https://doi.org/10.6084/m9.figshare.29078441.v1"", ""source_type"": ""STATEMENT_DOI_NORMALIZED""}, {""url"": ""https://doi.org/10.6084/m9.figshare.29078441.v1"", ""source_type"": ""STATEMENT_TEXT_URL""}, {""url"": ""https://doi.org/10.6084/m9.figshare.29078441.v1"", ""source_type"": ""XML_EXT_LINK_HREF""}, {""url"": ""https://doi.org/10.6084/m9.figshare.29078492.v1"", ""source_type"": ""STATEMENT_DOI_NORMALIZED""}, {""url"": ""https://doi.org/10.6084/m9.figshare.29078492.v1"", ""source_type"": ""STATEMENT_TEXT_URL""}, {""url"": ""https://doi.org/10.6084/m9.figshare.29078492.v1"", ""source_type"": ""XML_EXT_LINK_HREF""}, {""url"": ""https://doi.org/10.6084/m9.figshare.29078504.v1"", ""source_type"": ""STATEMENT_DOI_NORMALIZED""}, {""url"": ""https://doi.org/10.6084/m9.figshare.29078504.v1"", ""source_type"": ""STATEMENT_TEXT_URL""}, {""url"": ""https://doi.org/10.6084/m9.figshare.29078504.v1"", ""source_type"": ""XML_EXT_LINK_HREF""}, {""url"": ""https://doi.org/10.6084/m9.figshare.29078651.v1"", ""source_type"": ""STATEMENT_DOI_NORMALIZED""}, {""url"": ""https://doi.org/10.6084/m9.figshare.29078651.v1"", ""source_type"": ""STATEMENT_TEXT_URL""}, {""url"": ""https://doi.org/10.6084/m9.figshare.29078651.v1"", ""source_type"": ""XML_EXT_LINK_HREF""}, {""url"": ""https://doi.org/10.6084/m9.figshare.29078699.v1"", ""source_type"": ""STATEMENT_DOI_NORMALIZED""}, {""url"": ""https://doi.org/10.6084/m9.figshare.29078699.v1"", ""source_type"": ""STATEMENT_TEXT_URL""}, {""url"": ""https://doi.org/10.6084/m9.figshare.29078699.v1"", ""source_type"": ""XML_EXT_LINK_HREF""}, {""url"": ""https://doi.org/10.6084/m9.figshare.29078738.v1"", ""source_type"": ""STATEMENT_DOI_NORMALIZED""}, {""url"": ""https://doi.org/10.6084/m9.figshare.29078738.v1"", ""source_type"": ""STATEMENT_TEXT_URL""}, {""url"": ""https://doi.org/10.6084/m9.figshare.29078738.v1"", ""source_type"": ""XML_EXT_LINK_HREF""}, {""url"": ""https://doi.org/10.6084/m9.figshare.29078804.v1"", ""source_type"": ""STATEMENT_DOI_NORMALIZED""}, {""url"": ""https://doi.org/10.6084/m9.figshare.29078804.v1"", ""source_type"": ""STATEMENT_TEXT_URL""}, {""url"": ""https://doi.org/10.6084/m9.figshare.29078804.v1"", ""source_type"": ""XML_EXT_LINK_HREF""}, {""url"": ""https://doi.org/10.6084/m9.figshare.29583239.v1"", ""source_type"": ""STATEMENT_DOI_NORMALIZED""}, {""url"": ""https://doi.org/10.6084/m9.figshare.29583239.v1"", ""source_type"": ""STATEMENT_TEXT_URL""}, {""url"": ""https://doi.org/10.6084/m9.figshare.29583239.v1"", ""source_type"": ""XML_EXT_LINK_HREF""}, {""url"": ""https://figshare.com/projects/Raw_Data_and_Code_for_Assessing_the_effects_of_environmental_variation_on_population_genetic_structure_of_the_common_vampire_bat_in_Colombia_/248969"", ""source_type"": ""STATEMENT_TEXT_URL""}, {""url"": ""https://figshare.com/projects/Raw_Data_and_Code_for_Assessing_the_effects_of_environmental_variation_on_population_genetic_structure_of_the_common_vampire_bat_in_Colombia_/248969"", ""source_type"": ""XML_EXT_LINK_HREF""}]",[],Declared links only. Extraction is not exhaustive; non-whitelisted bare DOI resources may be omitted. Data format and access conditions were not independently checked; links may refer to processed data or conditional external resources.
M-polynomial driven machine learning models for predicting physicochemical properties of antibiotics.,2025,PloS one,10.1371/journal.pone.0338093,PMC12724536,https://www.ebi.ac.uk/europepmc/webservices/rest/PMC12724536/fullTextXML,HTTP_200_XML_PARSED_DOI_MATCHED,research-article,CC BY,"https://creativecommons.org/licenses/by/4.0/ This is an open access article distributed under the terms of the Creative Commons Attribution License , which permits unrestricted use, distribution, and reproduction in any medium, provided the original author and source are credited. textmining ccbylicense uri https://creativecommons.org/licenses/by/4.0/","Data Availability All relevant data underlying the results presented in this study are publicly available from Figshare at the following DOIs: Test and Training Datasets: Test datasets: https://doi.org/10.6084/m9.figshare.30090193 Training datasets: https://doi.org/10.6084/m9.figshare.30090199 Predictions and Residuals: Predictions MW: https://doi.org/10.6084/m9.figshare.30090160 Predictions PO: https://doi.org/10.6084/m9.figshare.30090169 Predictions COM: https://doi.org/10.6084/m9.figshare.30090226 Residuals summary COM: https://doi.org/10.6084/m9.figshare.30090172 , https://doi.org/10.6084/m9.figshare.30090235 Residuals summary MV: https://doi.org/10.6084/m9.figshare.30090175 Residuals summary MW: https://doi.org/10.6084/m9.figshare.30090184 Residuals summary PO: https://doi.org/10.6084/m9.figshare.30090187 Residuals summary (additional): https://doi.org/10.6084/m9.figshare.30090244 , https://doi.org/10.6084/m9.figshare.30090271 Ablation Studies and Feature Importance: Ablation study COM: https://doi.org/10.6084/m9.figshare.30090148 Ablation study PO: https://doi.org/10.6084/m9.figshare.30090316 Ablation study MR: https://doi.org/10.6084/m9.figshare.30090334 Feature importance COM: https://doi.org/10.6084/m9.figshare.30090154 Supporting Information Tables: Table S1: https://doi.org/10.6084/m9.figshare.30069574 Table S2: https://doi.org/10.6084/m9.figshare.30069577 Table S3: https://doi.org/10.6084/m9.figshare.30069580 Table S4: https://doi.org/10.6084/m9.figshare.30069583 Table S5: https://doi.org/10.6084/m9.figshare.30069586 Table S6: https://doi.org/10.6084/m9.figshare.30069589 Table S7: https://doi.org/10.6084/m9.figshare.30069598 Table S8: https://doi.org/10.6084/m9.figshare.30069604 Table S9: https://doi.org/10.6084/m9.figshare.30069607 Table S10: https://doi.org/10.6084/m9.figshare.30069610 Code for Predicting Physicochemical Properties: https://doi.org/10.6084/m9.figshare.28790726 .","[""https://doi.org/10.6084/m9.figshare.28790726"", ""https://doi.org/10.6084/m9.figshare.30069574"", ""https://doi.org/10.6084/m9.figshare.30069577"", ""https://doi.org/10.6084/m9.figshare.30069580"", ""https://doi.org/10.6084/m9.figshare.30069583"", ""https://doi.org/10.6084/m9.figshare.30069586"", ""https://doi.org/10.6084/m9.figshare.30069589"", ""https://doi.org/10.6084/m9.figshare.30069598"", ""https://doi.org/10.6084/m9.figshare.30069604"", ""https://doi.org/10.6084/m9.figshare.30069607"", ""https://doi.org/10.6084/m9.figshare.30069610"", ""https://doi.org/10.6084/m9.figshare.30090148"", ""https://doi.org/10.6084/m9.figshare.30090154"", ""https://doi.org/10.6084/m9.figshare.30090160"", ""https://doi.org/10.6084/m9.figshare.30090169"", ""https://doi.org/10.6084/m9.figshare.30090172"", ""https://doi.org/10.6084/m9.figshare.30090175"", ""https://doi.org/10.6084/m9.figshare.30090184"", ""https://doi.org/10.6084/m9.figshare.30090187"", ""https://doi.org/10.6084/m9.figshare.30090193"", ""https://doi.org/10.6084/m9.figshare.30090199"", ""https://doi.org/10.6084/m9.figshare.30090226"", ""https://doi.org/10.6084/m9.figshare.30090235"", ""https://doi.org/10.6084/m9.figshare.30090244"", ""https://doi.org/10.6084/m9.figshare.30090271"", ""https://doi.org/10.6084/m9.figshare.30090316"", ""https://doi.org/10.6084/m9.figshare.30090334""]","[""https://doi.org/10.6084/m9.figshare.28790726"", ""https://doi.org/10.6084/m9.figshare.30069574"", ""https://doi.org/10.6084/m9.figshare.30069577"", ""https://doi.org/10.6084/m9.figshare.30069580"", ""https://doi.org/10.6084/m9.figshare.30069583"", ""https://doi.org/10.6084/m9.figshare.30069586"", ""https://doi.org/10.6084/m9.figshare.30069589"", ""https://doi.org/10.6084/m9.figshare.30069598"", ""https://doi.org/10.6084/m9.figshare.30069604"", ""https://doi.org/10.6084/m9.figshare.30069607"", ""https://doi.org/10.6084/m9.figshare.30069610"", ""https://doi.org/10.6084/m9.figshare.30090148"", ""https://doi.org/10.6084/m9.figshare.30090154"", ""https://doi.org/10.6084/m9.figshare.30090160"", ""https://doi.org/10.6084/m9.figshare.30090169"", ""https://doi.org/10.6084/m9.figshare.30090172"", ""https://doi.org/10.6084/m9.figshare.30090175"", ""https://doi.org/10.6084/m9.figshare.30090184"", ""https://doi.org/10.6084/m9.figshare.30090187"", ""https://doi.org/10.6084/m9.figshare.30090193"", ""https://doi.org/10.6084/m9.figshare.30090199"", ""https://doi.org/10.6084/m9.figshare.30090226"", ""https://doi.org/10.6084/m9.figshare.30090235"", ""https://doi.org/10.6084/m9.figshare.30090244"", ""https://doi.org/10.6084/m9.figshare.30090271"", ""https://doi.org/10.6084/m9.figshare.30090316"", ""https://doi.org/10.6084/m9.figshare.30090334""]",DECLARED_LINK_ONLY,NOT_TESTED,NOT_TESTED,49ceeb96eb3f843ae620bcf73c206b670b93fe551e1b0a96f75ce1d03485fa0e,fulltext_xml/PMC12724536.xml,2026-09-26T15:26:19.873931+00:00,computational,"[{""url"": ""https://doi.org/10.6084/m9.figshare.28790726"", ""source_type"": ""STATEMENT_DOI_NORMALIZED""}, {""url"": ""https://doi.org/10.6084/m9.figshare.28790726"", ""source_type"": ""STATEMENT_TEXT_URL""}, {""url"": ""https://doi.org/10.6084/m9.figshare.28790726"", ""source_type"": ""XML_EXT_LINK_HREF""}, {""url"": ""https://doi.org/10.6084/m9.figshare.30069574"", ""source_type"": ""STATEMENT_DOI_NORMALIZED""}, {""url"": ""https://doi.org/10.6084/m9.figshare.30069574"", ""source_type"": ""STATEMENT_TEXT_URL""}, {""url"": ""https://doi.org/10.6084/m9.figshare.30069574"", ""source_type"": ""XML_EXT_LINK_HREF""}, {""url"": ""https://doi.org/10.6084/m9.figshare.30069577"", ""source_type"": ""STATEMENT_DOI_NORMALIZED""}, {""url"": ""https://doi.org/10.6084/m9.figshare.30069577"", ""source_type"": ""STATEMENT_TEXT_URL""}, {""url"": ""https://doi.org/10.6084/m9.figshare.30069577"", ""source_type"": ""XML_EXT_LINK_HREF""}, {""url"": ""https://doi.org/10.6084/m9.figshare.30069580"", ""source_type"": ""STATEMENT_DOI_NORMALIZED""}, {""url"": ""https://doi.org/10.6084/m9.figshare.30069580"", ""source_type"": ""STATEMENT_TEXT_URL""}, {""url"": ""https://doi.org/10.6084/m9.figshare.30069580"", ""source_type"": ""XML_EXT_LINK_HREF""}, {""url"": ""https://doi.org/10.6084/m9.figshare.30069583"", ""source_type"": ""STATEMENT_DOI_NORMALIZED""}, {""url"": ""https://doi.org/10.6084/m9.figshare.30069583"", ""source_type"": ""STATEMENT_TEXT_URL""}, {""url"": ""https://doi.org/10.6084/m9.figshare.30069583"", ""source_type"": ""XML_EXT_LINK_HREF""}, {""url"": ""https://doi.org/10.6084/m9.figshare.30069586"", ""source_type"": ""STATEMENT_DOI_NORMALIZED""}, {""url"": ""https://doi.org/10.6084/m9.figshare.30069586"", ""source_type"": ""STATEMENT_TEXT_URL""}, {""url"": ""https://doi.org/10.6084/m9.figshare.30069586"", ""source_type"": ""XML_EXT_LINK_HREF""}, {""url"": ""https://doi.org/10.6084/m9.figshare.30069589"", ""source_type"": ""STATEMENT_DOI_NORMALIZED""}, {""url"": ""https://doi.org/10.6084/m9.figshare.30069589"", ""source_type"": ""STATEMENT_TEXT_URL""}, {""url"": ""https://doi.org/10.6084/m9.figshare.30069589"", ""source_type"": ""XML_EXT_LINK_HREF""}, {""url"": ""https://doi.org/10.6084/m9.figshare.30069598"", ""source_type"": ""STATEMENT_DOI_NORMALIZED""}, {""url"": ""https://doi.org/10.6084/m9.figshare.30069598"", ""source_type"": ""STATEMENT_TEXT_URL""}, {""url"": ""https://doi.org/10.6084/m9.figshare.30069598"", ""source_type"": ""XML_EXT_LINK_HREF""}, {""url"": ""https://doi.org/10.6084/m9.figshare.30069604"", ""source_type"": ""STATEMENT_DOI_NORMALIZED""}, {""url"": ""https://doi.org/10.6084/m9.figshare.30069604"", ""source_type"": ""STATEMENT_TEXT_URL""}, {""url"": ""https://doi.org/10.6084/m9.figshare.30069604"", ""source_type"": ""XML_EXT_LINK_HREF""}, {""url"": ""https://doi.org/10.6084/m9.figshare.30069607"", ""source_type"": ""STATEMENT_DOI_NORMALIZED""}, {""url"": ""https://doi.org/10.6084/m9.figshare.30069607"", ""source_type"": ""STATEMENT_TEXT_URL""}, {""url"": ""https://doi.org/10.6084/m9.figshare.30069607"", ""source_type"": ""XML_EXT_LINK_HREF""}, {""url"": ""https://doi.org/10.6084/m9.figshare.30069610"", ""source_type"": ""STATEMENT_DOI_NORMALIZED""}, {""url"": ""https://doi.org/10.6084/m9.figshare.30069610"", ""source_type"": ""STATEMENT_TEXT_URL""}, {""url"": ""https://doi.org/10.6084/m9.figshare.30069610"", ""source_type"": ""XML_EXT_LINK_HREF""}, {""url"": ""https://doi.org/10.6084/m9.figshare.30090148"", ""source_type"": ""STATEMENT_DOI_NORMALIZED""}, {""url"": ""https://doi.org/10.6084/m9.figshare.30090148"", ""source_type"": ""STATEMENT_TEXT_URL""}, {""url"": ""https://doi.org/10.6084/m9.figshare.30090148"", ""source_type"": ""XML_EXT_LINK_HREF""}, {""url"": ""https://doi.org/10.6084/m9.figshare.30090154"", ""source_type"": ""STATEMENT_DOI_NORMALIZED""}, {""url"": ""https://doi.org/10.6084/m9.figshare.30090154"", ""source_type"": ""STATEMENT_TEXT_URL""}, {""url"": ""https://doi.org/10.6084/m9.figshare.30090154"", ""source_type"": ""XML_EXT_LINK_HREF""}, {""url"": ""https://doi.org/10.6084/m9.figshare.30090160"", ""source_type"": ""STATEMENT_DOI_NORMALIZED""}, {""url"": ""https://doi.org/10.6084/m9.figshare.30090160"", ""source_type"": ""STATEMENT_TEXT_URL""}, {""url"": ""https://doi.org/10.6084/m9.figshare.30090160"", ""source_type"": ""XML_EXT_LINK_HREF""}, {""url"": ""https://doi.org/10.6084/m9.figshare.30090169"", ""source_type"": ""STATEMENT_DOI_NORMALIZED""}, {""url"": ""https://doi.org/10.6084/m9.figshare.30090169"", ""source_type"": ""STATEMENT_TEXT_URL""}, {""url"": ""https://doi.org/10.6084/m9.figshare.30090169"", ""source_type"": ""XML_EXT_LINK_HREF""}, {""url"": ""https://doi.org/10.6084/m9.figshare.30090172"", ""source_type"": ""STATEMENT_DOI_NORMALIZED""}, {""url"": ""https://doi.org/10.6084/m9.figshare.30090172"", ""source_type"": ""STATEMENT_TEXT_URL""}, {""url"": ""https://doi.org/10.6084/m9.figshare.30090172"", ""source_type"": ""XML_EXT_LINK_HREF""}, {""url"": ""https://doi.org/10.6084/m9.figshare.30090175"", ""source_type"": ""STATEMENT_DOI_NORMALIZED""}, {""url"": ""https://doi.org/10.6084/m9.figshare.30090175"", ""source_type"": ""STATEMENT_TEXT_URL""}, {""url"": ""https://doi.org/10.6084/m9.figshare.30090175"", ""source_type"": ""XML_EXT_LINK_HREF""}, {""url"": ""https://doi.org/10.6084/m9.figshare.30090184"", ""source_type"": ""STATEMENT_DOI_NORMALIZED""}, {""url"": ""https://doi.org/10.6084/m9.figshare.30090184"", ""source_type"": ""STATEMENT_TEXT_URL""}, {""url"": ""https://doi.org/10.6084/m9.figshare.30090184"", ""source_type"": ""XML_EXT_LINK_HREF""}, {""url"": ""https://doi.org/10.6084/m9.figshare.30090187"", ""source_type"": ""STATEMENT_DOI_NORMALIZED""}, {""url"": ""https://doi.org/10.6084/m9.figshare.30090187"", ""source_type"": ""STATEMENT_TEXT_URL""}, {""url"": ""https://doi.org/10.6084/m9.figshare.30090187"", ""source_type"": ""XML_EXT_LINK_HREF""}, {""url"": ""https://doi.org/10.6084/m9.figshare.30090193"", ""source_type"": ""STATEMENT_DOI_NORMALIZED""}, {""url"": ""https://doi.org/10.6084/m9.figshare.30090193"", ""source_type"": ""STATEMENT_TEXT_URL""}, {""url"": ""https://doi.org/10.6084/m9.figshare.30090193"", ""source_type"": ""XML_EXT_LINK_HREF""}, {""url"": ""https://doi.org/10.6084/m9.figshare.30090199"", ""source_type"": ""STATEMENT_DOI_NORMALIZED""}, {""url"": ""https://doi.org/10.6084/m9.figshare.30090199"", ""source_type"": ""STATEMENT_TEXT_URL""}, {""url"": ""https://doi.org/10.6084/m9.figshare.30090199"", ""source_type"": ""XML_EXT_LINK_HREF""}, {""url"": ""https://doi.org/10.6084/m9.figshare.30090226"", ""source_type"": ""STATEMENT_DOI_NORMALIZED""}, {""url"": ""https://doi.org/10.6084/m9.figshare.30090226"", ""source_type"": ""STATEMENT_TEXT_URL""}, {""url"": ""https://doi.org/10.6084/m9.figshare.30090226"", ""source_type"": ""XML_EXT_LINK_HREF""}, {""url"": ""https://doi.org/10.6084/m9.figshare.30090235"", ""source_type"": ""STATEMENT_DOI_NORMALIZED""}, {""url"": ""https://doi.org/10.6084/m9.figshare.30090235"", ""source_type"": ""STATEMENT_TEXT_URL""}, {""url"": ""https://doi.org/10.6084/m9.figshare.30090235"", ""source_type"": ""XML_EXT_LINK_HREF""}, {""url"": ""https://doi.org/10.6084/m9.figshare.30090244"", ""source_type"": ""STATEMENT_DOI_NORMALIZED""}, {""url"": ""https://doi.org/10.6084/m9.figshare.30090244"", ""source_type"": ""STATEMENT_TEXT_URL""}, {""url"": ""https://doi.org/10.6084/m9.figshare.30090244"", ""source_type"": ""XML_EXT_LINK_HREF""}, {""url"": ""https://doi.org/10.6084/m9.figshare.30090271"", ""source_type"": ""STATEMENT_DOI_NORMALIZED""}, {""url"": ""https://doi.org/10.6084/m9.figshare.30090271"", ""source_type"": ""STATEMENT_TEXT_URL""}, {""url"": ""https://doi.org/10.6084/m9.figshare.30090271"", ""source_type"": ""XML_EXT_LINK_HREF""}, {""url"": ""https://doi.org/10.6084/m9.figshare.30090316"", ""source_type"": ""STATEMENT_DOI_NORMALIZED""}, {""url"": ""https://doi.org/10.6084/m9.figshare.30090316"", ""source_type"": ""STATEMENT_TEXT_URL""}, {""url"": ""https://doi.org/10.6084/m9.figshare.30090316"", ""source_type"": ""XML_EXT_LINK_HREF""}, {""url"": ""https://doi.org/10.6084/m9.figshare.30090334"", ""source_type"": ""STATEMENT_DOI_NORMALIZED""}, {""url"": ""https://doi.org/10.6084/m9.figshare.30090334"", ""source_type"": ""STATEMENT_TEXT_URL""}, {""url"": ""https://doi.org/10.6084/m9.figshare.30090334"", ""source_type"": ""XML_EXT_LINK_HREF""}]",[],Declared links only. Extraction is not exhaustive; non-whitelisted bare DOI resources may be omitted. Data format and access conditions were not independently checked; links may refer to processed data or conditional external resources.
Climate-Induced Changes in Habitat Suitability for a Cold-Water Endemic Species in the Lancang River Basin: A Case Study of &lt;i&gt;Schizothorax lantsangensis&lt;/i&gt;.,2025,Ecology and evolution,10.1002/ece3.72753,PMC12719919,https://www.ebi.ac.uk/europepmc/webservices/rest/PMC12719919/fullTextXML,HTTP_200_XML_PARSED_DOI_MATCHED,research-article,CC BY,"This is an open access article under the terms of the http://creativecommons.org/licenses/by/4.0/ License, which permits use, distribution and reproduction in any medium, provided the original work is properly cited. https://creativecommons.org/licenses/by/4.0/ uri","Data Availability Statement The data supporting the findings of this study were obtained from the following databases, with detailed access dates provided: WorldClim database ( https://worldclim.org/ ), accessed on 14 November 2024; Geospatial Data Cloud ( https://www.gscloud.cn/home ), accessed on 14 November 2024; EarthEnv database ( http://www.earthenv.org ), accessed on 17 November 2024; Zenodo platform ( https://doi.org/10.5281/zenodo.3337659 ), accessed on 20 November 2024. All data sources complied with legal requirements. The codes and software used in this study are publicly available as follows: ENMTools: Used for environmental variable correlation analysis and spatial filtering of species occurrence records. Available on the Comprehensive R Archive Network (CRAN, https://cran.r‐project.org/web/packages/ENMTools/ ) and GitHub ( https://github.com/danlwarren/ENMTools ) (Warren et al. 2010 , 2021 ); kuenm package: Used for MaxEnt model calibration and optimization. Available on CRAN ( https://cran.rproject.org/web/packages/kuenm/ ) and GitHub ( https://github.com/marlonecobos/kuenm ) (Cobos et al. 2019 ); MaxEnt: Used for species distribution modeling. Official version available at https://biodiversityinformatics.amnh.org/open_source/maxent/ (Elith et al. 2011 ; Warren and Seifert 2011 ). ArcGIS: Used for spatial data processing and visualization. Developed by Esri, available at https://www.esri.com/en‐us/arcgis/products/arcgis‐desktop/overview . The authors confirm that the data, codes, and software supporting the findings of this study are available within the article and its Supporting Information S1 .","[""http://www.earthenv.org"", ""https://biodiversityinformatics.amnh.org/open_source/maxent/"", ""https://cran.r-project.org/web/packages/ENMTools/"", ""https://cran.rproject.org/web/packages/kuenm/"", ""https://cran.r‐project.org/web/packages/ENMTools/"", ""https://doi.org/10.5281/zenodo.3337659"", ""https://github.com/danlwarren/ENMTools"", ""https://github.com/marlonecobos/kuenm"", ""https://worldclim.org/"", ""https://www.esri.com/en-us/arcgis/products/arcgis-desktop/overview"", ""https://www.esri.com/en‐us/arcgis/products/arcgis‐desktop/overview"", ""https://www.gscloud.cn/home""]","[""https://doi.org/10.5281/zenodo.3337659""]",DECLARED_LINK_ONLY,NOT_TESTED,NOT_TESTED,48d69373b407fa2f8a8be89f55fa0da59d25093bcc1c7dbcec4b4b2e9bb3e0c6,fulltext_xml/PMC12719919.xml,2026-09-26T15:26:37.758870+00:00,environment,"[{""url"": ""http://www.earthenv.org"", ""source_type"": ""STATEMENT_TEXT_URL""}, {""url"": ""http://www.earthenv.org"", ""source_type"": ""XML_EXT_LINK_HREF""}, {""url"": ""https://biodiversityinformatics.amnh.org/open_source/maxent/"", ""source_type"": ""STATEMENT_TEXT_URL""}, {""url"": ""https://biodiversityinformatics.amnh.org/open_source/maxent/"", ""source_type"": ""XML_EXT_LINK_HREF""}, {""url"": ""https://cran.r-project.org/web/packages/ENMTools/"", ""source_type"": ""XML_EXT_LINK_HREF""}, {""url"": ""https://cran.rproject.org/web/packages/kuenm/"", ""source_type"": ""STATEMENT_TEXT_URL""}, {""url"": ""https://cran.rproject.org/web/packages/kuenm/"", ""source_type"": ""XML_EXT_LINK_HREF""}, {""url"": ""https://cran.r‐project.org/web/packages/ENMTools/"", ""source_type"": ""STATEMENT_TEXT_URL""}, {""url"": ""https://doi.org/10.5281/zenodo.3337659"", ""source_type"": ""STATEMENT_DOI_NORMALIZED""}, {""url"": ""https://doi.org/10.5281/zenodo.3337659"", ""source_type"": ""STATEMENT_TEXT_URL""}, {""url"": ""https://doi.org/10.5281/zenodo.3337659"", ""source_type"": ""XML_EXT_LINK_HREF""}, {""url"": ""https://github.com/danlwarren/ENMTools"", ""source_type"": ""STATEMENT_TEXT_URL""}, {""url"": ""https://github.com/danlwarren/ENMTools"", ""source_type"": ""XML_EXT_LINK_HREF""}, {""url"": ""https://github.com/marlonecobos/kuenm"", ""source_type"": ""STATEMENT_TEXT_URL""}, {""url"": ""https://github.com/marlonecobos/kuenm"", ""source_type"": ""XML_EXT_LINK_HREF""}, {""url"": ""https://worldclim.org/"", ""source_type"": ""STATEMENT_TEXT_URL""}, {""url"": ""https://worldclim.org/"", ""source_type"": ""XML_EXT_LINK_HREF""}, {""url"": ""https://www.esri.com/en-us/arcgis/products/arcgis-desktop/overview"", ""source_type"": ""XML_EXT_LINK_HREF""}, {""url"": ""https://www.esri.com/en‐us/arcgis/products/arcgis‐desktop/overview"", ""source_type"": ""STATEMENT_TEXT_URL""}, {""url"": ""https://www.gscloud.cn/home"", ""source_type"": ""STATEMENT_TEXT_URL""}, {""url"": ""https://www.gscloud.cn/home"", ""source_type"": ""XML_EXT_LINK_HREF""}]",[],Declared links only. Extraction is not exhaustive; non-whitelisted bare DOI resources may be omitted. Data format and access conditions were not independently checked; links may refer to processed data or conditional external resources.
"A gapless genome of early-diverging Asteraceae species, &lt;i&gt;Gerbera&lt;/i&gt;, provides insights for ray floret differentiation in the capitula.",2026,Horticulture research,10.1093/hr/uhaf357,PMC13101651,https://www.ebi.ac.uk/europepmc/webservices/rest/PMC13101651/fullTextXML,HTTP_200_XML_PARSED_DOI_MATCHED,research-article,CC BY,"https://creativecommons.org/licenses/by/4.0/ This is an Open Access article distributed under the terms of the Creative Commons Attribution License ( https://creativecommons.org/licenses/by/4.0/ ), which permits unrestricted reuse, distribution, and reproduction in any medium, provided the original work is properly cited. textmining ccbylicense uri https://creativecommons.org/licenses/by/4.0/",Data availability All raw data are available in the National Genomics Data Center ( https://ngdc.cncb.ac.cn/ ) under project number PRJCA042663 . The genome assembly sequences and gene annotations are available at https://doi.org/10.6084/m9.figshare.29482379.v1 . The supplementary data and methods generated in this study are available from the Dryad Digital Repository: http://datadryad.org/share/LINK_NOT_FOR_PUBLICATION/bZj6KHEhjd38SL_PwWlWDiXVFQ17za6wBStaI254aaQ .,"[""http://datadryad.org/share/LINK_NOT_FOR_PUBLICATION/bZj6KHEhjd38SL_PwWlWDiXVFQ17za6wBStaI254aaQ"", ""https://doi.org/10.6084/m9.figshare.29482379.v1"", ""https://ngdc.cncb.ac.cn/"", ""https://ngdc.cncb.ac.cn/gsub/submit/bioproject/PRJCA042663""]","[""http://datadryad.org/share/LINK_NOT_FOR_PUBLICATION/bZj6KHEhjd38SL_PwWlWDiXVFQ17za6wBStaI254aaQ"", ""https://doi.org/10.6084/m9.figshare.29482379.v1""]",DECLARED_LINK_ONLY,NOT_TESTED,NOT_TESTED,e8fcb3e749d01e41999db1f698f1b0ac4eee8554c5f88b91c506c43f56c90b35,fulltext_xml/PMC13101651.xml,2026-09-26T15:26:39.991003+00:00,evolution,"[{""url"": ""http://datadryad.org/share/LINK_NOT_FOR_PUBLICATION/bZj6KHEhjd38SL_PwWlWDiXVFQ17za6wBStaI254aaQ"", ""source_type"": ""STATEMENT_TEXT_URL""}, {""url"": ""http://datadryad.org/share/LINK_NOT_FOR_PUBLICATION/bZj6KHEhjd38SL_PwWlWDiXVFQ17za6wBStaI254aaQ"", ""source_type"": ""XML_EXT_LINK_HREF""}, {""url"": ""https://doi.org/10.6084/m9.figshare.29482379.v1"", ""source_type"": ""STATEMENT_DOI_NORMALIZED""}, {""url"": ""https://doi.org/10.6084/m9.figshare.29482379.v1"", ""source_type"": ""STATEMENT_TEXT_URL""}, {""url"": ""https://doi.org/10.6084/m9.figshare.29482379.v1"", ""source_type"": ""XML_EXT_LINK_HREF""}, {""url"": ""https://ngdc.cncb.ac.cn/"", ""source_type"": ""STATEMENT_TEXT_URL""}, {""url"": ""https://ngdc.cncb.ac.cn/"", ""source_type"": ""XML_EXT_LINK_HREF""}, {""url"": ""https://ngdc.cncb.ac.cn/gsub/submit/bioproject/PRJCA042663"", ""source_type"": ""XML_EXT_LINK_HREF""}]",[],Declared links only. Extraction is not exhaustive; non-whitelisted bare DOI resources may be omitted. Data format and access conditions were not independently checked; links may refer to processed data or conditional external resources.
StrataSeq: A Workflow for Rapid Development of Molecular Databases for Hard-To-Identify Species.,2025,Ecology and evolution,10.1002/ece3.72375,PMC12547479,https://www.ebi.ac.uk/europepmc/webservices/rest/PMC12547479/fullTextXML,HTTP_200_XML_PARSED_DOI_MATCHED,research-article,CC BY,"https://creativecommons.org/licenses/by/4.0/ This is an open access article under the terms of the http://creativecommons.org/licenses/by/4.0/ License, which permits use, distribution and reproduction in any medium, provided the original work is properly cited. textmining ccbylicense uri https://creativecommons.org/licenses/by/4.0/","Data Availability Statement Generated genome sequence data is available at the National Center for Biotechnology Information (NCBI) as bioproject PRJNA1188452. Sequence data is embargoed until 30.6.2025 or manuscript publication. Data used for benchmarking, and R analysis and visualisation scripts are available from the Figshare Digital Repository https://doi.org/10.6084/m9.figshare.28622285 (Arana et al. 2024 ).","[""https://doi.org/10.6084/m9.figshare.28622285""]","[""https://doi.org/10.6084/m9.figshare.28622285""]",DECLARED_LINK_ONLY,NOT_TESTED,NOT_TESTED,9f9ab58a83a9edd987313c4db8e55349403682c0e2a32d2a8c75d07f67051a98,fulltext_xml/PMC12547479.xml,2026-09-26T15:26:49.393868+00:00,ecology,"[{""url"": ""https://doi.org/10.6084/m9.figshare.28622285"", ""source_type"": ""STATEMENT_DOI_NORMALIZED""}, {""url"": ""https://doi.org/10.6084/m9.figshare.28622285"", ""source_type"": ""STATEMENT_TEXT_URL""}, {""url"": ""https://doi.org/10.6084/m9.figshare.28622285"", ""source_type"": ""XML_EXT_LINK_HREF""}]",[],Declared links only. Extraction is not exhaustive; non-whitelisted bare DOI resources may be omitted. Data format and access conditions were not independently checked; links may refer to processed data or conditional external resources.
Cortical astrocyte histamine-1-receptors regulate intracellular calcium and extracellular adenosine dynamics across sleep and wake.,2025,PLoS biology,10.1371/journal.pbio.3003376,PMC12490766,https://www.ebi.ac.uk/europepmc/webservices/rest/PMC12490766/fullTextXML,HTTP_200_XML_PARSED_DOI_MATCHED,research-article,CC BY,"This is an open access article distributed under the terms of the Creative Commons Attribution License , which permits unrestricted use, distribution, and reproduction in any medium, provided the original author and source are credited. https://creativecommons.org/licenses/by/4.0/ uri","Data Availability All data underlying the results are available in Dryad ( https://doi.org/10.5061/dryad.2280gb64x ). The analysis scripts and notebooks used to generate the figures are archived in Zenodo ( https://doi.org/10.5281/zenodo.16809849 ). Both resources are publicly available without restriction.
Data Availability Statement All data underlying the results are available in Dryad ( https://doi.org/10.5061/dryad.2280gb64x ). The analysis scripts and notebooks used to generate the figures are archived in Zenodo ( https://doi.org/10.5281/zenodo.16809849 ). Both resources are publicly available without restriction.","[""https://doi.org/10.5061/dryad.2280gb64x"", ""https://doi.org/10.5281/zenodo.16809849""]","[""https://doi.org/10.5061/dryad.2280gb64x"", ""https://doi.org/10.5281/zenodo.16809849""]",DECLARED_LINK_ONLY,NOT_TESTED,NOT_TESTED,f4a8c973fdc422d15ff14d570b5d8583f55c029093a44486f2f5dfeb6af57c51,fulltext_xml/PMC12490766.xml,2026-09-26T15:26:52.274918+00:00,neuroscience,"[{""url"": ""https://doi.org/10.5061/dryad.2280gb64x"", ""source_type"": ""STATEMENT_DOI_NORMALIZED""}, {""url"": ""https://doi.org/10.5061/dryad.2280gb64x"", ""source_type"": ""STATEMENT_TEXT_URL""}, {""url"": ""https://doi.org/10.5061/dryad.2280gb64x"", ""source_type"": ""XML_EXT_LINK_HREF""}, {""url"": ""https://doi.org/10.5281/zenodo.16809849"", ""source_type"": ""STATEMENT_DOI_NORMALIZED""}, {""url"": ""https://doi.org/10.5281/zenodo.16809849"", ""source_type"": ""STATEMENT_TEXT_URL""}, {""url"": ""https://doi.org/10.5281/zenodo.16809849"", ""source_type"": ""XML_EXT_LINK_HREF""}]",[],Declared links only. Extraction is not exhaustive; non-whitelisted bare DOI resources may be omitted. Data format and access conditions were not independently checked; links may refer to processed data or conditional external resources.
Navigation strategies in Caenorhabditis elegans are differentially altered by learning.,2025,PLoS biology,10.1371/journal.pbio.3003005,PMC12135928,https://www.ebi.ac.uk/europepmc/webservices/rest/PMC12135928/fullTextXML,HTTP_200_XML_PARSED_DOI_MATCHED,research-article,CC BY,"https://creativecommons.org/licenses/by/4.0/ This is an open access article distributed under the terms of the Creative Commons Attribution License , which permits unrestricted use, distribution, and reproduction in any medium, provided the original author and source are credited. textmining ccbylicense uri https://creativecommons.org/licenses/by/4.0/",Data Availability Data to generate all figures in this work are available on the figshare website: doi: 10.6084/m9.figshare.24764403 . The numerical data for all replicates underlying the figure panels with summery statistics are in the S1_Data.xlsx file in figshare. The Code used for analysis and to generate figure panels are archived at doi: 10.5281/zenodo.14542447 .,"[""https://doi.org/10.5281/zenodo.14542447"", ""https://doi.org/10.6084/m9.figshare.24764403""]","[""https://doi.org/10.5281/zenodo.14542447"", ""https://doi.org/10.6084/m9.figshare.24764403""]",DECLARED_LINK_ONLY,NOT_TESTED,NOT_TESTED,ad7112a4d85b2400383660a7c1ce407eafae9bfd22faff58396c1daaf60cfaeb,fulltext_xml/PMC12135928.xml,2026-09-26T15:26:59.910753+00:00,psychology,"[{""url"": ""https://doi.org/10.5281/zenodo.14542447"", ""source_type"": ""STATEMENT_DOI_NORMALIZED""}, {""url"": ""https://doi.org/10.5281/zenodo.14542447"", ""source_type"": ""XML_EXT_LINK_HREF""}, {""url"": ""https://doi.org/10.6084/m9.figshare.24764403"", ""source_type"": ""STATEMENT_DOI_NORMALIZED""}, {""url"": ""https://doi.org/10.6084/m9.figshare.24764403"", ""source_type"": ""XML_EXT_LINK_HREF""}]",[],Declared links only. Extraction is not exhaustive; non-whitelisted bare DOI resources may be omitted. Data format and access conditions were not independently checked; links may refer to processed data or conditional external resources.
Genomic and phenotypic insights into the expanding phylogenetic landscape of the Cryptococcus genus.,2025,PLoS genetics,10.1371/journal.pgen.1011945,PMC12633873,https://www.ebi.ac.uk/europepmc/webservices/rest/PMC12633873/fullTextXML,HTTP_200_XML_PARSED_DOI_MATCHED,research-article,CC BY,"This is an open access article distributed under the terms of the Creative Commons Attribution License , which permits unrestricted use, distribution, and reproduction in any medium, provided the original author and source are credited. https://creativecommons.org/licenses/by/4.0/ uri","Data Availability All primary data are within the paper and its Supporting Information files. Genomic data was deposited in NCBI with accession numbers provided in S6 Table. Genome assemblies and annotations are also available at Figshare ( https://doi.org/10.6084/m9.figshare.30375169 ). The code developed for data analysis and figure generation are publicly available on Zenodo at https://doi.org/10.5281/zenodo.15686462 .
Data Availability Statement All primary data are within the paper and its Supporting Information files. Genomic data was deposited in NCBI with accession numbers provided in S6 Table. Genome assemblies and annotations are also available at Figshare ( https://doi.org/10.6084/m9.figshare.30375169 ). The code developed for data analysis and figure generation are publicly available on Zenodo at https://doi.org/10.5281/zenodo.15686462 .","[""https://doi.org/10.5281/zenodo.15686462"", ""https://doi.org/10.6084/m9.figshare.30375169""]","[""https://doi.org/10.5281/zenodo.15686462"", ""https://doi.org/10.6084/m9.figshare.30375169""]",DECLARED_LINK_ONLY,NOT_TESTED,NOT_TESTED,6e0f652d26808db9f89e8b09f90df4cdffadaae79dd3035be6159074d4456b98,fulltext_xml/PMC12633873.xml,2026-09-26T15:27:05.923424+00:00,genomics,"[{""url"": ""https://doi.org/10.5281/zenodo.15686462"", ""source_type"": ""STATEMENT_DOI_NORMALIZED""}, {""url"": ""https://doi.org/10.5281/zenodo.15686462"", ""source_type"": ""STATEMENT_TEXT_URL""}, {""url"": ""https://doi.org/10.5281/zenodo.15686462"", ""source_type"": ""XML_EXT_LINK_HREF""}, {""url"": ""https://doi.org/10.6084/m9.figshare.30375169"", ""source_type"": ""STATEMENT_DOI_NORMALIZED""}, {""url"": ""https://doi.org/10.6084/m9.figshare.30375169"", ""source_type"": ""STATEMENT_TEXT_URL""}, {""url"": ""https://doi.org/10.6084/m9.figshare.30375169"", ""source_type"": ""XML_EXT_LINK_HREF""}]",[],Declared links only. Extraction is not exhaustive; non-whitelisted bare DOI resources may be omitted. Data format and access conditions were not independently checked; links may refer to processed data or conditional external resources.
Evidence-based public health messaging on the non-visual effects of ocular light exposure: a modified Delphi expert consensus.,2025,BMJ public health,10.1136/bmjph-2025-003205,PMC12519682,https://www.ebi.ac.uk/europepmc/webservices/rest/PMC12519682/fullTextXML,HTTP_200_XML_PARSED_DOI_MATCHED,research-article,CC BY,"This is an open access article distributed in accordance with the Creative Commons Attribution 4.0 Unported (CC BY 4.0) license, which permits others to copy, redistribute, remix, transform and build upon this work for any purpose, provided the original work is properly cited, a link to the licence is given, and indication of whether changes were made. See: https://creativecommons.org/licenses/by/4.0/ . https://creativecommons.org/licenses/by/4.0/ uri","Data availability free text: All data and code are available at https://github.com/tscnlab/SpitschanEtAl_BMJPublicHealth_2025 and archived permanently on Zenodo at https://doi.org/10.5281/zenodo.17286865 .
Data availability statement Data are available in a public, open access repository.
Data Availability Statement Data are available in a public, open access repository.","[""https://doi.org/10.5281/zenodo.17286865"", ""https://github.com/tscnlab/SpitschanEtAl_BMJPublicHealth_2025""]","[""https://doi.org/10.5281/zenodo.17286865""]",DECLARED_LINK_ONLY,NOT_TESTED,NOT_TESTED,46336688f99114ddd8d56e47ba5ea3404202ef6586f9f2fffd0c34aceaf8b26d,fulltext_xml/PMC12519682.xml,2026-09-26T15:27:17.749621+00:00,public_health,"[{""url"": ""https://doi.org/10.5281/zenodo.17286865"", ""source_type"": ""STATEMENT_DOI_NORMALIZED""}, {""url"": ""https://doi.org/10.5281/zenodo.17286865"", ""source_type"": ""STATEMENT_TEXT_URL""}, {""url"": ""https://doi.org/10.5281/zenodo.17286865"", ""source_type"": ""XML_EXT_LINK_HREF""}, {""url"": ""https://github.com/tscnlab/SpitschanEtAl_BMJPublicHealth_2025"", ""source_type"": ""STATEMENT_TEXT_URL""}, {""url"": ""https://github.com/tscnlab/SpitschanEtAl_BMJPublicHealth_2025"", ""source_type"": ""XML_EXT_LINK_HREF""}]",[],Declared links only. Extraction is not exhaustive; non-whitelisted bare DOI resources may be omitted. Data format and access conditions were not independently checked; links may refer to processed data or conditional external resources.
Expediting hit-to-lead progression in drug discovery through reaction prediction and multi-dimensional optimization.,2025,Nature communications,10.1038/s41467-025-66324-4,PMC12749626,https://www.ebi.ac.uk/europepmc/webservices/rest/PMC12749626/fullTextXML,HTTP_200_XML_PARSED_DOI_MATCHED,research-article,CC BY,"Open Access This article is licensed under a Creative Commons Attribution 4.0 International License, which permits use, sharing, adaptation, distribution and reproduction in any medium or format, as long as you give appropriate credit to the original author(s) and the source, provide a link to the Creative Commons licence, and indicate if changes were made. The images or other third party material in this article are included in the article’s Creative Commons licence, unless indicated otherwise in a credit line to the material. If material is not included in the article’s Creative Commons licence and your intended use is not permitted by statutory regulation or exceeds the permitted use, you will need to obtain permission directly from the copyright holder. To view a copy of this licence, visit http://creativecommons.org/licenses/by/4.0/ . https://creativecommons.org/licenses/by/4.0/ uri","Data availability Training data: The SURF-formatted experimental data set, containing 13,490 Minisci-type C-H alkylation reactions, has been made publicly available via Figshare (10.6084/m9.figshare.28294850) 60 . Co-crystal structures: The coordinates of the MAGL co-crystal structure of the initial hit compound 17 have been deposited in the PDB under accession code 7PRM . The three co-crystal structures of optimized molecules ( 23 , 27 , and 29 ) are available under accession codes 9I5J , 9I9C , and 9I3Y , respectively. Source data are provided with this paper.
Data Availability Statement Training data: The SURF-formatted experimental data set, containing 13,490 Minisci-type C-H alkylation reactions, has been made publicly available via Figshare (10.6084/m9.figshare.28294850) 60 . Co-crystal structures: The coordinates of the MAGL co-crystal structure of the initial hit compound 17 have been deposited in the PDB under accession code 7PRM . The three co-crystal structures of optimized molecules ( 23 , 27 , and 29 ) are available under accession codes 9I5J , 9I9C , and 9I3Y , respectively. Source data are provided with this paper. Code: A reference implementation of the geometric machine learning platform based on PyTorch 48 and PyTorch Geometric 47 is available at https://github.com/ETHmodlab/minisci (rep. DOI: 10.5281/zenodo.8344587, https://zenodo.org/record/8344587 ) 61 .","[""https://doi.org/10.2210/pdb7PRM/pdb"", ""https://doi.org/10.2210/pdb9I3Y/pdb"", ""https://doi.org/10.2210/pdb9I5J/pdb"", ""https://doi.org/10.2210/pdb9I9C/pdb"", ""https://doi.org/10.5281/zenodo.8344587"", ""https://doi.org/10.6084/m9.figshare.28294850"", ""https://github.com/ETHmodlab/minisci"", ""https://zenodo.org/record/8344587""]","[""https://doi.org/10.5281/zenodo.8344587"", ""https://doi.org/10.6084/m9.figshare.28294850"", ""https://zenodo.org/record/8344587""]",DECLARED_LINK_ONLY,NOT_TESTED,NOT_TESTED,4341e48a4fe567e1e948d3125cc7aed81835c7f76835fc9782df65b0b8585faa,fulltext_xml/PMC12749626.xml,2026-09-26T15:27:33.489222+00:00,computational,"[{""url"": ""https://doi.org/10.2210/pdb7PRM/pdb"", ""source_type"": ""XML_EXT_LINK_HREF""}, {""url"": ""https://doi.org/10.2210/pdb9I3Y/pdb"", ""source_type"": ""XML_EXT_LINK_HREF""}, {""url"": ""https://doi.org/10.2210/pdb9I5J/pdb"", ""source_type"": ""XML_EXT_LINK_HREF""}, {""url"": ""https://doi.org/10.2210/pdb9I9C/pdb"", ""source_type"": ""XML_EXT_LINK_HREF""}, {""url"": ""https://doi.org/10.5281/zenodo.8344587"", ""source_type"": ""STATEMENT_DOI_NORMALIZED""}, {""url"": ""https://doi.org/10.6084/m9.figshare.28294850"", ""source_type"": ""STATEMENT_DOI_NORMALIZED""}, {""url"": ""https://github.com/ETHmodlab/minisci"", ""source_type"": ""STATEMENT_TEXT_URL""}, {""url"": ""https://github.com/ETHmodlab/minisci"", ""source_type"": ""XML_EXT_LINK_HREF""}, {""url"": ""https://zenodo.org/record/8344587"", ""source_type"": ""STATEMENT_TEXT_URL""}, {""url"": ""https://zenodo.org/record/8344587"", ""source_type"": ""XML_EXT_LINK_HREF""}]",[],Declared links only. Extraction is not exhaustive; non-whitelisted bare DOI resources may be omitted. Data format and access conditions were not independently checked; links may refer to processed data or conditional external resources.
Phylogenomics provides comprehensive insights into the evolutionary relationships among cultivated buckwheat species.,2025,Genome biology,10.1186/s13059-025-03793-2,PMC12487180,https://www.ebi.ac.uk/europepmc/webservices/rest/PMC12487180/fullTextXML,HTTP_200_XML_PARSED_DOI_MATCHED,research-article,CC BY,"Open Access This article is licensed under a Creative Commons Attribution 4.0 International License, which permits use, sharing, adaptation, distribution and reproduction in any medium or format, as long as you give appropriate credit to the original author(s) and the source, provide a link to the Creative Commons licence, and indicate if changes were made. The images or other third party material in this article are included in the article's Creative Commons licence, unless indicated otherwise in a credit line to the material. If material is not included in the article's Creative Commons licence and your intended use is not permitted by statutory regulation or exceeds the permitted use, you will need to obtain permission directly from the copyright holder. To view a copy of this licence, visit http://creativecommons.org/licenses/by/4.0/ . https://creativecommons.org/licenses/by/4.0/ uri","Data availability The previous genome assembly of FT cv. Pinku ( http://www.mbkbase.org/Pinku1 ) [ 22 ], FT cv. Qianku (10.6084/m9.figshare.21617562.v4) [ 129 ], FT cv. MQ ( http://buckwheat-gpdb.cn/#/download ) [ 130 ], FC cv. LJS-YGC (10.6084/m9.figshare.19711891.v2) [ 23 ], FC cv. JQ-YN ( https://figshare.com/articles/dataset/Fagopyrum_dibotrys/22240414/1 ) [ 131 ], FE cv. Pintian ( https://ngdc.cncb.ac.cn/gwh/search/advanced/result?search_category=&search_term=&source=0&query_box=GWHBJBK00000000 ) [ 24 ], FE cv. PL4 ( https://ddbj.nig.ac.jp/search/entry/bioproject/PRJDB15031 ) [ 35 ], and FE cv. XN9976 (10.6084/m9.figshare.21617562.v4) [ 129 ] were downloaded online and used for further analysis. The previous resequencing data of wild and cultivar type of FE and Outgroup Fagopyrum species were accessible at ( https://ddbj.nig.ac.jp/search/entry/bioproject/PRJDB15031 ) [ 35 ], ( https://ngdc.cncb.ac.cn/gsa/browse/CRA012512 ) [ 11 ], and ( https://ngdc.cncb.ac.cn/gsa/browse/insdc/SRA1062765 ) [ 132 ]. In addition, all data generated in this study are publicly available. The genome sequencing data used for genome assembly, annotation, and population analysis are available from the Genome Sequence Archive ( https://ngdc.cncb.ac.cn/gsa/browse/CRA028530 ) of National genomics Data Center under BioProject ID PRJCA035181 [ 133 ]. The chromosome-level assembly and annotation file of wild F. esculentum ( F. esculentum ssp. ancestrale DDX) are also under the Genome Warehouse (GWH) with accession GWHGPYG00000000 which available at https://ngdc.cncb.ac.cn/gwh/Assembly/101666/show [ 134 ]. The chromosome-level assembly and annotation file of wild F. esculentum DDX, completed chloroplast genome of FE and FC, and RNA-seq expression pattern file of flower time are also available at Figshare (10.6084/m9.figshare.29673392.v3) as described in ref. [ 135 ]. The source code and scripts are publicly accessible at GitHub ( https://github.com/youlongjizi/Buckwheat_Phylo_code ) [ 136 ] and Zenodo (10.5281/zenodo.17055081) [ 137 ] under the MIT License.
Data Availability Statement The previous genome assembly of FT cv. Pinku ( http://www.mbkbase.org/Pinku1 ) [ 22 ], FT cv. Qianku (10.6084/m9.figshare.21617562.v4) [ 129 ], FT cv. MQ ( http://buckwheat-gpdb.cn/#/download ) [ 130 ], FC cv. LJS-YGC (10.6084/m9.figshare.19711891.v2) [ 23 ], FC cv. JQ-YN ( https://figshare.com/articles/dataset/Fagopyrum_dibotrys/22240414/1 ) [ 131 ], FE cv. Pintian ( https://ngdc.cncb.ac.cn/gwh/search/advanced/result?search_category=&search_term=&source=0&query_box=GWHBJBK00000000 ) [ 24 ], FE cv. PL4 ( https://ddbj.nig.ac.jp/search/entry/bioproject/PRJDB15031 ) [ 35 ], and FE cv. XN9976 (10.6084/m9.figshare.21617562.v4) [ 129 ] were downloaded online and used for further analysis. The previous resequencing data of wild and cultivar type of FE and Outgroup Fagopyrum species were accessible at ( https://ddbj.nig.ac.jp/search/entry/bioproject/PRJDB15031 ) [ 35 ], ( https://ngdc.cncb.ac.cn/gsa/browse/CRA012512 ) [ 11 ], and ( https://ngdc.cncb.ac.cn/gsa/browse/insdc/SRA1062765 ) [ 132 ]. In addition, all data generated in this study are publicly available. The genome sequencing data used for genome assembly, annotation, and population analysis are available from the Genome Sequence Archive ( https://ngdc.cncb.ac.cn/gsa/browse/CRA028530 ) of National genomics Data Center under BioProject ID PRJCA035181 [ 133 ]. The chromosome-level assembly and annotation file of wild F. esculentum ( F. esculentum ssp. ancestrale DDX) are also under the Genome Warehouse (GWH) with accession GWHGPYG00000000 which available at https://ngdc.cncb.ac.cn/gwh/Assembly/101666/show [ 134 ]. The chromosome-level assembly and annotation file of wild F. esculentum DDX, completed chloroplast genome of FE and FC, and RNA-seq expression pattern file of flower time are also available at Figshare (10.6084/m9.figshare.29673392.v3) as described in ref. [ 135 ]. The source code and scripts are publicly accessible at GitHub ( https://github.com/youlongjizi/Buckwheat_Phylo_code ) [ 136 ] and Zenodo (10.5281/zenodo.17055081) [ 137 ] under the MIT License.","[""http://buckwheat-gpdb.cn/#/download"", ""http://www.mbkbase.org/Pinku1"", ""https://ddbj.nig.ac.jp/search/entry/bioproject/PRJDB15031"", ""https://doi.org/10.5281/zenodo.17055081"", ""https://doi.org/10.6084/m9.figshare.19711891.v2"", ""https://doi.org/10.6084/m9.figshare.21617562.v4"", ""https://doi.org/10.6084/m9.figshare.29673392.v3"", ""https://figshare.com/articles/dataset/Fagopyrum_dibotrys/22240414/1"", ""https://github.com/youlongjizi/Buckwheat_Phylo_code"", ""https://ngdc.cncb.ac.cn/gsa/browse/CRA012512"", ""https://ngdc.cncb.ac.cn/gsa/browse/CRA028530"", ""https://ngdc.cncb.ac.cn/gsa/browse/insdc/SRA1062765"", ""https://ngdc.cncb.ac.cn/gwh/Assembly/101666/show"", ""https://ngdc.cncb.ac.cn/gwh/search/advanced/result?search_category=&search_term=&source=0&query_box=GWHBJBK00000000""]","[""https://doi.org/10.5281/zenodo.17055081"", ""https://doi.org/10.6084/m9.figshare.19711891.v2"", ""https://doi.org/10.6084/m9.figshare.21617562.v4"", ""https://doi.org/10.6084/m9.figshare.29673392.v3"", ""https://figshare.com/articles/dataset/Fagopyrum_dibotrys/22240414/1""]",DECLARED_LINK_ONLY,NOT_TESTED,NOT_TESTED,05c3315f7af205a9a49b17233ef1d692be383c688fcfc5a54cdf9c192a4eda96,fulltext_xml/PMC12487180.xml,2026-09-26T15:27:58.427214+00:00,evolution,"[{""url"": ""http://buckwheat-gpdb.cn/#/download"", ""source_type"": ""STATEMENT_TEXT_URL""}, {""url"": ""http://buckwheat-gpdb.cn/#/download"", ""source_type"": ""XML_EXT_LINK_HREF""}, {""url"": ""http://www.mbkbase.org/Pinku1"", ""source_type"": ""STATEMENT_TEXT_URL""}, {""url"": ""http://www.mbkbase.org/Pinku1"", ""source_type"": ""XML_EXT_LINK_HREF""}, {""url"": ""https://ddbj.nig.ac.jp/search/entry/bioproject/PRJDB15031"", ""source_type"": ""STATEMENT_TEXT_URL""}, {""url"": ""https://ddbj.nig.ac.jp/search/entry/bioproject/PRJDB15031"", ""source_type"": ""XML_EXT_LINK_HREF""}, {""url"": ""https://doi.org/10.5281/zenodo.17055081"", ""source_type"": ""STATEMENT_DOI_NORMALIZED""}, {""url"": ""https://doi.org/10.6084/m9.figshare.19711891.v2"", ""source_type"": ""STATEMENT_DOI_NORMALIZED""}, {""url"": ""https://doi.org/10.6084/m9.figshare.21617562.v4"", ""source_type"": ""STATEMENT_DOI_NORMALIZED""}, {""url"": ""https://doi.org/10.6084/m9.figshare.29673392.v3"", ""source_type"": ""STATEMENT_DOI_NORMALIZED""}, {""url"": ""https://figshare.com/articles/dataset/Fagopyrum_dibotrys/22240414/1"", ""source_type"": ""STATEMENT_TEXT_URL""}, {""url"": ""https://figshare.com/articles/dataset/Fagopyrum_dibotrys/22240414/1"", ""source_type"": ""XML_EXT_LINK_HREF""}, {""url"": ""https://github.com/youlongjizi/Buckwheat_Phylo_code"", ""source_type"": ""STATEMENT_TEXT_URL""}, {""url"": ""https://github.com/youlongjizi/Buckwheat_Phylo_code"", ""source_type"": ""XML_EXT_LINK_HREF""}, {""url"": ""https://ngdc.cncb.ac.cn/gsa/browse/CRA012512"", ""source_type"": ""STATEMENT_TEXT_URL""}, {""url"": ""https://ngdc.cncb.ac.cn/gsa/browse/CRA012512"", ""source_type"": ""XML_EXT_LINK_HREF""}, {""url"": ""https://ngdc.cncb.ac.cn/gsa/browse/CRA028530"", ""source_type"": ""STATEMENT_TEXT_URL""}, {""url"": ""https://ngdc.cncb.ac.cn/gsa/browse/CRA028530"", ""source_type"": ""XML_EXT_LINK_HREF""}, {""url"": ""https://ngdc.cncb.ac.cn/gsa/browse/insdc/SRA1062765"", ""source_type"": ""STATEMENT_TEXT_URL""}, {""url"": ""https://ngdc.cncb.ac.cn/gsa/browse/insdc/SRA1062765"", ""source_type"": ""XML_EXT_LINK_HREF""}, {""url"": ""https://ngdc.cncb.ac.cn/gwh/Assembly/101666/show"", ""source_type"": ""STATEMENT_TEXT_URL""}, {""url"": ""https://ngdc.cncb.ac.cn/gwh/Assembly/101666/show"", ""source_type"": ""XML_EXT_LINK_HREF""}, {""url"": ""https://ngdc.cncb.ac.cn/gwh/search/advanced/result?search_category=&search_term=&source=0&query_box=GWHBJBK00000000"", ""source_type"": ""STATEMENT_TEXT_URL""}, {""url"": ""https://ngdc.cncb.ac.cn/gwh/search/advanced/result?search_category=&search_term=&source=0&query_box=GWHBJBK00000000"", ""source_type"": ""XML_EXT_LINK_HREF""}]",[],Declared links only. Extraction is not exhaustive; non-whitelisted bare DOI resources may be omitted. Data format and access conditions were not independently checked; links may refer to processed data or conditional external resources.
Measuring competition coefficients in an ant community: Implications for intraspecific adaptation load.,2025,Ecology,10.1002/ecy.70274,PMC12683613,https://www.ebi.ac.uk/europepmc/webservices/rest/PMC12683613/fullTextXML,HTTP_200_XML_PARSED_DOI_MATCHED,research-article,CC BY,"This is an open access article under the terms of the http://creativecommons.org/licenses/by/4.0/ License, which permits use, distribution and reproduction in any medium, provided the original work is properly cited. https://creativecommons.org/licenses/by/4.0/ uri","DATA AVAILABILITY STATEMENT Data and code are available in Dryad at https://doi.org/10.5061/dryad.8pk0p2nwk (Uematsu et al., 2025a ) and in Zenodo at https://doi.org/10.5281/zenodo.10824525 (Uematsu et al., 2025b ), respectively.
Data Availability Statement Data and code are available in Dryad at https://doi.org/10.5061/dryad.8pk0p2nwk (Uematsu et al., 2025a ) and in Zenodo at https://doi.org/10.5281/zenodo.10824525 (Uematsu et al., 2025b ), respectively.","[""https://doi.org/10.5061/dryad.8pk0p2nwk"", ""https://doi.org/10.5281/zenodo.10824525""]","[""https://doi.org/10.5061/dryad.8pk0p2nwk"", ""https://doi.org/10.5281/zenodo.10824525""]",DECLARED_LINK_ONLY,NOT_TESTED,NOT_TESTED,d764961082179ef5610e876b75a91f72ddd341e01c102090fb6137453080e157,fulltext_xml/PMC12683613.xml,2026-09-26T15:28:10.963478+00:00,ecology,"[{""url"": ""https://doi.org/10.5061/dryad.8pk0p2nwk"", ""source_type"": ""STATEMENT_DOI_NORMALIZED""}, {""url"": ""https://doi.org/10.5061/dryad.8pk0p2nwk"", ""source_type"": ""STATEMENT_TEXT_URL""}, {""url"": ""https://doi.org/10.5061/dryad.8pk0p2nwk"", ""source_type"": ""XML_EXT_LINK_HREF""}, {""url"": ""https://doi.org/10.5281/zenodo.10824525"", ""source_type"": ""STATEMENT_DOI_NORMALIZED""}, {""url"": ""https://doi.org/10.5281/zenodo.10824525"", ""source_type"": ""STATEMENT_TEXT_URL""}, {""url"": ""https://doi.org/10.5281/zenodo.10824525"", ""source_type"": ""XML_EXT_LINK_HREF""}]",[],Declared links only. Extraction is not exhaustive; non-whitelisted bare DOI resources may be omitted. Data format and access conditions were not independently checked; links may refer to processed data or conditional external resources.
&lt;i&gt;ybx1&lt;/i&gt; acts upstream of &lt;i&gt;atoh1a&lt;/i&gt; to promote the rapid regeneration of hair cells in zebrafish lateral-line neuromasts.,2025,PeerJ,10.7717/peerj.19949,PMC12447950,https://www.ebi.ac.uk/europepmc/webservices/rest/PMC12447950/fullTextXML,HTTP_200_XML_PARSED_DOI_MATCHED,research-article,CC BY,"This is an open access article distributed under the terms of the Creative Commons Attribution License , which permits unrestricted use, distribution, reproduction and adaptation in any medium and for any purpose provided that it is properly attributed. For attribution, the original author(s), title, publication source (PeerJ) and either DOI or URL of the article must be cited. https://creativecommons.org/licenses/by/4.0/ uri","Data Availability The following information was supplied regarding data availability: Data from Baek et al. (2022) is available at the Gene Expression Omnibus: GSE196211 . Preprocessed data from Baek et al. (2022) and from this study are also available at – Github and Zenodo: https://github.com/calebclayreagor/ybx1-HC-regeneration . Caleb C. Reagor. (2025). calebclayreagor/ybx1-HC-regeneration (v0.2). – Zenodo. https://doi.org/10.5281/zenodo.15525631 . Raw fluorescent microscopy images are available at Dryad: – Development and regeneration of inbred ybx1 mutant larvae (2025). [Dataset]. Dryad. https://doi.org/10.5061/dryad.v15dv4257 . – Time-course regeneration of wild-type larvae (2025). [Dataset]. Dryad. https://doi.org/10.5061/dryad.g1jwstr1z . – Time-course regeneration of ybx1 heterozygous mutant larvae (2025). [Dataset]. Dryad. https://doi.org/10.5061/dryad.jh9w0vtn5 . – Ybx1 immunostaining (2025). [Dataset]. Dryad. https://doi.org/10.5061/dryad.wm37pvn0h .
Data Availability Statement The following information was supplied regarding data availability: Data from Baek et al. (2022) is available at the Gene Expression Omnibus: GSE196211 . Preprocessed data from Baek et al. (2022) and from this study are also available at – Github and Zenodo: https://github.com/calebclayreagor/ybx1-HC-regeneration . Caleb C. Reagor. (2025). calebclayreagor/ybx1-HC-regeneration (v0.2). – Zenodo. https://doi.org/10.5281/zenodo.15525631 . Raw fluorescent microscopy images are available at Dryad: – Development and regeneration of inbred ybx1 mutant larvae (2025). [Dataset]. Dryad. https://doi.org/10.5061/dryad.v15dv4257 . – Time-course regeneration of wild-type larvae (2025). [Dataset]. Dryad. https://doi.org/10.5061/dryad.g1jwstr1z . – Time-course regeneration of ybx1 heterozygous mutant larvae (2025). [Dataset]. Dryad. https://doi.org/10.5061/dryad.jh9w0vtn5 . – Ybx1 immunostaining (2025). [Dataset]. Dryad. https://doi.org/10.5061/dryad.wm37pvn0h .","[""http://www.ncbi.nlm.nih.gov/geo/query/acc.cgi?acc=GSE196211"", ""https://doi.org/10.5061/dryad.g1jwstr1z"", ""https://doi.org/10.5061/dryad.jh9w0vtn5"", ""https://doi.org/10.5061/dryad.v15dv4257"", ""https://doi.org/10.5061/dryad.wm37pvn0h"", ""https://doi.org/10.5281/zenodo.15525631"", ""https://github.com/calebclayreagor/ybx1-HC-regeneration""]","[""https://doi.org/10.5061/dryad.g1jwstr1z"", ""https://doi.org/10.5061/dryad.jh9w0vtn5"", ""https://doi.org/10.5061/dryad.v15dv4257"", ""https://doi.org/10.5061/dryad.wm37pvn0h"", ""https://doi.org/10.5281/zenodo.15525631""]",DECLARED_LINK_ONLY,NOT_TESTED,NOT_TESTED,a4801c9acfa2a8e89a92c840e3b4208d2422de419f15c3a96ec2910758994819,fulltext_xml/PMC12447950.xml,2026-09-26T15:28:14.865467+00:00,neuroscience,"[{""url"": ""http://www.ncbi.nlm.nih.gov/geo/query/acc.cgi?acc=GSE196211"", ""source_type"": ""XML_EXT_LINK_HREF""}, {""url"": ""https://doi.org/10.5061/dryad.g1jwstr1z"", ""source_type"": ""STATEMENT_DOI_NORMALIZED""}, {""url"": ""https://doi.org/10.5061/dryad.g1jwstr1z"", ""source_type"": ""STATEMENT_TEXT_URL""}, {""url"": ""https://doi.org/10.5061/dryad.g1jwstr1z"", ""source_type"": ""XML_EXT_LINK_HREF""}, {""url"": ""https://doi.org/10.5061/dryad.jh9w0vtn5"", ""source_type"": ""STATEMENT_DOI_NORMALIZED""}, {""url"": ""https://doi.org/10.5061/dryad.jh9w0vtn5"", ""source_type"": ""STATEMENT_TEXT_URL""}, {""url"": ""https://doi.org/10.5061/dryad.jh9w0vtn5"", ""source_type"": ""XML_EXT_LINK_HREF""}, {""url"": ""https://doi.org/10.5061/dryad.v15dv4257"", ""source_type"": ""STATEMENT_DOI_NORMALIZED""}, {""url"": ""https://doi.org/10.5061/dryad.v15dv4257"", ""source_type"": ""STATEMENT_TEXT_URL""}, {""url"": ""https://doi.org/10.5061/dryad.v15dv4257"", ""source_type"": ""XML_EXT_LINK_HREF""}, {""url"": ""https://doi.org/10.5061/dryad.wm37pvn0h"", ""source_type"": ""STATEMENT_DOI_NORMALIZED""}, {""url"": ""https://doi.org/10.5061/dryad.wm37pvn0h"", ""source_type"": ""STATEMENT_TEXT_URL""}, {""url"": ""https://doi.org/10.5061/dryad.wm37pvn0h"", ""source_type"": ""XML_EXT_LINK_HREF""}, {""url"": ""https://doi.org/10.5281/zenodo.15525631"", ""source_type"": ""STATEMENT_DOI_NORMALIZED""}, {""url"": ""https://doi.org/10.5281/zenodo.15525631"", ""source_type"": ""STATEMENT_TEXT_URL""}, {""url"": ""https://doi.org/10.5281/zenodo.15525631"", ""source_type"": ""XML_EXT_LINK_HREF""}, {""url"": ""https://github.com/calebclayreagor/ybx1-HC-regeneration"", ""source_type"": ""STATEMENT_TEXT_URL""}, {""url"": ""https://github.com/calebclayreagor/ybx1-HC-regeneration"", ""source_type"": ""XML_EXT_LINK_HREF""}]",[],Declared links only. Extraction is not exhaustive; non-whitelisted bare DOI resources may be omitted. Data format and access conditions were not independently checked; links may refer to processed data or conditional external resources.
Wearing face masks when no longer mandatory: An exploratory study about attitudinal and psychological health factors in a large Italian sample.,2025,PloS one,10.1371/journal.pone.0314607,PMC11878940,https://www.ebi.ac.uk/europepmc/webservices/rest/PMC11878940/fullTextXML,HTTP_200_XML_PARSED_DOI_MATCHED,research-article,CC BY,"This is an open access article distributed under the terms of the Creative Commons Attribution License , which permits unrestricted use, distribution, and reproduction in any medium, provided the original author and source are credited. https://creativecommons.org/licenses/by/4.0/ uri","Data Availability The dataset is available from the Dryad database ( https://doi.org/10.5061/dryad.fbg79cp3g ).
Data Availability Statement The dataset is available from the Dryad database ( https://doi.org/10.5061/dryad.fbg79cp3g ).","[""https://doi.org/10.5061/dryad.fbg79cp3g""]","[""https://doi.org/10.5061/dryad.fbg79cp3g""]",DECLARED_LINK_ONLY,NOT_TESTED,NOT_TESTED,a06349316251aed2d25c4f8ad82327e329027a94721f62146cec15f5c752cb32,fulltext_xml/PMC11878940.xml,2026-09-26T15:28:17.121328+00:00,psychology,"[{""url"": ""https://doi.org/10.5061/dryad.fbg79cp3g"", ""source_type"": ""STATEMENT_DOI_NORMALIZED""}, {""url"": ""https://doi.org/10.5061/dryad.fbg79cp3g"", ""source_type"": ""STATEMENT_TEXT_URL""}, {""url"": ""https://doi.org/10.5061/dryad.fbg79cp3g"", ""source_type"": ""XML_EXT_LINK_HREF""}]",[],Declared links only. Extraction is not exhaustive; non-whitelisted bare DOI resources may be omitted. Data format and access conditions were not independently checked; links may refer to processed data or conditional external resources.
A metabolic atlas of the Klebsiella pneumoniae species complex reveals lineage-specific metabolism and capacity for intra-species co-operation.,2025,PLoS biology,10.1371/journal.pbio.3003559,PMC12700438,https://www.ebi.ac.uk/europepmc/webservices/rest/PMC12700438/fullTextXML,HTTP_200_XML_PARSED_DOI_MATCHED,research-article,CC BY,"This is an open access article distributed under the terms of the Creative Commons Attribution License , which permits unrestricted use, distribution, and reproduction in any medium, provided the original author and source are credited. https://creativecommons.org/licenses/by/4.0/ uri","Data Availability All genomic data used is publicly available—accessions and genomes used can be found in S1 Data . Raw metabolomics files are found at https://doi.org/10.5281/zenodo.17705463 . All other raw data can be found in S2 Data – S6 Data . Phylogenetic trees, R, and MICOM code can be found at Figshare ( https://doi.org/10.6084/m9.figshare.24503737 ). Interactive phylogeny can be found at https://microreact.org/project/pcTMwQZAGCsqqhbEZzaj11-a-metabolic-atlas-of-the-klebsiella-pneumoniae-species-complex .
Data Availability Statement All genomic data used is publicly available—accessions and genomes used can be found in S1 Data . Raw metabolomics files are found at https://doi.org/10.5281/zenodo.17705463 . All other raw data can be found in S2 Data – S6 Data . Phylogenetic trees, R, and MICOM code can be found at Figshare ( https://doi.org/10.6084/m9.figshare.24503737 ). Interactive phylogeny can be found at https://microreact.org/project/pcTMwQZAGCsqqhbEZzaj11-a-metabolic-atlas-of-the-klebsiella-pneumoniae-species-complex .","[""https://doi.org/10.5281/zenodo.17705463"", ""https://doi.org/10.6084/m9.figshare.24503737"", ""https://microreact.org/project/pcTMwQZAGCsqqhbEZzaj11-a-metabolic-atlas-of-the-klebsiella-pneumoniae-species-complex""]","[""https://doi.org/10.5281/zenodo.17705463"", ""https://doi.org/10.6084/m9.figshare.24503737""]",DECLARED_LINK_ONLY,NOT_TESTED,NOT_TESTED,e6cb194a5221b3950c133e82b389107e3295e8e4bf5b5e0342cbfdb8e1a8a026,fulltext_xml/PMC12700438.xml,2026-09-26T15:28:29.836633+00:00,genomics,"[{""url"": ""https://doi.org/10.5281/zenodo.17705463"", ""source_type"": ""STATEMENT_DOI_NORMALIZED""}, {""url"": ""https://doi.org/10.5281/zenodo.17705463"", ""source_type"": ""STATEMENT_TEXT_URL""}, {""url"": ""https://doi.org/10.5281/zenodo.17705463"", ""source_type"": ""XML_EXT_LINK_HREF""}, {""url"": ""https://doi.org/10.6084/m9.figshare.24503737"", ""source_type"": ""STATEMENT_DOI_NORMALIZED""}, {""url"": ""https://doi.org/10.6084/m9.figshare.24503737"", ""source_type"": ""STATEMENT_TEXT_URL""}, {""url"": ""https://doi.org/10.6084/m9.figshare.24503737"", ""source_type"": ""XML_EXT_LINK_HREF""}, {""url"": ""https://microreact.org/project/pcTMwQZAGCsqqhbEZzaj11-a-metabolic-atlas-of-the-klebsiella-pneumoniae-species-complex"", ""source_type"": ""STATEMENT_TEXT_URL""}, {""url"": ""https://microreact.org/project/pcTMwQZAGCsqqhbEZzaj11-a-metabolic-atlas-of-the-klebsiella-pneumoniae-species-complex"", ""source_type"": ""XML_EXT_LINK_HREF""}]",[],Declared links only. Extraction is not exhaustive; non-whitelisted bare DOI resources may be omitted. Data format and access conditions were not independently checked; links may refer to processed data or conditional external resources.
Afforestation as a mitigation strategy: countering climate-induced risk of forest carbon sink in China.,2025,Carbon balance and management,10.1186/s13021-025-00308-1,PMC12182680,https://www.ebi.ac.uk/europepmc/webservices/rest/PMC12182680/fullTextXML,HTTP_200_XML_PARSED_DOI_MATCHED,research-article,CC BY,"Open Access This article is licensed under a Creative Commons Attribution 4.0 International License, which permits use, sharing, adaptation, distribution and reproduction in any medium or format, as long as you give appropriate credit to the original author(s) and the source, provide a link to the Creative Commons licence, and indicate if changes were made. The images or other third party material in this article are included in the article's Creative Commons licence, unless indicated otherwise in a credit line to the material. If material is not included in the article's Creative Commons licence and your intended use is not permitted by statutory regulation or exceeds the permitted use, you will need to obtain permission directly from the copyright holder. To view a copy of this licence, visit http://creativecommons.org/licenses/by/4.0/ . https://creativecommons.org/licenses/by/4.0/ uri","Availability of data and materials The forest survey data supporting the conclusions of this article is available in the figshare repository: https://doi.org/ 10.6084/m9.figshare.27130098.v1. Other data that support the findings of this study are derived from the following resources available in the public domain: GLC_FCS30 forest cover data is free access at https://doi.org/ 10.5281/zenodo.3986872. ESA CCI LC data is openly available at https://maps.elie.ucl.ac.be/CCI/viewer/download.php . The forest age map from Cheng et al. [ 11 ] can be downloaded at https://doi.org/ 10.5281/zenodo.8354262. The forest age map developed by Shang et al. [ 48 ] is available at https://doi.org/ 10.6084/m9.figshare.24464170.v1. The MPI-BGC global forest age map from Besnard et al. [ 4 ] is available at https://doi.org/ 10.5194/essd-13-4881-2021. The climate and bioclimatic data in the current and future periods are derived from WorldClim ( http://www.worldclim.orghttp://www.worldclim.org ). The 1pt CO 2 experiment results of CMIP6 are downloaded from https://esgf-node.llnl.gov/search/cmip6/ . The elevation data is downloaded from the ETOPO Global Relief Model (version: ETOPO 2022) ( https://www.ncei.noaa.gov/products/etopo-global-relief-model ), while the slope variable is calculated based on the elevation in Arcgis 10.8.1. All the soil variables are obtained from the Harmonized World Soil Database (HWSD v 1.21) ( http://www.iiasa.ac.at/web/home/research/researchPrograms/water/HWSD.html ).
Data Availability Statement The forest survey data supporting the conclusions of this article is available in the figshare repository: https://doi.org/ 10.6084/m9.figshare.27130098.v1. Other data that support the findings of this study are derived from the following resources available in the public domain: GLC_FCS30 forest cover data is free access at https://doi.org/ 10.5281/zenodo.3986872. ESA CCI LC data is openly available at https://maps.elie.ucl.ac.be/CCI/viewer/download.php . The forest age map from Cheng et al. [ 11 ] can be downloaded at https://doi.org/ 10.5281/zenodo.8354262. The forest age map developed by Shang et al. [ 48 ] is available at https://doi.org/ 10.6084/m9.figshare.24464170.v1. The MPI-BGC global forest age map from Besnard et al. [ 4 ] is available at https://doi.org/ 10.5194/essd-13-4881-2021. The climate and bioclimatic data in the current and future periods are derived from WorldClim ( http://www.worldclim.orghttp://www.worldclim.org ). The 1pt CO 2 experiment results of CMIP6 are downloaded from https://esgf-node.llnl.gov/search/cmip6/ . The elevation data is downloaded from the ETOPO Global Relief Model (version: ETOPO 2022) ( https://www.ncei.noaa.gov/products/etopo-global-relief-model ), while the slope variable is calculated based on the elevation in Arcgis 10.8.1. All the soil variables are obtained from the Harmonized World Soil Database (HWSD v 1.21) ( http://www.iiasa.ac.at/web/home/research/researchPrograms/water/HWSD.html ).","[""http://www.iiasa.ac.at/web/home/research/researchPrograms/water/HWSD.html"", ""https://doi.org/"", ""https://doi.org/10.5281/zenodo.3986872"", ""https://doi.org/10.5281/zenodo.8354262"", ""https://doi.org/10.6084/m9.figshare.24464170.v1"", ""https://doi.org/10.6084/m9.figshare.27130098.v1"", ""https://esgf-node.llnl.gov/search/cmip6/"", ""https://maps.elie.ucl.ac.be/CCI/viewer/download.php"", ""https://www.ncei.noaa.gov/products/etopo-global-relief-model""]","[""https://doi.org/10.5281/zenodo.3986872"", ""https://doi.org/10.5281/zenodo.8354262"", ""https://doi.org/10.6084/m9.figshare.24464170.v1"", ""https://doi.org/10.6084/m9.figshare.27130098.v1""]",DECLARED_LINK_ONLY,NOT_TESTED,NOT_TESTED,64ca687eb703844c7893cfef7dda410b35ced00fbbd21bac55bc4a33876123dc,fulltext_xml/PMC12182680.xml,2026-09-26T15:28:53.683398+00:00,environment,"[{""url"": ""http://www.iiasa.ac.at/web/home/research/researchPrograms/water/HWSD.html"", ""source_type"": ""STATEMENT_TEXT_URL""}, {""url"": ""http://www.iiasa.ac.at/web/home/research/researchPrograms/water/HWSD.html"", ""source_type"": ""XML_EXT_LINK_HREF""}, {""url"": ""https://doi.org/"", ""source_type"": ""STATEMENT_TEXT_URL""}, {""url"": ""https://doi.org/"", ""source_type"": ""XML_EXT_LINK_HREF""}, {""url"": ""https://doi.org/10.5281/zenodo.3986872"", ""source_type"": ""STATEMENT_DOI_NORMALIZED""}, {""url"": ""https://doi.org/10.5281/zenodo.8354262"", ""source_type"": ""STATEMENT_DOI_NORMALIZED""}, {""url"": ""https://doi.org/10.6084/m9.figshare.24464170.v1"", ""source_type"": ""STATEMENT_DOI_NORMALIZED""}, {""url"": ""https://doi.org/10.6084/m9.figshare.27130098.v1"", ""source_type"": ""STATEMENT_DOI_NORMALIZED""}, {""url"": ""https://esgf-node.llnl.gov/search/cmip6/"", ""source_type"": ""STATEMENT_TEXT_URL""}, {""url"": ""https://esgf-node.llnl.gov/search/cmip6/"", ""source_type"": ""XML_EXT_LINK_HREF""}, {""url"": ""https://maps.elie.ucl.ac.be/CCI/viewer/download.php"", ""source_type"": ""STATEMENT_TEXT_URL""}, {""url"": ""https://maps.elie.ucl.ac.be/CCI/viewer/download.php"", ""source_type"": ""XML_EXT_LINK_HREF""}, {""url"": ""https://www.ncei.noaa.gov/products/etopo-global-relief-model"", ""source_type"": ""STATEMENT_TEXT_URL""}, {""url"": ""https://www.ncei.noaa.gov/products/etopo-global-relief-model"", ""source_type"": ""XML_EXT_LINK_HREF""}]","[{""url"": ""http://www.worldclim.orghttp://www.worldclim.org"", ""source_type"": ""STATEMENT_TEXT_URL"", ""reason"": ""MULTIPLE_HTTP_SCHEMES_IN_DECLARED_VALUE""}, {""url"": ""http://www.worldclim.orghttp://www.worldclim.org"", ""source_type"": ""XML_EXT_LINK_HREF"", ""reason"": ""MULTIPLE_HTTP_SCHEMES_IN_DECLARED_VALUE""}]",Declared links only. Extraction is not exhaustive; non-whitelisted bare DOI resources may be omitted. Data format and access conditions were not independently checked; links may refer to processed data or conditional external resources.
Evolution of Repetitive Genomic Content and Gene Families Over Geo-Climatic Gradients in Brassicaceae.,2025,Ecology and evolution,10.1002/ece3.72462,PMC12689959,https://www.ebi.ac.uk/europepmc/webservices/rest/PMC12689959/fullTextXML,HTTP_200_XML_PARSED_DOI_MATCHED,research-article,CC BY,"This is an open access article under the terms of the http://creativecommons.org/licenses/by/4.0/ License, which permits use, distribution and reproduction in any medium, provided the original work is properly cited. https://creativecommons.org/licenses/by/4.0/ uri","Data Availability Statement Raw sequencing data, as well as genome assemblies and annotation, are available on ENA under bioproject accession number PRJEB79954. The download links for the data from GBIF as well as the Rscripts to filter them are available on Dryad https://doi.org/10.5061/dryad.79cnp5j8z .","[""https://doi.org/10.5061/dryad.79cnp5j8z""]","[""https://doi.org/10.5061/dryad.79cnp5j8z""]",DECLARED_LINK_ONLY,NOT_TESTED,NOT_TESTED,3fde0f8be8b2482fd4968c1a73b513d0c9bbc932a22b13e335ebf2de399c75f8,fulltext_xml/PMC12689959.xml,2026-09-26T15:29:05.674388+00:00,evolution,"[{""url"": ""https://doi.org/10.5061/dryad.79cnp5j8z"", ""source_type"": ""STATEMENT_DOI_NORMALIZED""}, {""url"": ""https://doi.org/10.5061/dryad.79cnp5j8z"", ""source_type"": ""STATEMENT_TEXT_URL""}, {""url"": ""https://doi.org/10.5061/dryad.79cnp5j8z"", ""source_type"": ""XML_EXT_LINK_HREF""}]",[],Declared links only. Extraction is not exhaustive; non-whitelisted bare DOI resources may be omitted. Data format and access conditions were not independently checked; links may refer to processed data or conditional external resources.
Human and conservation factors affect spatial variation of reef fish assemblages in Colombian Pacific reefs.,2025,PeerJ,10.7717/peerj.19482,PMC12182057,https://www.ebi.ac.uk/europepmc/webservices/rest/PMC12182057/fullTextXML,HTTP_200_XML_PARSED_DOI_MATCHED,research-article,CC BY,"This is an open access article distributed under the terms of the Creative Commons Attribution License , which permits unrestricted use, distribution, reproduction and adaptation in any medium and for any purpose provided that it is properly attributed. For attribution, the original author(s), title, publication source (PeerJ) and either DOI or URL of the article must be cited. https://creativecommons.org/licenses/by/4.0/ uri","Data Availability The following information was supplied regarding data availability: The data from Malpelo is available at Quimbayo et al. (2017). The data from the other locations are available in the Supplementary File . Part of the data compiled from Gorgona Island is available at Alzate (2022) and at figshare: Alzate Adriana (2022). Alzate.Gorgona_ReefFishData.xlsx. figshare. Dataset. https://doi.org/10.6084/m9.figshare.19314110.v1 . Trait species data were compiled from Quimbayo et al. (2021) and are available at Zenodo: Juan Pablo Quimbayo, Fernanda Carolina da Silva, Thiago Costa Mendes, Débora Silva Ferrari, Samara Leopoldino Danielski, Mariana Gomes Bender, Valeriano Parravicini, Michel Kulbicki, & Sergio Ricardo Floeter. (2021). Life-history traits, geographical range and conservation aspects of reef fishes from the Atlantic and Eastern Pacific. Ecology. https://doi.org/10.5281/zenodo.4455016 . The R code that supports the findings of this study is available at GitHub and Zenodo: - https://github.com/BioScalesLab/Colombian_Fish_Community.git . - Quimbayo, J. P., Chasqui, L., Rincón-Díaz, N., Alzate, A., & Zapata, F. A. (2025). Human and conservation factors affect spatial variation of reef fish assemblages in Colombian Pacific reefs [Data set]. Zenodo. https://doi.org/10.5281/zenodo.15359238 .
Data Availability Statement The following information was supplied regarding data availability: The data from Malpelo is available at Quimbayo et al. (2017). The data from the other locations are available in the Supplementary File . Part of the data compiled from Gorgona Island is available at Alzate (2022) and at figshare: Alzate Adriana (2022). Alzate.Gorgona_ReefFishData.xlsx. figshare. Dataset. https://doi.org/10.6084/m9.figshare.19314110.v1 . Trait species data were compiled from Quimbayo et al. (2021) and are available at Zenodo: Juan Pablo Quimbayo, Fernanda Carolina da Silva, Thiago Costa Mendes, Débora Silva Ferrari, Samara Leopoldino Danielski, Mariana Gomes Bender, Valeriano Parravicini, Michel Kulbicki, & Sergio Ricardo Floeter. (2021). Life-history traits, geographical range and conservation aspects of reef fishes from the Atlantic and Eastern Pacific. Ecology. https://doi.org/10.5281/zenodo.4455016 . The R code that supports the findings of this study is available at GitHub and Zenodo: - https://github.com/BioScalesLab/Colombian_Fish_Community.git . - Quimbayo, J. P., Chasqui, L., Rincón-Díaz, N., Alzate, A., & Zapata, F. A. (2025). Human and conservation factors affect spatial variation of reef fish assemblages in Colombian Pacific reefs [Data set]. Zenodo. https://doi.org/10.5281/zenodo.15359238 .","[""https://doi.org/10.5281/zenodo.15359238"", ""https://doi.org/10.5281/zenodo.4455016"", ""https://doi.org/10.6084/m9.figshare.19314110.v1"", ""https://github.com/BioScalesLab/Colombian_Fish_Community.git""]","[""https://doi.org/10.5281/zenodo.15359238"", ""https://doi.org/10.5281/zenodo.4455016"", ""https://doi.org/10.6084/m9.figshare.19314110.v1""]",DECLARED_LINK_ONLY,NOT_TESTED,NOT_TESTED,c79954ef76c982974aa506590b86ce62c43f414223524d00e39696ff9002b18f,fulltext_xml/PMC12182057.xml,2026-09-26T15:29:11.958135+00:00,ecology,"[{""url"": ""https://doi.org/10.5281/zenodo.15359238"", ""source_type"": ""STATEMENT_DOI_NORMALIZED""}, {""url"": ""https://doi.org/10.5281/zenodo.15359238"", ""source_type"": ""STATEMENT_TEXT_URL""}, {""url"": ""https://doi.org/10.5281/zenodo.15359238"", ""source_type"": ""XML_EXT_LINK_HREF""}, {""url"": ""https://doi.org/10.5281/zenodo.4455016"", ""source_type"": ""STATEMENT_DOI_NORMALIZED""}, {""url"": ""https://doi.org/10.5281/zenodo.4455016"", ""source_type"": ""STATEMENT_TEXT_URL""}, {""url"": ""https://doi.org/10.5281/zenodo.4455016"", ""source_type"": ""XML_EXT_LINK_HREF""}, {""url"": ""https://doi.org/10.6084/m9.figshare.19314110.v1"", ""source_type"": ""STATEMENT_DOI_NORMALIZED""}, {""url"": ""https://doi.org/10.6084/m9.figshare.19314110.v1"", ""source_type"": ""STATEMENT_TEXT_URL""}, {""url"": ""https://doi.org/10.6084/m9.figshare.19314110.v1"", ""source_type"": ""XML_EXT_LINK_HREF""}, {""url"": ""https://github.com/BioScalesLab/Colombian_Fish_Community.git"", ""source_type"": ""STATEMENT_TEXT_URL""}, {""url"": ""https://github.com/BioScalesLab/Colombian_Fish_Community.git"", ""source_type"": ""XML_EXT_LINK_HREF""}]",[],Declared links only. Extraction is not exhaustive; non-whitelisted bare DOI resources may be omitted. Data format and access conditions were not independently checked; links may refer to processed data or conditional external resources.
Non-invasive ultrasonic neuromodulation of the human nucleus accumbens impacts reward sensitivity.,2025,Nature communications,10.1038/s41467-025-65080-9,PMC12660320,https://www.ebi.ac.uk/europepmc/webservices/rest/PMC12660320/fullTextXML,HTTP_200_XML_PARSED_DOI_MATCHED,research-article,CC BY,"Open Access This article is licensed under a Creative Commons Attribution 4.0 International License, which permits use, sharing, adaptation, distribution and reproduction in any medium or format, as long as you give appropriate credit to the original author(s) and the source, provide a link to the Creative Commons licence, and indicate if changes were made. The images or other third party material in this article are included in the article’s Creative Commons licence, unless indicated otherwise in a credit line to the material. If material is not included in the article’s Creative Commons licence and your intended use is not permitted by statutory regulation or exceeds the permitted use, you will need to obtain permission directly from the copyright holder. To view a copy of this licence, visit http://creativecommons.org/licenses/by/4.0/ . https://creativecommons.org/licenses/by/4.0/ uri","Data availability The raw and processed MR data and acoustic simulation data generated in this study have been deposited in the Open Science Framework database under the CC-By Attribution 4.0 License: ( https://osf.io/j34qz/ , https://osf.io/w3mev/ , and https://osf.io/vst9y/ ). Source data are also provided with this paper. Source data are provided with this paper.
Data Availability Statement The raw and processed MR data and acoustic simulation data generated in this study have been deposited in the Open Science Framework database under the CC-By Attribution 4.0 License: ( https://osf.io/j34qz/ , https://osf.io/w3mev/ , and https://osf.io/vst9y/ ). Source data are also provided with this paper. Source data are provided with this paper. FSL can be downloaded from https://fsl.fmrib.ox.ac.uk/fsl/fslwiki . The code to generate pseudo-CTs from T1-weighted images and the in-house acoustic simulation code based on k-Wave (Matlab) can both be found on GitHub ( https://github.com/sitiny/mr-to-pct : 10.5281/zenodo.7110246 and https://github.com/sitiny/BRIC_TUS_Simulation_Tools : 10.5281/zenodo.8027240 respectively). K-wave can be downloaded from http://www.k-wave.org/ . The reinforcement learning code is available on GitHub ( https://github.com/efouragnan/RL_models : 10.5281/zenodo.16682779). For any further enquiries regarding the data, please contact Elsa Fouragnan. FSL can be downloaded from https://fsl.fmrib.ox.ac.uk/fsl/fslwiki . The code to generate pseudo-CTs from T1-weighted images and the in-house acoustic simulation code based on k-Wave (Matlab) can both be found on GitHub (( https://github.com/sitiny/mr-to-pct and https://github.com/sitiny/BRIC_TUS_Simulation_Tools , respectively). K-wave can be downloaded from http://www.k-wave.org/ . For any further enquiries regarding the data, please contact Elsa F. Fouragnan.","[""http://www.k-wave.org/"", ""https://doi.org/10.5281/zenodo.16682779"", ""https://doi.org/10.5281/zenodo.7110246"", ""https://doi.org/10.5281/zenodo.8027240"", ""https://fsl.fmrib.ox.ac.uk/fsl/fslwiki"", ""https://github.com/efouragnan/RL_models"", ""https://github.com/sitiny/BRIC_TUS_Simulation_Tools"", ""https://github.com/sitiny/mr-to-pct"", ""https://osf.io/j34qz/"", ""https://osf.io/vst9y/"", ""https://osf.io/w3mev/""]","[""https://doi.org/10.5281/zenodo.16682779"", ""https://doi.org/10.5281/zenodo.7110246"", ""https://doi.org/10.5281/zenodo.8027240"", ""https://osf.io/j34qz/"", ""https://osf.io/vst9y/"", ""https://osf.io/w3mev/""]",DECLARED_LINK_ONLY,NOT_TESTED,NOT_TESTED,adbe84f773c25ead04f317f9d21b96061058a422a71d4d16b7e7bbf179851648,fulltext_xml/PMC12660320.xml,2026-09-26T15:29:14.522216+00:00,neuroscience,"[{""url"": ""http://www.k-wave.org/"", ""source_type"": ""STATEMENT_TEXT_URL""}, {""url"": ""http://www.k-wave.org/"", ""source_type"": ""XML_EXT_LINK_HREF""}, {""url"": ""https://doi.org/10.5281/zenodo.16682779"", ""source_type"": ""STATEMENT_DOI_NORMALIZED""}, {""url"": ""https://doi.org/10.5281/zenodo.7110246"", ""source_type"": ""STATEMENT_DOI_NORMALIZED""}, {""url"": ""https://doi.org/10.5281/zenodo.8027240"", ""source_type"": ""STATEMENT_DOI_NORMALIZED""}, {""url"": ""https://fsl.fmrib.ox.ac.uk/fsl/fslwiki"", ""source_type"": ""STATEMENT_TEXT_URL""}, {""url"": ""https://fsl.fmrib.ox.ac.uk/fsl/fslwiki"", ""source_type"": ""XML_EXT_LINK_HREF""}, {""url"": ""https://github.com/efouragnan/RL_models"", ""source_type"": ""STATEMENT_TEXT_URL""}, {""url"": ""https://github.com/efouragnan/RL_models"", ""source_type"": ""XML_EXT_LINK_HREF""}, {""url"": ""https://github.com/sitiny/BRIC_TUS_Simulation_Tools"", ""source_type"": ""STATEMENT_TEXT_URL""}, {""url"": ""https://github.com/sitiny/BRIC_TUS_Simulation_Tools"", ""source_type"": ""XML_EXT_LINK_HREF""}, {""url"": ""https://github.com/sitiny/mr-to-pct"", ""source_type"": ""STATEMENT_TEXT_URL""}, {""url"": ""https://github.com/sitiny/mr-to-pct"", ""source_type"": ""XML_EXT_LINK_HREF""}, {""url"": ""https://osf.io/j34qz/"", ""source_type"": ""STATEMENT_TEXT_URL""}, {""url"": ""https://osf.io/j34qz/"", ""source_type"": ""XML_EXT_LINK_HREF""}, {""url"": ""https://osf.io/vst9y/"", ""source_type"": ""STATEMENT_TEXT_URL""}, {""url"": ""https://osf.io/vst9y/"", ""source_type"": ""XML_EXT_LINK_HREF""}, {""url"": ""https://osf.io/w3mev/"", ""source_type"": ""STATEMENT_TEXT_URL""}, {""url"": ""https://osf.io/w3mev/"", ""source_type"": ""XML_EXT_LINK_HREF""}]",[],Declared links only. Extraction is not exhaustive; non-whitelisted bare DOI resources may be omitted. Data format and access conditions were not independently checked; links may refer to processed data or conditional external resources.
Assessing the Value of Testate Amoebae and their Functional Traits in Detecting Climate Change-Induced Peatland Drying.,2025,Microbial ecology,10.1007/s00248-025-02682-2,PMC12819454,https://www.ebi.ac.uk/europepmc/webservices/rest/PMC12819454/fullTextXML,HTTP_200_XML_PARSED_DOI_MATCHED,research-article,CC BY,"https://creativecommons.org/licenses/by/4.0/ Open Access This article is licensed under a Creative Commons Attribution 4.0 International License, which permits use, sharing, adaptation, distribution and reproduction in any medium or format, as long as you give appropriate credit to the original author(s) and the source, provide a link to the Creative Commons licence, and indicate if changes were made. The images or other third party material in this article are included in the article’s Creative Commons licence, unless indicated otherwise in a credit line to the material. If material is not included in the article’s Creative Commons licence and your intended use is not permitted by statutory regulation or exceeds the permitted use, you will need to obtain permission directly from the copyright holder. To view a copy of this licence, visit http://creativecommons.org/licenses/by/4.0/ . textmining ccbylicense uri https://creativecommons.org/licenses/by/4.0/","Data Availability The data that support the findings of this study is openly available in Zenodo research data storage service (10.5281/zenodo.17940365). The environmental data from Kokkonen et al ., ( 2019 ) are stored in the Pangaea Data Library (doi: 10.1594/pangaea.904256), and those from Kuuri-Riutta et al ., ( 2025 ) are stored in IDA research data storage service (10.23729/fd-bad048dd-eda3-380f-915a-580ccd150ec2). Vegetation data from Köster et al ., ( 2023 ) are stored in the Dryad repository (doi: 10.5061/dryad.dz08kps39).","[""https://doi.org/10.5061/dryad.dz08kps39"", ""https://doi.org/10.5281/zenodo.17940365""]","[""https://doi.org/10.5061/dryad.dz08kps39"", ""https://doi.org/10.5281/zenodo.17940365""]",DECLARED_LINK_ONLY,NOT_TESTED,NOT_TESTED,fa71a56edc8b431cd10d8d5e1b9e5307a9acdd16b733bf23124aef15258dea0d,fulltext_xml/PMC12819454.xml,2026-09-26T15:31:10.662205+00:00,ecology,"[{""url"": ""https://doi.org/10.5061/dryad.dz08kps39"", ""source_type"": ""STATEMENT_DOI_NORMALIZED""}, {""url"": ""https://doi.org/10.5281/zenodo.17940365"", ""source_type"": ""STATEMENT_DOI_NORMALIZED""}]",[],Declared links only. Extraction is not exhaustive; non-whitelisted bare DOI resources may be omitted. Data format and access conditions were not independently checked; links may refer to processed data or conditional external resources.
Locomotion selectively enhances visual speed encoding in mouse medial higher visual areas.,2026,iScience,10.1016/j.isci.2025.114395,PMC12796763,https://www.ebi.ac.uk/europepmc/webservices/rest/PMC12796763/fullTextXML,HTTP_200_XML_PARSED_DOI_MATCHED,research-article,CC BY,This is an open access article under the CC BY license (http://creativecommons.org/licenses/by/4.0/). ,"Data Availability Statement • We analyzed an open-access dataset from the Allen Institute for Brain Science. 30 , 31 We provide minimally preprocessed data and analysis code to make the reproduction of our results easier. • Minimally processed data have been deposited at Figshare ( https://doi.org/10.5522/04/30136174.v1 ). • All original code is available on GitHub ( https://github.com/eabhorrocks/HorrocksSaleem_AllenVisSpeed ) and has been deposited at Zenodo ( https://doi.org/10.5281/zenodo.17512798 ).","[""https://doi.org/10.5281/zenodo.17512798"", ""https://doi.org/10.5522/04/30136174.v1"", ""https://github.com/eabhorrocks/HorrocksSaleem_AllenVisSpeed""]","[""https://doi.org/10.5281/zenodo.17512798""]",DECLARED_LINK_ONLY,NOT_TESTED,NOT_TESTED,a8147e5834da4d0b79c46d336083c11cb363ca2cc118a56aa66d436055fff681,fulltext_xml/PMC12796763.xml,2026-09-26T15:31:31.072284+00:00,neuroscience,"[{""url"": ""https://doi.org/10.5281/zenodo.17512798"", ""source_type"": ""STATEMENT_DOI_NORMALIZED""}, {""url"": ""https://doi.org/10.5281/zenodo.17512798"", ""source_type"": ""STATEMENT_TEXT_URL""}, {""url"": ""https://doi.org/10.5281/zenodo.17512798"", ""source_type"": ""XML_EXT_LINK_HREF""}, {""url"": ""https://doi.org/10.5522/04/30136174.v1"", ""source_type"": ""STATEMENT_TEXT_URL""}, {""url"": ""https://doi.org/10.5522/04/30136174.v1"", ""source_type"": ""XML_EXT_LINK_HREF""}, {""url"": ""https://github.com/eabhorrocks/HorrocksSaleem_AllenVisSpeed"", ""source_type"": ""STATEMENT_TEXT_URL""}, {""url"": ""https://github.com/eabhorrocks/HorrocksSaleem_AllenVisSpeed"", ""source_type"": ""XML_EXT_LINK_HREF""}]",[],Declared links only. Extraction is not exhaustive; non-whitelisted bare DOI resources may be omitted. Data format and access conditions were not independently checked; links may refer to processed data or conditional external resources.
Core principles of responsible generative AI usage in research.,2025,AI and ethics,10.1007/s43681-025-00768-8,PMC12592249,https://www.ebi.ac.uk/europepmc/webservices/rest/PMC12592249/fullTextXML,HTTP_200_XML_PARSED_DOI_MATCHED,research-article,CC BY,"Open Access This article is licensed under a Creative Commons Attribution 4.0 International License, which permits use, sharing, adaptation, distribution and reproduction in any medium or format, as long as you give appropriate credit to the original author(s) and the source, provide a link to the Creative Commons licence, and indicate if changes were made. The images or other third party material in this article are included in the article’s Creative Commons licence, unless indicated otherwise in a credit line to the material. If material is not included in the article’s Creative Commons licence and your intended use is not permitted by statutory regulation or exceeds the permitted use, you will need to obtain permission directly from the copyright holder. To view a copy of this licence, visit http://creativecommons.org/licenses/by/4.0/ . https://creativecommons.org/licenses/by/4.0/ uri","Data availability All anonymised raw and processed data, as well as the survey materials, are publicly shared on the Open Science Framework page of this project [10.17605/OSF.IO/T3SFB]. Our methodology and data analysis plan were preregistered before the project. The preregistration document can be accessed at [10.17605/OSF.IO/R4W9B].
Data Availability Statement All anonymised raw and processed data, as well as the survey materials, are publicly shared on the Open Science Framework page of this project [10.17605/OSF.IO/T3SFB]. Our methodology and data analysis plan were preregistered before the project. The preregistration document can be accessed at [10.17605/OSF.IO/R4W9B].","[""https://doi.org/10.17605/OSF.IO/R4W9B"", ""https://doi.org/10.17605/OSF.IO/T3SFB""]","[""https://doi.org/10.17605/OSF.IO/R4W9B"", ""https://doi.org/10.17605/OSF.IO/T3SFB""]",DECLARED_LINK_ONLY,NOT_TESTED,NOT_TESTED,80f2434a5561c2361a2ebcea379f12494c1a7b99bfdb5fc176e019444b99eb00,fulltext_xml/PMC12592249.xml,2026-09-26T15:31:35.939167+00:00,psychology,"[{""url"": ""https://doi.org/10.17605/OSF.IO/R4W9B"", ""source_type"": ""STATEMENT_DOI_NORMALIZED""}, {""url"": ""https://doi.org/10.17605/OSF.IO/T3SFB"", ""source_type"": ""STATEMENT_DOI_NORMALIZED""}]",[],Declared links only. Extraction is not exhaustive; non-whitelisted bare DOI resources may be omitted. Data format and access conditions were not independently checked; links may refer to processed data or conditional external resources.
"De novo assembled nuclear, chloroplast, and mitochondrial genomes show high intraspecific variation in the tropical rainforest species Symphonia globulifera.",2025,"G3 (Bethesda, Md.)",10.1093/g3journal/jkaf208,PMC12611251,https://www.ebi.ac.uk/europepmc/webservices/rest/PMC12611251/fullTextXML,HTTP_200_XML_PARSED_DOI_MATCHED,research-article,CC BY,"https://creativecommons.org/licenses/by/4.0/ This is an Open Access article distributed under the terms of the Creative Commons Attribution License ( https://creativecommons.org/licenses/by/4.0/ ), which permits unrestricted reuse, distribution, and reproduction in any medium, provided the original work is properly cited. textmining ccbylicense uri https://creativecommons.org/licenses/by/4.0/","Data availability The raw reads, nuclear genome assembly (GCA_965614385.1), and chloroplast assembly ( OZ172679.1 ) are available from the ENA under project PRJEB62664. Nuclear coding sequences from the de novo genome assembly, the annotated genome assembly, and pairwise alignments of nuclear single-copy genes between African and American S. globulifera specimens are available from Zenodo under DOI 10.5281/zenodo.13270663 together with aligned chloroplast and mitochondrial coding genes. Supplemental material available at G3 online.","[""https://doi.org/10.5281/zenodo.13270663""]","[""https://doi.org/10.5281/zenodo.13270663""]",DECLARED_LINK_ONLY,NOT_TESTED,NOT_TESTED,5ea11cce2c96efdcb5174eb068e11843f46b7760eab80d6415817636de666fc0,fulltext_xml/PMC12611251.xml,2026-09-26T15:31:45.828102+00:00,genomics,"[{""url"": ""https://doi.org/10.5281/zenodo.13270663"", ""source_type"": ""STATEMENT_DOI_NORMALIZED""}]",[],Declared links only. Extraction is not exhaustive; non-whitelisted bare DOI resources may be omitted. Data format and access conditions were not independently checked; links may refer to processed data or conditional external resources.
Registration and reporting of clinical trials affiliated with California universities and with primary completion date from 2014 to 2017.,2025,Trials,10.1186/s13063-025-09270-2,PMC12771935,https://www.ebi.ac.uk/europepmc/webservices/rest/PMC12771935/fullTextXML,HTTP_200_XML_PARSED_DOI_MATCHED,research-article,CC BY,"Open Access This article is licensed under a Creative Commons Attribution 4.0 International License, which permits use, sharing, adaptation, distribution and reproduction in any medium or format, as long as you give appropriate credit to the original author(s) and the source, provide a link to the Creative Commons licence, and indicate if changes were made. The images or other third party material in this article are included in the article's Creative Commons licence, unless indicated otherwise in a credit line to the material. If material is not included in the article's Creative Commons licence and your intended use is not permitted by statutory regulation or exceeds the permitted use, you will need to obtain permission directly from the copyright holder. To view a copy of this licence, visit http://creativecommons.org/licenses/by/4.0/ . https://creativecommons.org/licenses/by/4.0/ uri","Data availability The initial registry data from the AACT is available at https://github.com/maia-sh/california-trials (archived in Zenodo at 10.5281/zenodo.16949414). The final dataset used for analysis is available at https://codeberg.org/quest-bih/california-clinical-reporting/src/branch/main/data (archived in Zenodo at 10.5281/zenodo.16918178).
Data Availability Statement The initial registry data from the AACT is available at https://github.com/maia-sh/california-trials (archived in Zenodo at 10.5281/zenodo.16949414). The final dataset used for analysis is available at https://codeberg.org/quest-bih/california-clinical-reporting/src/branch/main/data (archived in Zenodo at 10.5281/zenodo.16918178). The code used for the initial query of registry data via AACT is available at https://github.com/maia-sh/california-trials (archived in Zenodo at 10.5281/zenodo.16949414). Code for data analysis is available at https://codeberg.org/quest-bih/california-clinical-reporting (archived in Zenodo at 10.5281/zenodo.16918178). Statistical results output is deposited at Stanford Digital Repository: 10.25740/gq169sj2027.","[""https://codeberg.org/quest-bih/california-clinical-reporting"", ""https://codeberg.org/quest-bih/california-clinical-reporting/src/branch/main/data"", ""https://doi.org/10.5281/zenodo.16918178"", ""https://doi.org/10.5281/zenodo.16949414"", ""https://github.com/maia-sh/california-trials""]","[""https://doi.org/10.5281/zenodo.16918178"", ""https://doi.org/10.5281/zenodo.16949414""]",DECLARED_LINK_ONLY,NOT_TESTED,NOT_TESTED,8e17939acfc36007e90ae722e1a0e149fd2273339e6441e1fe71c846840758dd,fulltext_xml/PMC12771935.xml,2026-09-26T15:31:52.270200+00:00,public_health,"[{""url"": ""https://codeberg.org/quest-bih/california-clinical-reporting"", ""source_type"": ""STATEMENT_TEXT_URL""}, {""url"": ""https://codeberg.org/quest-bih/california-clinical-reporting"", ""source_type"": ""XML_EXT_LINK_HREF""}, {""url"": ""https://codeberg.org/quest-bih/california-clinical-reporting/src/branch/main/data"", ""source_type"": ""STATEMENT_TEXT_URL""}, {""url"": ""https://codeberg.org/quest-bih/california-clinical-reporting/src/branch/main/data"", ""source_type"": ""XML_EXT_LINK_HREF""}, {""url"": ""https://doi.org/10.5281/zenodo.16918178"", ""source_type"": ""STATEMENT_DOI_NORMALIZED""}, {""url"": ""https://doi.org/10.5281/zenodo.16949414"", ""source_type"": ""STATEMENT_DOI_NORMALIZED""}, {""url"": ""https://github.com/maia-sh/california-trials"", ""source_type"": ""STATEMENT_TEXT_URL""}, {""url"": ""https://github.com/maia-sh/california-trials"", ""source_type"": ""XML_EXT_LINK_HREF""}]",[],Declared links only. Extraction is not exhaustive; non-whitelisted bare DOI resources may be omitted. Data format and access conditions were not independently checked; links may refer to processed data or conditional external resources.
