source_group,field,title,doi,pmcid,fulltext_status,relative_fulltext_path,source_url
existing600,candidate50,Chromosome-level assembly of the club-legged grasshopper (Gomphocerus sibiricus) genome.,10.1093/g3journal/jkaf231,PMC12693501,ARCHIVED_CC_BY_OR_CC0,public_papers/fulltext_xml/PMC12693501.xml,https://www.ebi.ac.uk/europepmc/webservices/rest/PMC12693501/fullTextXML
existing600,candidate50,Genetic architecture and mechanisms of host-microbiome interactions from a multi-cohort analysis of outbred laboratory rats.,10.1038/s41467-025-66105-z,PMC12715198,ARCHIVED_CC_BY_OR_CC0,public_papers/fulltext_xml/PMC12715198.xml,https://www.ebi.ac.uk/europepmc/webservices/rest/PMC12715198/fullTextXML
existing600,candidate50,De novo genome assembly of the endemic Italian springtail Orchesella dallaii (Collembola: Orchesellidae).,10.1093/g3journal/jkaf240,PMC12693562,ARCHIVED_CC_BY_OR_CC0,public_papers/fulltext_xml/PMC12693562.xml,https://www.ebi.ac.uk/europepmc/webservices/rest/PMC12693562/fullTextXML
existing600,candidate50,"Network-based proactive contact tracing: A pre-emptive, degree-based alerting framework for privacy-preserving COVID-19 apps.",10.1371/journal.pdig.0000966,PMC12629462,ARCHIVED_CC_BY_OR_CC0,public_papers/fulltext_xml/PMC12629462.xml,https://www.ebi.ac.uk/europepmc/webservices/rest/PMC12629462/fullTextXML
existing600,candidate50,Less is more: improving cell-type identification with augmentation-free single-cell RNA-Seq contrastive learning.,10.1093/bioinformatics/btaf437,PMC12417077,ARCHIVED_CC_BY_OR_CC0,public_papers/fulltext_xml/PMC12417077.xml,https://www.ebi.ac.uk/europepmc/webservices/rest/PMC12417077/fullTextXML
existing600,candidate50,Climate Change Favors African Malaria Vector Mosquitoes.,10.1111/gcb.70610,PMC12648371,ARCHIVED_CC_BY_OR_CC0,public_papers/fulltext_xml/PMC12648371.xml,https://www.ebi.ac.uk/europepmc/webservices/rest/PMC12648371/fullTextXML
existing600,candidate50,G-protein-coupled receptor diversity and evolution in the closest living relatives of metazoa.,10.7554/elife.107467,PMC12716839,ARCHIVED_CC_BY_OR_CC0,public_papers/fulltext_xml/PMC12716839.xml,https://www.ebi.ac.uk/europepmc/webservices/rest/PMC12716839/fullTextXML
existing600,candidate50,"Different patterns, but no temporal decline in temperate forest soil meso- and macrofauna over the last decade.",10.1002/ecy.70246,PMC12611797,ARCHIVED_CC_BY_OR_CC0,public_papers/fulltext_xml/PMC12611797.xml,https://www.ebi.ac.uk/europepmc/webservices/rest/PMC12611797/fullTextXML
existing600,candidate50,Whole Body Motor Adaptation in Goldfish Using Fish Operated Vehicle.,10.1111/ejn.70241,PMC12404787,ARCHIVED_CC_BY_OR_CC0,public_papers/fulltext_xml/PMC12404787.xml,https://www.ebi.ac.uk/europepmc/webservices/rest/PMC12404787/fullTextXML
existing600,candidate50,Advances in deep reinforcement learning enable better predictions of human behavior in time-continuous tasks.,10.1371/journal.pone.0338034,PMC12677501,ARCHIVED_CC_BY_OR_CC0,public_papers/fulltext_xml/PMC12677501.xml,https://www.ebi.ac.uk/europepmc/webservices/rest/PMC12677501/fullTextXML
existing600,candidate50,Genome assembly of Bougainvillia cf. muscus (Cnidaria: Hydrozoa).,10.1093/g3journal/jkaf110,PMC12239608,ARCHIVED_CC_BY_OR_CC0,public_papers/fulltext_xml/PMC12239608.xml,https://www.ebi.ac.uk/europepmc/webservices/rest/PMC12239608/fullTextXML
existing600,candidate50,COVID-19-related research data availability and quality according to the FAIR principles: A meta-research study.,10.1371/journal.pone.0313991,PMC11573139,ARCHIVED_CC_BY_OR_CC0,public_papers/fulltext_xml/PMC11573139.xml,https://www.ebi.ac.uk/europepmc/webservices/rest/PMC11573139/fullTextXML
existing600,candidate50,Contrasting pathways to tree longevity in gymnosperms and angiosperms.,10.1038/s41467-025-67619-2,PMC12830884,ARCHIVED_CC_BY_OR_CC0,public_papers/fulltext_xml/PMC12830884.xml,https://www.ebi.ac.uk/europepmc/webservices/rest/PMC12830884/fullTextXML
existing600,candidate50,Large-scale plant genomic identification and analysis uncover &lt;i&gt;ASMT/COMT&lt;/i&gt; copy number variation driving melatonin dosage balance.,10.1093/hr/uhaf348,PMC13002329,ARCHIVED_CC_BY_OR_CC0,public_papers/fulltext_xml/PMC13002329.xml,https://www.ebi.ac.uk/europepmc/webservices/rest/PMC13002329/fullTextXML
existing600,candidate50,Evaluating the feasibility of automating dataset retrieval for biodiversity monitoring.,10.7717/peerj.18853,PMC11786708,ARCHIVED_CC_BY_OR_CC0,public_papers/fulltext_xml/PMC11786708.xml,https://www.ebi.ac.uk/europepmc/webservices/rest/PMC11786708/fullTextXML
existing600,candidate50,N2 sleep promotes the occurrence of 'aha' moments in a perceptual insight task.,10.1371/journal.pbio.3003185,PMC12200826,ARCHIVED_CC_BY_OR_CC0,public_papers/fulltext_xml/PMC12200826.xml,https://www.ebi.ac.uk/europepmc/webservices/rest/PMC12200826/fullTextXML
existing600,candidate50,Removing facial features from structural MRI images biases visual quality assessment.,10.1371/journal.pbio.3003149,PMC12143891,ARCHIVED_CC_BY_OR_CC0,public_papers/fulltext_xml/PMC12143891.xml,https://www.ebi.ac.uk/europepmc/webservices/rest/PMC12143891/fullTextXML
existing600,candidate50,A colorful legacy of hybridization in wood-warblers includes frequent sharing of carotenoid genes among species and genera.,10.1371/journal.pbio.3003501,PMC12698001,ARCHIVED_CC_BY_OR_CC0,public_papers/fulltext_xml/PMC12698001.xml,https://www.ebi.ac.uk/europepmc/webservices/rest/PMC12698001/fullTextXML
existing600,candidate50,Workplace Gaslighting: Implications for Employees' Mental Health and Work Life in Greece.,10.3390/healthcare13243255,PMC12733234,ARCHIVED_CC_BY_OR_CC0,public_papers/fulltext_xml/PMC12733234.xml,https://www.ebi.ac.uk/europepmc/webservices/rest/PMC12733234/fullTextXML
existing600,candidate50,Data accessibility in the chemical sciences: an analysis of recent practice in organic chemistry journals.,10.3762/bjoc.21.70,PMC12051459,ARCHIVED_CC_BY_OR_CC0,public_papers/fulltext_xml/PMC12051459.xml,https://www.ebi.ac.uk/europepmc/webservices/rest/PMC12051459/fullTextXML
existing600,candidate50,Phenology-informed decline risk of estuarine fishes and their prey suggests potential for future trophic mismatches.,10.1002/eap.70130,PMC12602011,ARCHIVED_CC_BY_OR_CC0,public_papers/fulltext_xml/PMC12602011.xml,https://www.ebi.ac.uk/europepmc/webservices/rest/PMC12602011/fullTextXML
existing600,candidate50,"Rethinking large-scale phylogenomics with EukPhylo v.1.0, a flexible toolkit to enable phylogeny-informed data curation and analyses of diverse eukaryotic lineages.",10.1128/mbio.01770-25,PMC12506077,ARCHIVED_CC_BY_OR_CC0,public_papers/fulltext_xml/PMC12506077.xml,https://www.ebi.ac.uk/europepmc/webservices/rest/PMC12506077/fullTextXML
existing600,candidate50,Life history induces markedly divergent insect responses to habitat loss.,10.1111/1365-2656.70117,PMC12775549,ARCHIVED_CC_BY_OR_CC0,public_papers/fulltext_xml/PMC12775549.xml,https://www.ebi.ac.uk/europepmc/webservices/rest/PMC12775549/fullTextXML
existing600,candidate50,CHCHD2 mutant mice link mitochondrial deficits to PD pathophysiology.,10.1126/sciadv.adu0726,PMC12617525,ARCHIVED_CC_BY_OR_CC0,public_papers/fulltext_xml/PMC12617525.xml,https://www.ebi.ac.uk/europepmc/webservices/rest/PMC12617525/fullTextXML
existing600,candidate50,"Standardized effect sizes are far from ""Standardized"": A primer and empirical illustration in depression psychotherapy meta-analyses.",10.1371/journal.pmen.0000347,PMC12798590,ARCHIVED_CC_BY_OR_CC0,public_papers/fulltext_xml/PMC12798590.xml,https://www.ebi.ac.uk/europepmc/webservices/rest/PMC12798590/fullTextXML
existing600,candidate50,A Prelude to Conservation Genomics: First Chromosome-Level Genome Assembly of a Flying Squirrel (Pteromyini: &lt;i&gt;Pteromys volans&lt;/i&gt;).,10.1002/ece3.71905,PMC12400938,ARCHIVED_CC_BY_OR_CC0,public_papers/fulltext_xml/PMC12400938.xml,https://www.ebi.ac.uk/europepmc/webservices/rest/PMC12400938/fullTextXML
existing600,candidate50,A preliminary assessment of population genetic structure of the common vampire bat (&lt;i&gt;Desmodus rotundus&lt;/i&gt;) in Colombia.,10.7717/peerj.20306,PMC12614099,ARCHIVED_CC_BY_OR_CC0,public_papers/fulltext_xml/PMC12614099.xml,https://www.ebi.ac.uk/europepmc/webservices/rest/PMC12614099/fullTextXML
existing600,candidate50,M-polynomial driven machine learning models for predicting physicochemical properties of antibiotics.,10.1371/journal.pone.0338093,PMC12724536,ARCHIVED_CC_BY_OR_CC0,public_papers/fulltext_xml/PMC12724536.xml,https://www.ebi.ac.uk/europepmc/webservices/rest/PMC12724536/fullTextXML
existing600,candidate50,Climate-Induced Changes in Habitat Suitability for a Cold-Water Endemic Species in the Lancang River Basin: A Case Study of &lt;i&gt;Schizothorax lantsangensis&lt;/i&gt;.,10.1002/ece3.72753,PMC12719919,ARCHIVED_CC_BY_OR_CC0,public_papers/fulltext_xml/PMC12719919.xml,https://www.ebi.ac.uk/europepmc/webservices/rest/PMC12719919/fullTextXML
existing600,candidate50,"A gapless genome of early-diverging Asteraceae species, &lt;i&gt;Gerbera&lt;/i&gt;, provides insights for ray floret differentiation in the capitula.",10.1093/hr/uhaf357,PMC13101651,ARCHIVED_CC_BY_OR_CC0,public_papers/fulltext_xml/PMC13101651.xml,https://www.ebi.ac.uk/europepmc/webservices/rest/PMC13101651/fullTextXML
existing600,candidate50,StrataSeq: A Workflow for Rapid Development of Molecular Databases for Hard-To-Identify Species.,10.1002/ece3.72375,PMC12547479,ARCHIVED_CC_BY_OR_CC0,public_papers/fulltext_xml/PMC12547479.xml,https://www.ebi.ac.uk/europepmc/webservices/rest/PMC12547479/fullTextXML
existing600,candidate50,Cortical astrocyte histamine-1-receptors regulate intracellular calcium and extracellular adenosine dynamics across sleep and wake.,10.1371/journal.pbio.3003376,PMC12490766,ARCHIVED_CC_BY_OR_CC0,public_papers/fulltext_xml/PMC12490766.xml,https://www.ebi.ac.uk/europepmc/webservices/rest/PMC12490766/fullTextXML
existing600,candidate50,Navigation strategies in Caenorhabditis elegans are differentially altered by learning.,10.1371/journal.pbio.3003005,PMC12135928,ARCHIVED_CC_BY_OR_CC0,public_papers/fulltext_xml/PMC12135928.xml,https://www.ebi.ac.uk/europepmc/webservices/rest/PMC12135928/fullTextXML
existing600,candidate50,Genomic and phenotypic insights into the expanding phylogenetic landscape of the Cryptococcus genus.,10.1371/journal.pgen.1011945,PMC12633873,ARCHIVED_CC_BY_OR_CC0,public_papers/fulltext_xml/PMC12633873.xml,https://www.ebi.ac.uk/europepmc/webservices/rest/PMC12633873/fullTextXML
existing600,candidate50,Evidence-based public health messaging on the non-visual effects of ocular light exposure: a modified Delphi expert consensus.,10.1136/bmjph-2025-003205,PMC12519682,ARCHIVED_CC_BY_OR_CC0,public_papers/fulltext_xml/PMC12519682.xml,https://www.ebi.ac.uk/europepmc/webservices/rest/PMC12519682/fullTextXML
existing600,candidate50,Expediting hit-to-lead progression in drug discovery through reaction prediction and multi-dimensional optimization.,10.1038/s41467-025-66324-4,PMC12749626,ARCHIVED_CC_BY_OR_CC0,public_papers/fulltext_xml/PMC12749626.xml,https://www.ebi.ac.uk/europepmc/webservices/rest/PMC12749626/fullTextXML
existing600,candidate50,Phylogenomics provides comprehensive insights into the evolutionary relationships among cultivated buckwheat species.,10.1186/s13059-025-03793-2,PMC12487180,ARCHIVED_CC_BY_OR_CC0,public_papers/fulltext_xml/PMC12487180.xml,https://www.ebi.ac.uk/europepmc/webservices/rest/PMC12487180/fullTextXML
existing600,candidate50,Measuring competition coefficients in an ant community: Implications for intraspecific adaptation load.,10.1002/ecy.70274,PMC12683613,ARCHIVED_CC_BY_OR_CC0,public_papers/fulltext_xml/PMC12683613.xml,https://www.ebi.ac.uk/europepmc/webservices/rest/PMC12683613/fullTextXML
existing600,candidate50,&lt;i&gt;ybx1&lt;/i&gt; acts upstream of &lt;i&gt;atoh1a&lt;/i&gt; to promote the rapid regeneration of hair cells in zebrafish lateral-line neuromasts.,10.7717/peerj.19949,PMC12447950,ARCHIVED_CC_BY_OR_CC0,public_papers/fulltext_xml/PMC12447950.xml,https://www.ebi.ac.uk/europepmc/webservices/rest/PMC12447950/fullTextXML
existing600,candidate50,Wearing face masks when no longer mandatory: An exploratory study about attitudinal and psychological health factors in a large Italian sample.,10.1371/journal.pone.0314607,PMC11878940,ARCHIVED_CC_BY_OR_CC0,public_papers/fulltext_xml/PMC11878940.xml,https://www.ebi.ac.uk/europepmc/webservices/rest/PMC11878940/fullTextXML
existing600,candidate50,A metabolic atlas of the Klebsiella pneumoniae species complex reveals lineage-specific metabolism and capacity for intra-species co-operation.,10.1371/journal.pbio.3003559,PMC12700438,ARCHIVED_CC_BY_OR_CC0,public_papers/fulltext_xml/PMC12700438.xml,https://www.ebi.ac.uk/europepmc/webservices/rest/PMC12700438/fullTextXML
existing600,candidate50,Afforestation as a mitigation strategy: countering climate-induced risk of forest carbon sink in China.,10.1186/s13021-025-00308-1,PMC12182680,ARCHIVED_CC_BY_OR_CC0,public_papers/fulltext_xml/PMC12182680.xml,https://www.ebi.ac.uk/europepmc/webservices/rest/PMC12182680/fullTextXML
existing600,candidate50,Evolution of Repetitive Genomic Content and Gene Families Over Geo-Climatic Gradients in Brassicaceae.,10.1002/ece3.72462,PMC12689959,ARCHIVED_CC_BY_OR_CC0,public_papers/fulltext_xml/PMC12689959.xml,https://www.ebi.ac.uk/europepmc/webservices/rest/PMC12689959/fullTextXML
existing600,candidate50,Human and conservation factors affect spatial variation of reef fish assemblages in Colombian Pacific reefs.,10.7717/peerj.19482,PMC12182057,ARCHIVED_CC_BY_OR_CC0,public_papers/fulltext_xml/PMC12182057.xml,https://www.ebi.ac.uk/europepmc/webservices/rest/PMC12182057/fullTextXML
existing600,candidate50,Non-invasive ultrasonic neuromodulation of the human nucleus accumbens impacts reward sensitivity.,10.1038/s41467-025-65080-9,PMC12660320,ARCHIVED_CC_BY_OR_CC0,public_papers/fulltext_xml/PMC12660320.xml,https://www.ebi.ac.uk/europepmc/webservices/rest/PMC12660320/fullTextXML
existing600,candidate50,Assessing the Value of Testate Amoebae and their Functional Traits in Detecting Climate Change-Induced Peatland Drying.,10.1007/s00248-025-02682-2,PMC12819454,ARCHIVED_CC_BY_OR_CC0,public_papers/fulltext_xml/PMC12819454.xml,https://www.ebi.ac.uk/europepmc/webservices/rest/PMC12819454/fullTextXML
existing600,candidate50,Locomotion selectively enhances visual speed encoding in mouse medial higher visual areas.,10.1016/j.isci.2025.114395,PMC12796763,ARCHIVED_CC_BY_OR_CC0,public_papers/fulltext_xml/PMC12796763.xml,https://www.ebi.ac.uk/europepmc/webservices/rest/PMC12796763/fullTextXML
existing600,candidate50,Core principles of responsible generative AI usage in research.,10.1007/s43681-025-00768-8,PMC12592249,ARCHIVED_CC_BY_OR_CC0,public_papers/fulltext_xml/PMC12592249.xml,https://www.ebi.ac.uk/europepmc/webservices/rest/PMC12592249/fullTextXML
existing600,candidate50,"De novo assembled nuclear, chloroplast, and mitochondrial genomes show high intraspecific variation in the tropical rainforest species Symphonia globulifera.",10.1093/g3journal/jkaf208,PMC12611251,ARCHIVED_CC_BY_OR_CC0,public_papers/fulltext_xml/PMC12611251.xml,https://www.ebi.ac.uk/europepmc/webservices/rest/PMC12611251/fullTextXML
existing600,candidate50,Registration and reporting of clinical trials affiliated with California universities and with primary completion date from 2014 to 2017.,10.1186/s13063-025-09270-2,PMC12771935,ARCHIVED_CC_BY_OR_CC0,public_papers/fulltext_xml/PMC12771935.xml,https://www.ebi.ac.uk/europepmc/webservices/rest/PMC12771935/fullTextXML
existing600,claim_evidence,Structured information extraction from scientific text with large language models.,10.1038/s41467-024-45563-x,PMC10869356,ARCHIVED_CC_BY_OR_CC0,research_fields/technical/fulltext/PMC10869356.xml,https://www.ebi.ac.uk/europepmc/webservices/rest/PMC10869356/fullTextXML
existing600,claim_evidence,An Empirical Evaluation of Prompting Strategies for Large Language Models in Zero-Shot Clinical Natural Language Processing: Algorithm Development and Validation Study.,10.2196/55318,PMC11036183,ARCHIVED_CC_BY_OR_CC0,research_fields/technical/fulltext/PMC11036183.xml,https://www.ebi.ac.uk/europepmc/webservices/rest/PMC11036183/fullTextXML
existing600,claim_evidence,Transfer learning for biomedical named entity recognition with neural networks.,10.1093/bioinformatics/bty449,PMC6247938,ARCHIVED_CC_BY_OR_CC0,research_fields/technical/fulltext/PMC6247938.xml,https://www.ebi.ac.uk/europepmc/webservices/rest/PMC6247938/fullTextXML
existing600,claim_evidence,Large Language Model Applications for Health Information Extraction in Oncology: Scoping Review.,10.2196/65984,PMC11970800,ARCHIVED_CC_BY_OR_CC0,research_fields/technical/fulltext/PMC11970800.xml,https://www.ebi.ac.uk/europepmc/webservices/rest/PMC11970800/fullTextXML
existing600,claim_evidence,Coreference annotation and resolution in the Colorado Richly Annotated Full Text (CRAFT) corpus of biomedical journal articles.,10.1186/s12859-017-1775-9,PMC5561560,ARCHIVED_CC_BY_OR_CC0,research_fields/technical/fulltext/PMC5561560.xml,https://www.ebi.ac.uk/europepmc/webservices/rest/PMC5561560/fullTextXML
existing600,claim_evidence,Disease named entity recognition by combining conditional random fields and bidirectional recurrent neural networks.,10.1093/database/baw140,PMC5088735,ARCHIVED_CC_BY_OR_CC0,research_fields/technical/fulltext/PMC5088735.xml,https://www.ebi.ac.uk/europepmc/webservices/rest/PMC5088735/fullTextXML
existing600,claim_evidence,Can we replace curation with information extraction software?,10.1093/database/baw150,PMC5199131,ARCHIVED_CC_BY_OR_CC0,research_fields/technical/fulltext/PMC5199131.xml,https://www.ebi.ac.uk/europepmc/webservices/rest/PMC5199131/fullTextXML
existing600,claim_evidence,Developing a hybrid dictionary-based bio-entity recognition technique.,10.1186/1472-6947-15-s1-s9,PMC4460617,ARCHIVED_CC_BY_OR_CC0,research_fields/technical/fulltext/PMC4460617.xml,https://www.ebi.ac.uk/europepmc/webservices/rest/PMC4460617/fullTextXML
existing600,statistics,When and how should multiple imputation be used for handling missing data in randomised clinical trials - a practical guide with flowcharts.,10.1186/s12874-017-0442-1,PMC5717805,ARCHIVED_CC_BY_OR_CC0,research_fields/technical/fulltext/PMC5717805.xml,https://www.ebi.ac.uk/europepmc/webservices/rest/PMC5717805/fullTextXML
existing600,statistics,Missing Data in Clinical Research: A Tutorial on Multiple Imputation.,10.1016/j.cjca.2020.11.010,PMC8499698,ARCHIVED_CC_BY_OR_CC0,research_fields/technical/fulltext/PMC8499698.xml,https://www.ebi.ac.uk/europepmc/webservices/rest/PMC8499698/fullTextXML
existing600,statistics,The proportion of missing data should not be used to guide decisions on multiple imputation.,10.1016/j.jclinepi.2019.02.016,PMC6547017,ARCHIVED_CC_BY_OR_CC0,research_fields/technical/fulltext/PMC6547017.xml,https://www.ebi.ac.uk/europepmc/webservices/rest/PMC6547017/fullTextXML
existing600,statistics,Accounting for missing data in statistical analyses: multiple imputation is not always the answer.,10.1093/ije/dyz032,PMC6693809,ARCHIVED_CC_BY_OR_CC0,research_fields/technical/fulltext/PMC6693809.xml,https://www.ebi.ac.uk/europepmc/webservices/rest/PMC6693809/fullTextXML
existing600,statistics,LinkImpute: Fast and Accurate Genotype Imputation for Nonmodel Organisms.,10.1534/g3.115.021667,PMC4632058,ARCHIVED_CC_BY_OR_CC0,research_fields/technical/fulltext/PMC4632058.xml,https://www.ebi.ac.uk/europepmc/webservices/rest/PMC4632058/fullTextXML
existing600,statistics,Framework for the treatment and reporting of missing data in observational studies: The Treatment And Reporting of Missing data in Observational Studies framework.,10.1016/j.jclinepi.2021.01.008,PMC8168830,ARCHIVED_CC_BY_OR_CC0,research_fields/technical/fulltext/PMC8168830.xml,https://www.ebi.ac.uk/europepmc/webservices/rest/PMC8168830/fullTextXML
existing600,statistics,Nearest neighbor imputation algorithms: a critical evaluation.,10.1186/s12911-016-0318-z,PMC4959387,ARCHIVED_CC_BY_OR_CC0,research_fields/technical/fulltext/PMC4959387.xml,https://www.ebi.ac.uk/europepmc/webservices/rest/PMC4959387/fullTextXML
existing600,statistics,Colorectal Cancer and the Human Gut Microbiome: Reproducibility with Whole-Genome Shotgun Sequencing.,10.1371/journal.pone.0155362,PMC4865240,ARCHIVED_CC_BY_OR_CC0,research_fields/technical/fulltext/PMC4865240.xml,https://www.ebi.ac.uk/europepmc/webservices/rest/PMC4865240/fullTextXML
existing600,statistics,The rise of multiple imputation: a review of the reporting and implementation of the method in medical research.,10.1186/s12874-015-0022-1,PMC4396150,ARCHIVED_CC_BY_OR_CC0,research_fields/technical/fulltext/PMC4396150.xml,https://www.ebi.ac.uk/europepmc/webservices/rest/PMC4396150/fullTextXML
existing600,statistics,Guidance for DNA methylation studies: statistical insights from the Illumina EPIC array.,10.1186/s12864-019-5761-7,PMC6518823,ARCHIVED_CC_BY_OR_CC0,research_fields/technical/fulltext/PMC6518823.xml,https://www.ebi.ac.uk/europepmc/webservices/rest/PMC6518823/fullTextXML
existing600,statistics,A survey on missing data in machine learning.,10.1186/s40537-021-00516-9,PMC8549433,ARCHIVED_CC_BY_OR_CC0,research_fields/technical/fulltext/PMC8549433.xml,https://www.ebi.ac.uk/europepmc/webservices/rest/PMC8549433/fullTextXML
existing600,statistics,A comparison of multiple imputation methods for missing data in longitudinal studies.,10.1186/s12874-018-0615-6,PMC6292063,ARCHIVED_CC_BY_OR_CC0,research_fields/technical/fulltext/PMC6292063.xml,https://www.ebi.ac.uk/europepmc/webservices/rest/PMC6292063/fullTextXML
existing600,statistics,Characterization of missing values in untargeted MS-based metabolomics data and evaluation of missing data handling strategies.,10.1007/s11306-018-1420-2,PMC6153696,ARCHIVED_CC_BY_OR_CC0,research_fields/technical/fulltext/PMC6153696.xml,https://www.ebi.ac.uk/europepmc/webservices/rest/PMC6153696/fullTextXML
existing600,statistics,"Statistical significance: p value, 0.05 threshold, and applications to radiomics-reasons for a conservative approach.",10.1186/s41747-020-0145-y,PMC7064671,ARCHIVED_CC_BY_OR_CC0,research_fields/technical/fulltext/PMC7064671.xml,https://www.ebi.ac.uk/europepmc/webservices/rest/PMC7064671/fullTextXML
existing600,provenance,"Data quality in online human-subjects research: Comparisons between MTurk, Prolific, CloudResearch, Qualtrics, and SONA.",10.1371/journal.pone.0279720,PMC10013894,ARCHIVED_CC_BY_OR_CC0,research_fields/technical/fulltext/PMC10013894.xml,https://www.ebi.ac.uk/europepmc/webservices/rest/PMC10013894/fullTextXML
existing600,provenance,Threats of Bots and Other Bad Actors to Data Quality Following Research Participant Recruitment Through Social Media: Cross-Sectional Questionnaire.,10.2196/23021,PMC7578815,ARCHIVED_CC_BY_OR_CC0,research_fields/technical/fulltext/PMC7578815.xml,https://www.ebi.ac.uk/europepmc/webservices/rest/PMC7578815/fullTextXML
existing600,provenance,Optimization of cell viability assays to improve replicability and reproducibility of cancer drug sensitivity screens.,10.1038/s41598-020-62848-5,PMC7118156,ARCHIVED_CC_BY_OR_CC0,research_fields/technical/fulltext/PMC7118156.xml,https://www.ebi.ac.uk/europepmc/webservices/rest/PMC7118156/fullTextXML
existing600,provenance,"Challenges and recommendations for wearable devices in digital health: Data quality, interoperability, health equity, fairness.",10.1371/journal.pdig.0000104,PMC9931360,ARCHIVED_CC_BY_OR_CC0,research_fields/technical/fulltext/PMC9931360.xml,https://www.ebi.ac.uk/europepmc/webservices/rest/PMC9931360/fullTextXML
existing600,ai_evaluation,Reporting guidelines for clinical trial reports for interventions involving artificial intelligence: the CONSORT-AI extension.,10.1038/s41591-020-1034-x,PMC7598943,ARCHIVED_CC_BY_OR_CC0,research_fields/technical/fulltext/PMC7598943.xml,https://www.ebi.ac.uk/europepmc/webservices/rest/PMC7598943/fullTextXML
existing600,ai_evaluation,Evaluation and mitigation of the limitations of large language models in clinical decision-making.,10.1038/s41591-024-03097-1,PMC11405275,ARCHIVED_CC_BY_OR_CC0,research_fields/technical/fulltext/PMC11405275.xml,https://www.ebi.ac.uk/europepmc/webservices/rest/PMC11405275/fullTextXML
existing600,ai_evaluation,On evaluation metrics for medical applications of artificial intelligence.,10.1038/s41598-022-09954-8,PMC8993826,ARCHIVED_CC_BY_OR_CC0,research_fields/technical/fulltext/PMC8993826.xml,https://www.ebi.ac.uk/europepmc/webservices/rest/PMC8993826/fullTextXML
existing600,ai_evaluation,Guidelines for clinical trial protocols for interventions involving artificial intelligence: the SPIRIT-AI extension.,10.1038/s41591-020-1037-7,PMC7598944,ARCHIVED_CC_BY_OR_CC0,research_fields/technical/fulltext/PMC7598944.xml,https://www.ebi.ac.uk/europepmc/webservices/rest/PMC7598944/fullTextXML
existing600,ai_evaluation,"An Empathy-Driven, Conversational Artificial Intelligence Agent (Wysa) for Digital Mental Well-Being: Real-World Data Evaluation Mixed-Methods Study.",10.2196/12106,PMC6286427,ARCHIVED_CC_BY_OR_CC0,research_fields/technical/fulltext/PMC6286427.xml,https://www.ebi.ac.uk/europepmc/webservices/rest/PMC6286427/fullTextXML
existing600,ai_evaluation,Guidelines and quality criteria for artificial intelligence-based prediction models in healthcare: a scoping review.,10.1038/s41746-021-00549-7,PMC8748878,ARCHIVED_CC_BY_OR_CC0,research_fields/technical/fulltext/PMC8748878.xml,https://www.ebi.ac.uk/europepmc/webservices/rest/PMC8748878/fullTextXML
existing600,ai_evaluation,Development and evaluation of an artificial intelligence system for COVID-19 diagnosis.,10.1038/s41467-020-18685-1,PMC7547659,ARCHIVED_CC_BY_OR_CC0,research_fields/technical/fulltext/PMC7547659.xml,https://www.ebi.ac.uk/europepmc/webservices/rest/PMC7547659/fullTextXML
existing600,ai_evaluation,Evaluation of Combined Artificial Intelligence and Radiologist Assessment to Interpret Screening Mammograms.,10.1001/jamanetworkopen.2020.0265,PMC7052735,ARCHIVED_CC_BY_OR_CC0,research_fields/technical/fulltext/PMC7052735.xml,https://www.ebi.ac.uk/europepmc/webservices/rest/PMC7052735/fullTextXML
existing600,ai_evaluation,Using artificial intelligence to read chest radiographs for tuberculosis detection: A multi-site evaluation of the diagnostic accuracy of three deep learning systems.,10.1038/s41598-019-51503-3,PMC6802077,ARCHIVED_CC_BY_OR_CC0,research_fields/technical/fulltext/PMC6802077.xml,https://www.ebi.ac.uk/europepmc/webservices/rest/PMC6802077/fullTextXML
existing600,research_workflow,How open science helps researchers succeed.,10.7554/elife.16800,PMC4973366,ARCHIVED_CC_BY_OR_CC0,research_fields/technical/fulltext/PMC4973366.xml,https://www.ebi.ac.uk/europepmc/webservices/rest/PMC4973366/fullTextXML
existing600,research_workflow,Introducing the FAIR Principles for research software.,10.1038/s41597-022-01710-x,PMC9562067,ARCHIVED_CC_BY_OR_CC0,research_fields/technical/fulltext/PMC9562067.xml,https://www.ebi.ac.uk/europepmc/webservices/rest/PMC9562067/fullTextXML
existing600,research_workflow,"Open science datasets from PREVENT-AD, a longitudinal cohort of pre-symptomatic Alzheimer's disease.",10.1016/j.nicl.2021.102733,PMC8254111,ARCHIVED_CC_BY_OR_CC0,research_fields/technical/fulltext/PMC8254111.xml,https://www.ebi.ac.uk/europepmc/webservices/rest/PMC8254111/fullTextXML
existing600,research_workflow,A Bayesian Perspective on the Reproducibility Project: Psychology.,10.1371/journal.pone.0149794,PMC4769355,ARCHIVED_CC_BY_OR_CC0,research_fields/technical/fulltext/PMC4769355.xml,https://www.ebi.ac.uk/europepmc/webservices/rest/PMC4769355/fullTextXML
existing600,research_workflow,"Renin-angiotensin system blockers and susceptibility to COVID-19: an international, open science, cohort analysis.",10.1016/s2589-7500(20)30289-2,PMC7834915,ARCHIVED_CC_BY_OR_CC0,research_fields/technical/fulltext/PMC7834915.xml,https://www.ebi.ac.uk/europepmc/webservices/rest/PMC7834915/fullTextXML
existing600,research_workflow,SARS-CoV-2 vaccines: a triumph of science and collaboration.,10.1172/jci.insight.149187,PMC8262277,ARCHIVED_CC_BY_OR_CC0,research_fields/technical/fulltext/PMC8262277.xml,https://www.ebi.ac.uk/europepmc/webservices/rest/PMC8262277/fullTextXML
existing600,claim_evidence,"Information Extraction from the Text Data on Traditional Chinese Medicine: A Review on Tasks, Challenges, and Methods from 2010 to 2021.",10.1155/2022/1679589,PMC9122692,ARCHIVED_CC_BY_OR_CC0,research_fields/technical/fulltext/PMC9122692.xml,https://www.ebi.ac.uk/europepmc/webservices/rest/PMC9122692/fullTextXML
existing600,claim_evidence,CoCoScore: context-aware co-occurrence scoring for text mining applications using distant supervision.,10.1093/bioinformatics/btz490,PMC6956794,ARCHIVED_CC_BY_OR_CC0,research_fields/technical/fulltext/PMC6956794.xml,https://www.ebi.ac.uk/europepmc/webservices/rest/PMC6956794/fullTextXML
existing600,claim_evidence,A pre-training and self-training approach for biomedical named entity recognition.,10.1371/journal.pone.0246310,PMC7872256,ARCHIVED_CC_BY_OR_CC0,research_fields/technical/fulltext/PMC7872256.xml,https://www.ebi.ac.uk/europepmc/webservices/rest/PMC7872256/fullTextXML
existing600,claim_evidence,OC-2-KB: integrating crowdsourcing into an obesity and cancer knowledge base curation system.,10.1186/s12911-018-0635-5,PMC6069686,ARCHIVED_CC_BY_OR_CC0,research_fields/technical/fulltext/PMC6069686.xml,https://www.ebi.ac.uk/europepmc/webservices/rest/PMC6069686/fullTextXML
existing600,claim_evidence,Structured learning for spatial information extraction from biomedical text: bacteria biotopes.,10.1186/s12859-015-0542-z,PMC4426185,ARCHIVED_CC_BY_OR_CC0,research_fields/technical/fulltext/PMC4426185.xml,https://www.ebi.ac.uk/europepmc/webservices/rest/PMC4426185/fullTextXML
existing600,claim_evidence,A comparison of conditional random fields and structured support vector machines for chemical entity recognition in biomedical literature.,10.1186/1758-2946-7-s1-s8,PMC4331698,ARCHIVED_CC_BY_OR_CC0,research_fields/technical/fulltext/PMC4331698.xml,https://www.ebi.ac.uk/europepmc/webservices/rest/PMC4331698/fullTextXML
existing600,claim_evidence,Health Care Language Models and Their Fine-Tuning for Information Extraction: Scoping Review.,10.2196/60164,PMC11535799,ARCHIVED_CC_BY_OR_CC0,research_fields/technical/fulltext/PMC11535799.xml,https://www.ebi.ac.uk/europepmc/webservices/rest/PMC11535799/fullTextXML
existing600,claim_evidence,Exploiting and assessing multi-source data for supervised biomedical named entity recognition.,10.1093/bioinformatics/bty152,PMC6041968,ARCHIVED_CC_BY_OR_CC0,research_fields/technical/fulltext/PMC6041968.xml,https://www.ebi.ac.uk/europepmc/webservices/rest/PMC6041968/fullTextXML
existing600,claim_evidence,Distributed smoothed tree kernel for protein-protein interaction extraction from the biomedical literature.,10.1371/journal.pone.0187379,PMC5669485,ARCHIVED_CC_BY_OR_CC0,research_fields/technical/fulltext/PMC5669485.xml,https://www.ebi.ac.uk/europepmc/webservices/rest/PMC5669485/fullTextXML
existing600,claim_evidence,Establishing a baseline for literature mining human genetic variants and their relationships to disease cohorts.,10.1186/s12911-016-0294-3,PMC4959367,ARCHIVED_CC_BY_OR_CC0,research_fields/technical/fulltext/PMC4959367.xml,https://www.ebi.ac.uk/europepmc/webservices/rest/PMC4959367/fullTextXML
existing600,claim_evidence,Chemical named entity recognition in patents by domain knowledge and unsupervised feature learning.,10.1093/database/baw049,PMC4834204,ARCHIVED_CC_BY_OR_CC0,research_fields/technical/fulltext/PMC4834204.xml,https://www.ebi.ac.uk/europepmc/webservices/rest/PMC4834204/fullTextXML
existing600,claim_evidence,Performance of Natural Language Processing for Information Extraction From Electronic Health Records Within Cancer: Systematic Review.,10.2196/68707,PMC12431712,ARCHIVED_CC_BY_OR_CC0,research_fields/technical/fulltext/PMC12431712.xml,https://www.ebi.ac.uk/europepmc/webservices/rest/PMC12431712/fullTextXML
existing600,statistics,Random forest-based imputation outperforms other methods for imputing LC-MS metabolomics data: a comparative study.,10.1186/s12859-019-3110-0,PMC6788053,ARCHIVED_CC_BY_OR_CC0,research_fields/technical/fulltext/PMC6788053.xml,https://www.ebi.ac.uk/europepmc/webservices/rest/PMC6788053/fullTextXML
existing600,statistics,Outcome-sensitive multiple imputation: a simulation study.,10.1186/s12874-016-0281-5,PMC5220613,ARCHIVED_CC_BY_OR_CC0,research_fields/technical/fulltext/PMC5220613.xml,https://www.ebi.ac.uk/europepmc/webservices/rest/PMC5220613/fullTextXML
existing600,statistics,False signals induced by single-cell imputation.,10.12688/f1000research.16613.2,PMC6415334,ARCHIVED_CC_BY_OR_CC0,research_fields/technical/fulltext/PMC6415334.xml,https://www.ebi.ac.uk/europepmc/webservices/rest/PMC6415334/fullTextXML
existing600,statistics,"Accuracy of random-forest-based imputation of missing data in the presence of non-normality, non-linearity, and interaction.",10.1186/s12874-020-01080-1,PMC7382855,ARCHIVED_CC_BY_OR_CC0,research_fields/technical/fulltext/PMC7382855.xml,https://www.ebi.ac.uk/europepmc/webservices/rest/PMC7382855/fullTextXML
existing600,statistics,Model checking in multiple imputation: an overview and case study.,10.1186/s12982-017-0062-6,PMC5569512,ARCHIVED_CC_BY_OR_CC0,research_fields/technical/fulltext/PMC5569512.xml,https://www.ebi.ac.uk/europepmc/webservices/rest/PMC5569512/fullTextXML
existing600,statistics,"Power, false discovery rate and Winner's Curse in eQTL studies.",10.1093/nar/gky780,PMC6294523,ARCHIVED_CC_BY_OR_CC0,research_fields/technical/fulltext/PMC6294523.xml,https://www.ebi.ac.uk/europepmc/webservices/rest/PMC6294523/fullTextXML
existing600,statistics,Characterizing and Managing Missing Structured Data in Electronic Health Records: Data Analysis.,10.2196/medinform.8960,PMC5845101,ARCHIVED_CC_BY_OR_CC0,research_fields/technical/fulltext/PMC5845101.xml,https://www.ebi.ac.uk/europepmc/webservices/rest/PMC5845101/fullTextXML
existing600,statistics,Sample size calculation while controlling false discovery rate for differential expression analysis with RNA-sequencing experiments.,10.1186/s12859-016-0994-9,PMC4815167,ARCHIVED_CC_BY_OR_CC0,research_fields/technical/fulltext/PMC4815167.xml,https://www.ebi.ac.uk/europepmc/webservices/rest/PMC4815167/fullTextXML
existing600,statistics,Avoiding pitfalls when combining multiple imputation and propensity scores.,10.1002/sim.8355,PMC6856837,ARCHIVED_CC_BY_OR_CC0,research_fields/technical/fulltext/PMC6856837.xml,https://www.ebi.ac.uk/europepmc/webservices/rest/PMC6856837/fullTextXML
existing600,statistics,Linear mixed models to handle missing at random data in trial-based economic evaluations.,10.1002/hec.4510,PMC9325521,ARCHIVED_CC_BY_OR_CC0,research_fields/technical/fulltext/PMC9325521.xml,https://www.ebi.ac.uk/europepmc/webservices/rest/PMC9325521/fullTextXML
existing600,statistics,A comparison of different methods to handle missing data in the context of propensity score analysis.,10.1007/s10654-018-0447-z,PMC6325992,ARCHIVED_CC_BY_OR_CC0,research_fields/technical/fulltext/PMC6325992.xml,https://www.ebi.ac.uk/europepmc/webservices/rest/PMC6325992/fullTextXML
existing600,statistics,Methods for significance testing of categorical covariates in logistic regression models after multiple imputation: power and applicability analysis.,10.1186/s12874-017-0404-7,PMC5568368,ARCHIVED_CC_BY_OR_CC0,research_fields/technical/fulltext/PMC5568368.xml,https://www.ebi.ac.uk/europepmc/webservices/rest/PMC5568368/fullTextXML
existing600,statistics,Impact of missing data on bias and precision when estimating change in patient-reported outcomes from a clinical registry.,10.1186/s12955-019-1181-2,PMC6585083,ARCHIVED_CC_BY_OR_CC0,research_fields/technical/fulltext/PMC6585083.xml,https://www.ebi.ac.uk/europepmc/webservices/rest/PMC6585083/fullTextXML
existing600,statistics,Appropriate inclusion of interactions was needed to avoid bias in multiple imputation.,10.1016/j.jclinepi.2016.07.004,PMC5176003,ARCHIVED_CC_BY_OR_CC0,research_fields/technical/fulltext/PMC5176003.xml,https://www.ebi.ac.uk/europepmc/webservices/rest/PMC5176003/fullTextXML
existing600,statistics,A Benchmark for Data Imputation Methods.,10.3389/fdata.2021.693674,PMC8297389,ARCHIVED_CC_BY_OR_CC0,research_fields/technical/fulltext/PMC8297389.xml,https://www.ebi.ac.uk/europepmc/webservices/rest/PMC8297389/fullTextXML
existing600,statistics,Statistical analysis and handling of missing data in cluster randomized trials: a systematic review.,10.1186/s13063-016-1201-z,PMC4748550,ARCHIVED_CC_BY_OR_CC0,research_fields/technical/fulltext/PMC4748550.xml,https://www.ebi.ac.uk/europepmc/webservices/rest/PMC4748550/fullTextXML
existing600,provenance,Validation of data quality in the Swedish National Register for Breast Cancer.,10.1186/s12889-019-6846-6,PMC6498669,ARCHIVED_CC_BY_OR_CC0,research_fields/technical/fulltext/PMC6498669.xml,https://www.ebi.ac.uk/europepmc/webservices/rest/PMC6498669/fullTextXML
existing600,provenance,The Danish National Lymphoma Registry: Coverage and Data Quality.,10.1371/journal.pone.0157999,PMC4919044,ARCHIVED_CC_BY_OR_CC0,research_fields/technical/fulltext/PMC4919044.xml,https://www.ebi.ac.uk/europepmc/webservices/rest/PMC4919044/fullTextXML
existing600,provenance,Evaluating Foundational Data Quality in the National Patient-Centered Clinical Research Network (PCORnet®).,10.5334/egems.199,PMC5983028,ARCHIVED_CC_BY_OR_CC0,research_fields/technical/fulltext/PMC5983028.xml,https://www.ebi.ac.uk/europepmc/webservices/rest/PMC5983028/fullTextXML
existing600,provenance,"AiiDA 1.0, a scalable computational infrastructure for automated reproducible workflows and data provenance.",10.1038/s41597-020-00638-4,PMC7479590,ARCHIVED_CC_BY_OR_CC0,research_fields/technical/fulltext/PMC7479590.xml,https://www.ebi.ac.uk/europepmc/webservices/rest/PMC7479590/fullTextXML
existing600,provenance,HARmonized Protocol Template to Enhance Reproducibility of hypothesis evaluating real-world evidence studies on treatment effects: A good practices report of a joint ISPE/ISPOR task force.,10.1002/pds.5507,PMC9771861,ARCHIVED_CC_BY_OR_CC0,research_fields/technical/fulltext/PMC9771861.xml,https://www.ebi.ac.uk/europepmc/webservices/rest/PMC9771861/fullTextXML
existing600,provenance,Characterizing the clinical relevance of digital phenotyping data quality with applications to a cohort with schizophrenia.,10.1038/s41746-018-0022-8,PMC6550248,ARCHIVED_CC_BY_OR_CC0,research_fields/technical/fulltext/PMC6550248.xml,https://www.ebi.ac.uk/europepmc/webservices/rest/PMC6550248/fullTextXML
existing600,provenance,Barriers to data quality resulting from the process of coding health information to administrative data: a qualitative study.,10.1186/s12913-017-2697-y,PMC5700659,ARCHIVED_CC_BY_OR_CC0,research_fields/technical/fulltext/PMC5700659.xml,https://www.ebi.ac.uk/europepmc/webservices/rest/PMC5700659/fullTextXML
existing600,provenance,"A Fast, Reproducible, High-throughput Variant Calling Workflow for Population Genomics.",10.1093/molbev/msad270,PMC10764099,ARCHIVED_CC_BY_OR_CC0,research_fields/technical/fulltext/PMC10764099.xml,https://www.ebi.ac.uk/europepmc/webservices/rest/PMC10764099/fullTextXML
existing600,provenance,A classification of response scale characteristics that affect data quality: a literature review.,10.1007/s11135-017-0533-4,PMC5993837,ARCHIVED_CC_BY_OR_CC0,research_fields/technical/fulltext/PMC5993837.xml,https://www.ebi.ac.uk/europepmc/webservices/rest/PMC5993837/fullTextXML
existing600,provenance,Evaluating CloudResearch's Approved Group as a solution for problematic data quality on MTurk.,10.3758/s13428-022-01999-x,PMC10700412,ARCHIVED_CC_BY_OR_CC0,research_fields/technical/fulltext/PMC10700412.xml,https://www.ebi.ac.uk/europepmc/webservices/rest/PMC10700412/fullTextXML
existing600,provenance,Innovating to enhance clinical data management using non-commercial and open source solutions across a multi-center network supporting inpatient pediatric care and research in Kenya.,10.1093/jamia/ocv028,PMC4681113,ARCHIVED_CC_BY_OR_CC0,research_fields/technical/fulltext/PMC4681113.xml,https://www.ebi.ac.uk/europepmc/webservices/rest/PMC4681113/fullTextXML
existing600,provenance,Facilitating harmonized data quality assessments. A data quality framework for observational health research data collections with software implementations in R.,10.1186/s12874-021-01252-7,PMC8019177,ARCHIVED_CC_BY_OR_CC0,research_fields/technical/fulltext/PMC8019177.xml,https://www.ebi.ac.uk/europepmc/webservices/rest/PMC8019177/fullTextXML
existing600,provenance,Improving data quality across 3 sub-Saharan African countries using the Consolidated Framework for Implementation Research (CFIR): results from the African Health Initiative.,10.1186/s12913-017-2660-y,PMC5763292,ARCHIVED_CC_BY_OR_CC0,research_fields/technical/fulltext/PMC5763292.xml,https://www.ebi.ac.uk/europepmc/webservices/rest/PMC5763292/fullTextXML
existing600,provenance,From patient care to research: a validation study examining the factors contributing to data quality in a primary care electronic medical record database.,10.1186/s12875-015-0223-z,PMC4324413,ARCHIVED_CC_BY_OR_CC0,research_fields/technical/fulltext/PMC4324413.xml,https://www.ebi.ac.uk/europepmc/webservices/rest/PMC4324413/fullTextXML
existing600,provenance,Minimizing confounders and increasing data quality in murine models for studies of the gut microbiome.,10.7717/peerj.5166,PMC6046200,ARCHIVED_CC_BY_OR_CC0,research_fields/technical/fulltext/PMC6046200.xml,https://www.ebi.ac.uk/europepmc/webservices/rest/PMC6046200/fullTextXML
existing600,provenance,Digital Health Data Quality Issues: Systematic Review.,10.2196/42615,PMC10131725,ARCHIVED_CC_BY_OR_CC0,research_fields/technical/fulltext/PMC10131725.xml,https://www.ebi.ac.uk/europepmc/webservices/rest/PMC10131725/fullTextXML
existing600,provenance,Assessing the practice of data quality evaluation in a national clinical data research network through a systematic scoping review in the era of real-world data.,10.1093/jamia/ocaa245,PMC7727392,ARCHIVED_CC_BY_OR_CC0,research_fields/technical/fulltext/PMC7727392.xml,https://www.ebi.ac.uk/europepmc/webservices/rest/PMC7727392/fullTextXML
existing600,provenance,BioSamples database: FAIRer samples metadata to accelerate research data management.,10.1093/nar/gkab1046,PMC8728232,ARCHIVED_CC_BY_OR_CC0,research_fields/technical/fulltext/PMC8728232.xml,https://www.ebi.ac.uk/europepmc/webservices/rest/PMC8728232/fullTextXML
existing600,provenance,"Quality control questions on Amazon's Mechanical Turk (MTurk): A randomized trial of impact on the USAUDIT, PHQ-9, and GAD-7.",10.3758/s13428-021-01665-8,PMC8344397,ARCHIVED_CC_BY_OR_CC0,research_fields/technical/fulltext/PMC8344397.xml,https://www.ebi.ac.uk/europepmc/webservices/rest/PMC8344397/fullTextXML
existing600,provenance,Data Quality in Health Research: Integrative Literature Review.,10.2196/41446,PMC10646672,ARCHIVED_CC_BY_OR_CC0,research_fields/technical/fulltext/PMC10646672.xml,https://www.ebi.ac.uk/europepmc/webservices/rest/PMC10646672/fullTextXML
existing600,provenance,Metadata Stewardship in Nanosafety Research: Community-Driven Organisation of Metadata Schemas to Support FAIR Nanoscience Data.,10.3390/nano10102033,PMC7602672,ARCHIVED_CC_BY_OR_CC0,research_fields/technical/fulltext/PMC7602672.xml,https://www.ebi.ac.uk/europepmc/webservices/rest/PMC7602672/fullTextXML
existing600,provenance,Recommendations for measuring and standardizing light for laboratory mammals to improve welfare and reproducibility in animal research.,10.1371/journal.pbio.3002535,PMC10931507,ARCHIVED_CC_BY_OR_CC0,research_fields/technical/fulltext/PMC10931507.xml,https://www.ebi.ac.uk/europepmc/webservices/rest/PMC10931507/fullTextXML
existing600,provenance,Evaluating the data quality of iNaturalist termite records.,10.1371/journal.pone.0226534,PMC7197788,ARCHIVED_CC_BY_OR_CC0,research_fields/technical/fulltext/PMC7197788.xml,https://www.ebi.ac.uk/europepmc/webservices/rest/PMC7197788/fullTextXML
existing600,provenance,"Child anthropometry data quality from Demographic and Health Surveys, Multiple Indicator Cluster Surveys, and National Nutrition Surveys in the West Central Africa region: are we comparing apples and oranges?",10.1080/16549716.2017.1328185,PMC5496063,ARCHIVED_CC_BY_OR_CC0,research_fields/technical/fulltext/PMC5496063.xml,https://www.ebi.ac.uk/europepmc/webservices/rest/PMC5496063/fullTextXML
existing600,provenance,The utility of multivariate outlier detection techniques for data quality evaluation in large studies: an application within the ONDRI project.,10.1186/s12874-019-0737-5,PMC6521365,ARCHIVED_CC_BY_OR_CC0,research_fields/technical/fulltext/PMC6521365.xml,https://www.ebi.ac.uk/europepmc/webservices/rest/PMC6521365/fullTextXML
existing600,provenance,A standardized image processing and data quality platform for rodent fMRI.,10.1038/s41467-024-50826-8,PMC11306392,ARCHIVED_CC_BY_OR_CC0,research_fields/technical/fulltext/PMC11306392.xml,https://www.ebi.ac.uk/europepmc/webservices/rest/PMC11306392/fullTextXML
existing600,ai_evaluation,Role of Artificial Intelligence in Patient Safety Outcomes: Systematic Literature Review.,10.2196/18599,PMC7414411,ARCHIVED_CC_BY_OR_CC0,research_fields/technical/fulltext/PMC7414411.xml,https://www.ebi.ac.uk/europepmc/webservices/rest/PMC7414411/fullTextXML
existing600,ai_evaluation,Towards accurate differential diagnosis with large language models.,10.1038/s41586-025-08869-4,PMC12158753,ARCHIVED_CC_BY_OR_CC0,research_fields/technical/fulltext/PMC12158753.xml,https://www.ebi.ac.uk/europepmc/webservices/rest/PMC12158753/fullTextXML
existing600,research_workflow,The children's brain tumor network (CBTN) - Accelerating research in pediatric central nervous system tumors through collaboration and open science.,10.1016/j.neo.2022.100846,PMC9641002,ARCHIVED_CC_BY_OR_CC0,research_fields/technical/fulltext/PMC9641002.xml,https://www.ebi.ac.uk/europepmc/webservices/rest/PMC9641002/fullTextXML
existing600,research_workflow,An adversarial collaboration protocol for testing contrasting predictions of global neuronal workspace and integrated information theory.,10.1371/journal.pone.0268577,PMC9916582,ARCHIVED_CC_BY_OR_CC0,research_fields/technical/fulltext/PMC9916582.xml,https://www.ebi.ac.uk/europepmc/webservices/rest/PMC9916582/fullTextXML
existing600,research_workflow,Open collaborative writing with Manubot.,10.1371/journal.pcbi.1007128,PMC6611653,ARCHIVED_CC_BY_OR_CC0,research_fields/technical/fulltext/PMC6611653.xml,https://www.ebi.ac.uk/europepmc/webservices/rest/PMC6611653/fullTextXML
existing600,research_workflow,Dynamics of cumulative advantage and threats to equity in open science: a scoping review.,10.1098/rsos.211032,PMC8767192,ARCHIVED_CC_BY_OR_CC0,research_fields/technical/fulltext/PMC8767192.xml,https://www.ebi.ac.uk/europepmc/webservices/rest/PMC8767192/fullTextXML
existing600,research_workflow,"Fair Shares and Sharing Fairly: A Survey of Public Views on Open Science, Informed Consent and Participatory Research in Biobanking.",10.1371/journal.pone.0129893,PMC4495996,ARCHIVED_CC_BY_OR_CC0,research_fields/technical/fulltext/PMC4495996.xml,https://www.ebi.ac.uk/europepmc/webservices/rest/PMC4495996/fullTextXML
existing600,research_workflow,Towards reproducible radiomics research: introduction of a database for radiomics studies.,10.1007/s00330-023-10095-3,PMC10791815,ARCHIVED_CC_BY_OR_CC0,research_fields/technical/fulltext/PMC10791815.xml,https://www.ebi.ac.uk/europepmc/webservices/rest/PMC10791815/fullTextXML
existing600,research_workflow,How Do Scientists Define Openness? Exploring the Relationship Between Open Science Policies and Research Practice.,10.1177/0270467616668760,PMC5066505,ARCHIVED_CC_BY_OR_CC0,research_fields/technical/fulltext/PMC5066505.xml,https://www.ebi.ac.uk/europepmc/webservices/rest/PMC5066505/fullTextXML
existing600,research_workflow,FAIRly big: A framework for computationally reproducible processing of large-scale data.,10.1038/s41597-022-01163-2,PMC8917149,ARCHIVED_CC_BY_OR_CC0,research_fields/technical/fulltext/PMC8917149.xml,https://www.ebi.ac.uk/europepmc/webservices/rest/PMC8917149/fullTextXML
existing600,research_workflow,Toward collaborative open data science in metabolomics using Jupyter Notebooks and cloud computing.,10.1007/s11306-019-1588-0,PMC6745024,ARCHIVED_CC_BY_OR_CC0,research_fields/technical/fulltext/PMC6745024.xml,https://www.ebi.ac.uk/europepmc/webservices/rest/PMC6745024/fullTextXML
existing600,research_workflow,Building a multi-scaled geospatial temporal ecology database from disparate data sources: fostering open science and data reuse.,10.1186/s13742-015-0067-4,PMC4488039,ARCHIVED_CC_BY_OR_CC0,research_fields/technical/fulltext/PMC4488039.xml,https://www.ebi.ac.uk/europepmc/webservices/rest/PMC4488039/fullTextXML
existing600,research_workflow,Community consensus on core open science practices to monitor in biomedicine.,10.1371/journal.pbio.3001949,PMC9873153,ARCHIVED_CC_BY_OR_CC0,research_fields/technical/fulltext/PMC9873153.xml,https://www.ebi.ac.uk/europepmc/webservices/rest/PMC9873153/fullTextXML
existing600,research_workflow,A survey on how preregistration affects the research workflow: better science but more work.,10.1098/rsos.211997,PMC9257590,ARCHIVED_CC_BY_OR_CC0,research_fields/technical/fulltext/PMC9257590.xml,https://www.ebi.ac.uk/europepmc/webservices/rest/PMC9257590/fullTextXML
existing600,research_workflow,"Anthelmintic drug discovery: target identification, screening methods and the role of open science.",10.3762/bjoc.16.105,PMC7277699,ARCHIVED_CC_BY_OR_CC0,research_fields/technical/fulltext/PMC7277699.xml,https://www.ebi.ac.uk/europepmc/webservices/rest/PMC7277699/fullTextXML
existing600,research_workflow,When data sharing gets close to 100%: what human paleogenetics can teach the open science movement.,10.1371/journal.pone.0121409,PMC4370607,ARCHIVED_CC_BY_OR_CC0,research_fields/technical/fulltext/PMC4370607.xml,https://www.ebi.ac.uk/europepmc/webservices/rest/PMC4370607/fullTextXML
existing600,research_workflow,When will 'open science' become simply 'science'?,10.1186/s13059-015-0669-2,PMC4436110,ARCHIVED_CC_BY_OR_CC0,research_fields/technical/fulltext/PMC4436110.xml,https://www.ebi.ac.uk/europepmc/webservices/rest/PMC4436110/fullTextXML
existing600,research_workflow,Eleven strategies for making reproducible research and open science training the norm at research institutions.,10.7554/elife.89736,PMC10666927,ARCHIVED_CC_BY_OR_CC0,research_fields/technical/fulltext/PMC10666927.xml,https://www.ebi.ac.uk/europepmc/webservices/rest/PMC10666927/fullTextXML
existing600,research_workflow,Seven steps to enhance Open Science practices in animal science.,10.1093/pnasnexus/pgac106,PMC9896936,ARCHIVED_CC_BY_OR_CC0,research_fields/technical/fulltext/PMC9896936.xml,https://www.ebi.ac.uk/europepmc/webservices/rest/PMC9896936/fullTextXML
existing600,research_workflow,"Transparent, Open, and Reproducible Prevention Science.",10.1007/s11121-022-01336-w,PMC9283153,ARCHIVED_CC_BY_OR_CC0,research_fields/technical/fulltext/PMC9283153.xml,https://www.ebi.ac.uk/europepmc/webservices/rest/PMC9283153/fullTextXML
existing600,research_workflow,Ten quick tips for building FAIR workflows.,10.1371/journal.pcbi.1011369,PMC10538699,ARCHIVED_CC_BY_OR_CC0,research_fields/technical/fulltext/PMC10538699.xml,https://www.ebi.ac.uk/europepmc/webservices/rest/PMC10538699/fullTextXML
existing600,research_workflow,A data science roadmap for open science organizations engaged in early-stage drug discovery.,10.1038/s41467-024-49777-x,PMC11224410,ARCHIVED_CC_BY_OR_CC0,research_fields/technical/fulltext/PMC11224410.xml,https://www.ebi.ac.uk/europepmc/webservices/rest/PMC11224410/fullTextXML
existing600,research_workflow,Where Do Early Career Researchers Stand on Open Science Practices? A Survey Within the Max Planck Society.,10.3389/frma.2020.586992,PMC8025980,ARCHIVED_CC_BY_OR_CC0,research_fields/technical/fulltext/PMC8025980.xml,https://www.ebi.ac.uk/europepmc/webservices/rest/PMC8025980/fullTextXML
existing600,research_workflow,Closing the knowledge-action gap in conservation with open science.,10.1111/cobi.13835,PMC9300006,ARCHIVED_CC_BY_OR_CC0,research_fields/technical/fulltext/PMC9300006.xml,https://www.ebi.ac.uk/europepmc/webservices/rest/PMC9300006/fullTextXML
existing600,research_workflow,CyVerse: Cyberinfrastructure for open science.,10.1371/journal.pcbi.1011270,PMC10878509,ARCHIVED_CC_BY_OR_CC0,research_fields/technical/fulltext/PMC10878509.xml,https://www.ebi.ac.uk/europepmc/webservices/rest/PMC10878509/fullTextXML
existing600,research_workflow,Open Science 2.0: Towards a truly collaborative research ecosystem.,10.1371/journal.pbio.3002362,PMC10617723,ARCHIVED_CC_BY_OR_CC0,research_fields/technical/fulltext/PMC10617723.xml,https://www.ebi.ac.uk/europepmc/webservices/rest/PMC10617723/fullTextXML
existing600,claim_evidence,Text Mining for Building Biomedical Networks Using Cancer as a Case Study.,10.3390/biom11101430,PMC8533101,ARCHIVED_CC_BY_OR_CC0,research_fields/technical/fulltext/PMC8533101.xml,https://www.ebi.ac.uk/europepmc/webservices/rest/PMC8533101/fullTextXML
existing600,claim_evidence,Accelerating annotation of articles via automated approaches: evaluation of the neXtA5 curation-support tool by neXtProt.,10.1093/database/bay129,PMC6301339,ARCHIVED_CC_BY_OR_CC0,research_fields/technical/fulltext/PMC6301339.xml,https://www.ebi.ac.uk/europepmc/webservices/rest/PMC6301339/fullTextXML
existing600,claim_evidence,BelSmile: a biomedical semantic role labeling approach for extracting biological expression language from text.,10.1093/database/baw064,PMC4865328,ARCHIVED_CC_BY_OR_CC0,research_fields/technical/fulltext/PMC4865328.xml,https://www.ebi.ac.uk/europepmc/webservices/rest/PMC4865328/fullTextXML
existing600,claim_evidence,Named entity recognition of pharmacokinetic parameters in the scientific literature.,10.1038/s41598-024-73338-3,PMC11461509,ARCHIVED_CC_BY_OR_CC0,research_fields/technical/fulltext/PMC11461509.xml,https://www.ebi.ac.uk/europepmc/webservices/rest/PMC11461509/fullTextXML
existing600,claim_evidence,Humans and machines in biomedical knowledge curation: hypertrophic cardiomyopathy molecular mechanisms' representation.,10.1186/s13040-021-00279-2,PMC8487578,ARCHIVED_CC_BY_OR_CC0,research_fields/technical/fulltext/PMC8487578.xml,https://www.ebi.ac.uk/europepmc/webservices/rest/PMC8487578/fullTextXML
existing600,claim_evidence,Leveraging Retrieval-Augmented Large Language Models for Dietary Recommendations With Traditional Chinese Medicine's Medicine Food Homology: Algorithm Development and Validation.,10.2196/75279,PMC12370266,ARCHIVED_CC_BY_OR_CC0,research_fields/technical/fulltext/PMC12370266.xml,https://www.ebi.ac.uk/europepmc/webservices/rest/PMC12370266/fullTextXML
existing600,claim_evidence,Relation Extraction in Biomedical Texts Based on Multi-Head Attention Model With Syntactic Dependency Feature: Modeling Study.,10.2196/41136,PMC9634522,ARCHIVED_CC_BY_OR_CC0,research_fields/technical/fulltext/PMC9634522.xml,https://www.ebi.ac.uk/europepmc/webservices/rest/PMC9634522/fullTextXML
existing600,claim_evidence,PubMedPortable: A Framework for Supporting the Development of Text Mining Applications.,10.1371/journal.pone.0163794,PMC5051953,ARCHIVED_CC_BY_OR_CC0,research_fields/technical/fulltext/PMC5051953.xml,https://www.ebi.ac.uk/europepmc/webservices/rest/PMC5051953/fullTextXML
existing600,claim_evidence,Sieve-based relation extraction of gene regulatory networks from biological literature.,10.1186/1471-2105-16-s16-s1,PMC4642041,ARCHIVED_CC_BY_OR_CC0,research_fields/technical/fulltext/PMC4642041.xml,https://www.ebi.ac.uk/europepmc/webservices/rest/PMC4642041/fullTextXML
existing600,claim_evidence,A comparative analysis of large language models versus traditional information extraction methods for real-world evidence of patient symptomatology in acute and post-acute sequelae of SARS-CoV-2.,10.1371/journal.pone.0323535,PMC12080813,ARCHIVED_CC_BY_OR_CC0,research_fields/technical/fulltext/PMC12080813.xml,https://www.ebi.ac.uk/europepmc/webservices/rest/PMC12080813/fullTextXML
existing600,claim_evidence,Natural language processing to automate a web-based model of care and modernize skin cancer multidisciplinary team meetings.,10.1093/bjs/znad347,PMC10782209,ARCHIVED_CC_BY_OR_CC0,research_fields/technical/fulltext/PMC10782209.xml,https://www.ebi.ac.uk/europepmc/webservices/rest/PMC10782209/fullTextXML
existing600,statistics,HarmonizR enables data harmonization across independent proteomic datasets with appropriate handling of missing values.,10.1038/s41467-022-31007-x,PMC9209422,ARCHIVED_CC_BY_OR_CC0,research_fields/technical/fulltext/PMC9209422.xml,https://www.ebi.ac.uk/europepmc/webservices/rest/PMC9209422/fullTextXML
existing600,statistics,Bootstrap inference for multiple imputation under uncongeniality and misspecification.,10.1177/0962280220932189,PMC7682506,ARCHIVED_CC_BY_OR_CC0,research_fields/technical/fulltext/PMC7682506.xml,https://www.ebi.ac.uk/europepmc/webservices/rest/PMC7682506/fullTextXML
existing600,statistics,Canonical Causal Diagrams to Guide the Treatment of Missing Data in Epidemiologic Studies.,10.1093/aje/kwy173,PMC6269242,ARCHIVED_CC_BY_OR_CC0,research_fields/technical/fulltext/PMC6269242.xml,https://www.ebi.ac.uk/europepmc/webservices/rest/PMC6269242/fullTextXML
existing600,statistics,Assessment of predictive performance in incomplete data by combining internal validation and multiple imputation.,10.1186/s12874-016-0239-7,PMC5080703,ARCHIVED_CC_BY_OR_CC0,research_fields/technical/fulltext/PMC5080703.xml,https://www.ebi.ac.uk/europepmc/webservices/rest/PMC5080703/fullTextXML
existing600,statistics,Comparison of the effects of imputation methods for missing data in predictive modelling of cohort study datasets.,10.1186/s12874-024-02173-x,PMC10870437,ARCHIVED_CC_BY_OR_CC0,research_fields/technical/fulltext/PMC10870437.xml,https://www.ebi.ac.uk/europepmc/webservices/rest/PMC10870437/fullTextXML
existing600,statistics,The current practice of handling and reporting missing outcome data in eight widely used PROMs in RCT publications: a review of the current literature.,10.1007/s11136-015-1206-1,PMC4893363,ARCHIVED_CC_BY_OR_CC0,research_fields/technical/fulltext/PMC4893363.xml,https://www.ebi.ac.uk/europepmc/webservices/rest/PMC4893363/fullTextXML
existing600,statistics,Genomic data imputation with variational auto-encoders.,10.1093/gigascience/giaa082,PMC7407276,ARCHIVED_CC_BY_OR_CC0,research_fields/technical/fulltext/PMC7407276.xml,https://www.ebi.ac.uk/europepmc/webservices/rest/PMC7407276/fullTextXML
existing600,statistics,"Multiple imputation for patient reported outcome measures in randomised controlled trials: advantages and disadvantages of imputing at the item, subscale or composite score level.",10.1186/s12874-018-0542-6,PMC6114240,ARCHIVED_CC_BY_OR_CC0,research_fields/technical/fulltext/PMC6114240.xml,https://www.ebi.ac.uk/europepmc/webservices/rest/PMC6114240/fullTextXML
existing600,statistics,Sensitive and reproducible MEG resting-state metrics of functional connectivity in Alzheimer's disease.,10.1186/s13195-022-00970-4,PMC8881826,ARCHIVED_CC_BY_OR_CC0,research_fields/technical/fulltext/PMC8881826.xml,https://www.ebi.ac.uk/europepmc/webservices/rest/PMC8881826/fullTextXML
existing600,statistics,Analyses of Sensitivity to the Missing-at-Random Assumption Using Multiple Imputation With Delta Adjustment: Application to a Tuberculosis/HIV Prevalence Survey With Incomplete HIV-Status Data.,10.1093/aje/kww107,PMC5860630,ARCHIVED_CC_BY_OR_CC0,research_fields/technical/fulltext/PMC5860630.xml,https://www.ebi.ac.uk/europepmc/webservices/rest/PMC5860630/fullTextXML
existing600,statistics,Handling trial participants with missing outcome data when conducting a meta-analysis: a systematic survey of proposed approaches.,10.1186/s13643-015-0083-6,PMC4511978,ARCHIVED_CC_BY_OR_CC0,research_fields/technical/fulltext/PMC4511978.xml,https://www.ebi.ac.uk/europepmc/webservices/rest/PMC4511978/fullTextXML
existing600,statistics,Multiple Imputation for General Missing Data Patterns in the Presence of High-dimensional Data.,10.1038/srep21689,PMC4751511,ARCHIVED_CC_BY_OR_CC0,research_fields/technical/fulltext/PMC4751511.xml,https://www.ebi.ac.uk/europepmc/webservices/rest/PMC4751511/fullTextXML
existing600,statistics,Addressing Missing Data in Patient-Reported Outcome Measures (PROMS): Implications for the Use of PROMS for Comparing Provider Performance.,10.1002/hec.3173,PMC4973682,ARCHIVED_CC_BY_OR_CC0,research_fields/technical/fulltext/PMC4973682.xml,https://www.ebi.ac.uk/europepmc/webservices/rest/PMC4973682/fullTextXML
existing600,statistics,Estimating and reporting treatment effects in clinical trials for weight management: using estimands to interpret effects of intercurrent events and missing data.,10.1038/s41366-020-00733-x,PMC8081661,ARCHIVED_CC_BY_OR_CC0,research_fields/technical/fulltext/PMC8081661.xml,https://www.ebi.ac.uk/europepmc/webservices/rest/PMC8081661/fullTextXML
existing600,statistics,"""Wish You Were Here"": Examining Characteristics, Outcomes, and Statistical Solutions for Missing Cases in Web-Based Psychotherapeutic Trials.",10.2196/mental.8363,PMC5938693,ARCHIVED_CC_BY_OR_CC0,research_fields/technical/fulltext/PMC5938693.xml,https://www.ebi.ac.uk/europepmc/webservices/rest/PMC5938693/fullTextXML
existing600,statistics,A comparison of multiple testing adjustment methods with block-correlation positively-dependent tests.,10.1371/journal.pone.0176124,PMC5409054,ARCHIVED_CC_BY_OR_CC0,research_fields/technical/fulltext/PMC5409054.xml,https://www.ebi.ac.uk/europepmc/webservices/rest/PMC5409054/fullTextXML
existing600,statistics,The impact of imputation quality on machine learning classifiers for datasets with missing values.,10.1038/s43856-023-00356-z,PMC10558448,ARCHIVED_CC_BY_OR_CC0,research_fields/technical/fulltext/PMC10558448.xml,https://www.ebi.ac.uk/europepmc/webservices/rest/PMC10558448/fullTextXML
existing600,statistics,Missing data in trial-based cost-effectiveness analysis: An incomplete journey.,10.1002/hec.3654,PMC5947820,ARCHIVED_CC_BY_OR_CC0,research_fields/technical/fulltext/PMC5947820.xml,https://www.ebi.ac.uk/europepmc/webservices/rest/PMC5947820/fullTextXML
existing600,statistics,Reporting and dealing with missing quality of life data in RCTs: has the picture changed in the last decade?,10.1007/s11136-016-1411-6,PMC5102945,ARCHIVED_CC_BY_OR_CC0,research_fields/technical/fulltext/PMC5102945.xml,https://www.ebi.ac.uk/europepmc/webservices/rest/PMC5102945/fullTextXML
existing600,statistics,METHimpute: imputation-guided construction of complete methylomes from WGBS data.,10.1186/s12864-018-4641-x,PMC5992726,ARCHIVED_CC_BY_OR_CC0,research_fields/technical/fulltext/PMC5992726.xml,https://www.ebi.ac.uk/europepmc/webservices/rest/PMC5992726/fullTextXML
existing600,provenance,Exploring data quality and use of the routine health information system in Ethiopia: a mixed-methods study.,10.1136/bmjopen-2021-050356,PMC8710857,ARCHIVED_CC_BY_OR_CC0,research_fields/technical/fulltext/PMC8710857.xml,https://www.ebi.ac.uk/europepmc/webservices/rest/PMC8710857/fullTextXML
existing600,provenance,Reproducible MS/MS library cleaning pipeline in matchms.,10.1186/s13321-024-00878-1,PMC11285329,ARCHIVED_CC_BY_OR_CC0,research_fields/technical/fulltext/PMC11285329.xml,https://www.ebi.ac.uk/europepmc/webservices/rest/PMC11285329/fullTextXML
existing600,provenance,Automating Electronic Health Record Data Quality Assessment.,10.1007/s10916-022-01892-2,PMC9925537,ARCHIVED_CC_BY_OR_CC0,research_fields/technical/fulltext/PMC9925537.xml,https://www.ebi.ac.uk/europepmc/webservices/rest/PMC9925537/fullTextXML
existing600,provenance,Instrumental Drift in Untargeted Metabolomics: Optimizing Data Quality with Intrastudy QC Samples.,10.3390/metabo13050665,PMC10222478,ARCHIVED_CC_BY_OR_CC0,research_fields/technical/fulltext/PMC10222478.xml,https://www.ebi.ac.uk/europepmc/webservices/rest/PMC10222478/fullTextXML
existing600,provenance,Implementation of FAIR principles in the IPCC: the WGI AR6 Atlas repository.,10.1038/s41597-022-01739-y,PMC9569379,ARCHIVED_CC_BY_OR_CC0,research_fields/technical/fulltext/PMC9569379.xml,https://www.ebi.ac.uk/europepmc/webservices/rest/PMC9569379/fullTextXML
existing600,provenance,"Leveraging Comprehensive Cancer Registry Data to Enable a Broad Range of Research, Audit and Patient Support Activities.",10.3390/cancers14174131,PMC9454529,ARCHIVED_CC_BY_OR_CC0,research_fields/technical/fulltext/PMC9454529.xml,https://www.ebi.ac.uk/europepmc/webservices/rest/PMC9454529/fullTextXML
existing600,provenance,Data Quality of Longitudinally Collected Patient-Reported Outcomes After Thoracic Surgery: Comparison of Paper- and Web-Based Assessments.,10.2196/28915,PMC8663677,ARCHIVED_CC_BY_OR_CC0,research_fields/technical/fulltext/PMC8663677.xml,https://www.ebi.ac.uk/europepmc/webservices/rest/PMC8663677/fullTextXML
existing600,provenance,Effects of age and cognitive function on data quality of standardized surveys in nursing home populations.,10.1186/s12877-019-1258-0,PMC6724313,ARCHIVED_CC_BY_OR_CC0,research_fields/technical/fulltext/PMC6724313.xml,https://www.ebi.ac.uk/europepmc/webservices/rest/PMC6724313/fullTextXML
existing600,provenance,"fNIRS reproducibility varies with data quality, analysis pipelines, and researcher experience.",10.1038/s42003-025-08412-1,PMC12322209,ARCHIVED_CC_BY_OR_CC0,research_fields/technical/fulltext/PMC12322209.xml,https://www.ebi.ac.uk/europepmc/webservices/rest/PMC12322209/fullTextXML
existing600,provenance,Quantifying the Impact of Anonymization-Induced Clinical Data Quality Loss: Methodological Quantitative Case Study Using Primary Diagnosis Codes and Hospital Length of Stay.,10.2196/97661,PMC13566071,ARCHIVED_CC_BY_OR_CC0,research_fields/technical/fulltext/PMC13566071.xml,https://www.ebi.ac.uk/europepmc/webservices/rest/PMC13566071/fullTextXML
existing600,provenance,Considerations for FAIR data catalogs from DAPHNE4NFDI.,10.1107/s2052252526006871,PMC13548827,ARCHIVED_CC_BY_OR_CC0,research_fields/technical/fulltext/PMC13548827.xml,https://www.ebi.ac.uk/europepmc/webservices/rest/PMC13548827/fullTextXML
existing600,provenance,The SARS-CoV-2 Integrated Genomic Epidemiology Database (IGED): Linking viral genomes with patient-level metadata to advance statewide genomic surveillance in California.,10.1371/journal.pdig.0001473,PMC13528992,ARCHIVED_CC_BY_OR_CC0,research_fields/technical/fulltext/PMC13528992.xml,https://www.ebi.ac.uk/europepmc/webservices/rest/PMC13528992/fullTextXML
existing600,provenance,Inclusive mobile brain-body imaging achieves equivalent EEG data quality across racial groups.,10.1371/journal.pdig.0001638,PMC13450788,ARCHIVED_CC_BY_OR_CC0,research_fields/technical/fulltext/PMC13450788.xml,https://www.ebi.ac.uk/europepmc/webservices/rest/PMC13450788/fullTextXML
existing600,provenance,FAIRness at all costs? Practical limitations in applying the FAIR principles to plant genetic resources data.,10.3389/fpls.2026.1888670,PMC13490073,ARCHIVED_CC_BY_OR_CC0,research_fields/technical/fulltext/PMC13490073.xml,https://www.ebi.ac.uk/europepmc/webservices/rest/PMC13490073/fullTextXML
existing600,provenance,Data Management Workflow for FAIR Sharing of Bioimaging Datasets in Plasma Medicine.,10.1038/s41597-026-07982-x,PMC13439526,ARCHIVED_CC_BY_OR_CC0,research_fields/technical/fulltext/PMC13439526.xml,https://www.ebi.ac.uk/europepmc/webservices/rest/PMC13439526/fullTextXML
existing600,provenance,Curating and sharing XAS data - Metadata and Scientific quality control.,10.1038/s41597-026-07966-x,PMC13428736,ARCHIVED_CC_BY_OR_CC0,research_fields/technical/fulltext/PMC13428736.xml,https://www.ebi.ac.uk/europepmc/webservices/rest/PMC13428736/fullTextXML
existing600,provenance,FRED enables standardized FAIR metadata generation and management for omics research.,10.1038/s41598-026-61886-9,PMC13400734,ARCHIVED_CC_BY_OR_CC0,research_fields/technical/fulltext/PMC13400734.xml,https://www.ebi.ac.uk/europepmc/webservices/rest/PMC13400734/fullTextXML
existing600,provenance,Managing complexity in research data management for heterogeneous biotechnological data: a perspective on interacting as data steward.,10.1007/s00449-026-03380-0,PMC13582134,ARCHIVED_CC_BY_OR_CC0,research_fields/technical/fulltext/PMC13582134.xml,https://www.ebi.ac.uk/europepmc/webservices/rest/PMC13582134/fullTextXML
existing600,provenance,"Advancing FAIR data towards comparable, organized, predictive AI-ready data for community validation.",10.1038/s42003-026-10694-y,PMC13380610,ARCHIVED_CC_BY_OR_CC0,research_fields/technical/fulltext/PMC13380610.xml,https://www.ebi.ac.uk/europepmc/webservices/rest/PMC13380610/fullTextXML
existing600,provenance,"The Swiss Personalized Health Network Metadata Catalog: Platform for Health Data Discovery and Exploration Based on Findable, Accessible, Interoperable, and Reusable Principles.",10.2196/90146,PMC13367950,ARCHIVED_CC_BY_OR_CC0,research_fields/technical/fulltext/PMC13367950.xml,https://www.ebi.ac.uk/europepmc/webservices/rest/PMC13367950/fullTextXML
existing600,ai_evaluation,"Evaluating Artificial Intelligence, Peer, and Instructor Feedback Across Scientific Communication Assignments in Undergraduate Biology.",10.1002/ece3.74365,PMC13590280,ARCHIVED_CC_BY_OR_CC0,research_fields/technical/fulltext/PMC13590280.xml,https://www.ebi.ac.uk/europepmc/webservices/rest/PMC13590280/fullTextXML
existing600,ai_evaluation,Multimodal large language models for bladder tumor detection in cystoscopy: a retrospective benchmarking study.,10.1007/s00345-026-06761-y,PMC13585802,ARCHIVED_CC_BY_OR_CC0,research_fields/technical/fulltext/PMC13585802.xml,https://www.ebi.ac.uk/europepmc/webservices/rest/PMC13585802/fullTextXML
existing600,ai_evaluation,Comparative evaluation of ChatGPT and gemini responses to patient-oriented questions on breast cancer.,10.1371/journal.pone.0358325,PMC13580998,ARCHIVED_CC_BY_OR_CC0,research_fields/technical/fulltext/PMC13580998.xml,https://www.ebi.ac.uk/europepmc/webservices/rest/PMC13580998/fullTextXML
existing600,ai_evaluation,Sino-US-DrugQA: A benchmark for evaluating large language models in cross-jurisdictional pharmaceutical regulation.,10.1371/journal.pone.0343858,PMC13577527,ARCHIVED_CC_BY_OR_CC0,research_fields/technical/fulltext/PMC13577527.xml,https://www.ebi.ac.uk/europepmc/webservices/rest/PMC13577527/fullTextXML
existing600,ai_evaluation,Bridging trust and performance in intelligent systems: Hybrid explainable AI approaches for interpreting large language models.,10.1371/journal.pone.0343472,PMC13577463,ARCHIVED_CC_BY_OR_CC0,research_fields/technical/fulltext/PMC13577463.xml,https://www.ebi.ac.uk/europepmc/webservices/rest/PMC13577463/fullTextXML
existing600,ai_evaluation,"Frameworks, Methodologies, and Tools for Evaluating Large Language Models in Digital Mental Health Interventions: Protocol for a Scoping Review.",10.2196/91677,PMC13574329,ARCHIVED_CC_BY_OR_CC0,research_fields/technical/fulltext/PMC13574329.xml,https://www.ebi.ac.uk/europepmc/webservices/rest/PMC13574329/fullTextXML
existing600,ai_evaluation,Anonymization of Portuguese Clinical Notes Using Large Language Models and Quantum-Enhanced Hybrid Architectures: Comparative Evaluation Study.,10.2196/91513,PMC13575808,ARCHIVED_CC_BY_OR_CC0,research_fields/technical/fulltext/PMC13575808.xml,https://www.ebi.ac.uk/europepmc/webservices/rest/PMC13575808/fullTextXML
existing600,ai_evaluation,Real-world use and evaluation of a generative AI chatbot for Parkinson's disease information: a prospective observational study.,10.1016/j.lanepe.2026.101866,PMC13587714,ARCHIVED_CC_BY_OR_CC0,research_fields/technical/fulltext/PMC13587714.xml,https://www.ebi.ac.uk/europepmc/webservices/rest/PMC13587714/fullTextXML
existing600,ai_evaluation,Evaluating Large Language Models in Clinical Audiology (AUDIOLOGYBENCH): Benchmark Development and Validation Study.,10.2196/94755,PMC13568690,ARCHIVED_CC_BY_OR_CC0,research_fields/technical/fulltext/PMC13568690.xml,https://www.ebi.ac.uk/europepmc/webservices/rest/PMC13568690/fullTextXML
existing600,ai_evaluation,"A pilot study to implement artificial intelligence-enabled, point-of-care obstetric ultrasound for gestational age estimation in Zambia: An evaluation protocol.",10.1371/journal.pone.0357962,PMC13567750,ARCHIVED_CC_BY_OR_CC0,research_fields/technical/fulltext/PMC13567750.xml,https://www.ebi.ac.uk/europepmc/webservices/rest/PMC13567750/fullTextXML
existing600,ai_evaluation,Fine-Tuning Large Language Models for Structured Extraction of Infectious Disease-Related Information From Clinical Notes in Japanese Primary Care: Development and Internal Validation Study.,10.2196/84974,PMC13561044,ARCHIVED_CC_BY_OR_CC0,research_fields/technical/fulltext/PMC13561044.xml,https://www.ebi.ac.uk/europepmc/webservices/rest/PMC13561044/fullTextXML
existing600,ai_evaluation,Large language models show high clinical safety but differences in completeness for reproductive counselling in women with inflammatory rheumatic and musculoskeletal diseases: a comparative expert evaluation.,10.1007/s00296-026-06271-5,PMC13562313,ARCHIVED_CC_BY_OR_CC0,research_fields/technical/fulltext/PMC13562313.xml,https://www.ebi.ac.uk/europepmc/webservices/rest/PMC13562313/fullTextXML
existing600,research_workflow,Centring the voices of birth mothers who faced infant removal through the co-production of the MUMS@RISC artwork: an arts-based evaluation of trauma-informed research collaboration and participation.,10.1186/s40900-026-00966-6,PMC13584445,ARCHIVED_CC_BY_OR_CC0,research_fields/technical/fulltext/PMC13584445.xml,https://www.ebi.ac.uk/europepmc/webservices/rest/PMC13584445/fullTextXML
existing600,research_workflow,FAIR by design (TRACE): A Trusted Research Access &amp; Collaboration Environment.,10.1186/s12911-026-03840-3,PMC13576130,ARCHIVED_CC_BY_OR_CC0,research_fields/technical/fulltext/PMC13576130.xml,https://www.ebi.ac.uk/europepmc/webservices/rest/PMC13576130/fullTextXML
existing600,research_workflow,"Cataloguing and Theorising Open Research Practices in the Arts, Humanities and Social Sciences: Problematising and Diversifying 'Open Science'.",10.12688/f1000research.178353.2,PMC13287985,ARCHIVED_CC_BY_OR_CC0,research_fields/technical/fulltext/PMC13287985.xml,https://www.ebi.ac.uk/europepmc/webservices/rest/PMC13287985/fullTextXML
existing600,research_workflow,The Team Science Readiness Framework for scientific research collaboration.,10.3389/fpsyg.2026.1792280,PMC13533812,ARCHIVED_CC_BY_OR_CC0,research_fields/technical/fulltext/PMC13533812.xml,https://www.ebi.ac.uk/europepmc/webservices/rest/PMC13533812/fullTextXML
existing600,research_workflow,Disclosure is not documentation: an open science framework for documenting generative AI use in scholarly research and publication workflows.,10.1186/s41073-026-00245-8,PMC13483690,ARCHIVED_CC_BY_OR_CC0,research_fields/technical/fulltext/PMC13483690.xml,https://www.ebi.ac.uk/europepmc/webservices/rest/PMC13483690/fullTextXML
existing600,research_workflow,Context of data sharing practices in collaborative human genomic research in low and middle income countries: A systematic review.,10.1371/journal.pone.0354471,PMC13450839,ARCHIVED_CC_BY_OR_CC0,research_fields/technical/fulltext/PMC13450839.xml,https://www.ebi.ac.uk/europepmc/webservices/rest/PMC13450839/fullTextXML
existing600,research_workflow,"Bioinformatics in &lt;i&gt;Español&lt;/i&gt;: expanding open, diverse, and collaborative science through SEH2Bioinfo.",10.1093/bioadv/vbag182,PMC13455081,ARCHIVED_CC_BY_OR_CC0,research_fields/technical/fulltext/PMC13455081.xml,https://www.ebi.ac.uk/europepmc/webservices/rest/PMC13455081/fullTextXML
existing600,research_workflow,Beijing Roundtable Addresses Research Integrity's Role in Advancing Open Science.,10.1002/hcs2.70089,PMC13433148,ARCHIVED_CC_BY_OR_CC0,research_fields/technical/fulltext/PMC13433148.xml,https://www.ebi.ac.uk/europepmc/webservices/rest/PMC13433148/fullTextXML
existing600,research_workflow,Strengthening India's pandemic preparedness with the four zonal institutes of virology: stakeholder consultations for outbreak response and collaborative research priorities.,10.1186/s40249-026-01484-z,PMC13411115,ARCHIVED_CC_BY_OR_CC0,research_fields/technical/fulltext/PMC13411115.xml,https://www.ebi.ac.uk/europepmc/webservices/rest/PMC13411115/fullTextXML
existing600,research_workflow,Open Science Practices in Systematic Reviews From 2014 to 2024: A Cohort Study of 300 Systematic Reviews.,10.1002/cesm.70096,PMC13387410,ARCHIVED_CC_BY_OR_CC0,research_fields/technical/fulltext/PMC13387410.xml,https://www.ebi.ac.uk/europepmc/webservices/rest/PMC13387410/fullTextXML
existing600,research_workflow,"Factors Supporting Translational, Participatory Ecology Projects-Observations from Ten Years of Collaborative Research on Invasive Fish.",10.1007/s00267-026-02461-w,PMC13375656,ARCHIVED_CC_BY_OR_CC0,research_fields/technical/fulltext/PMC13375656.xml,https://www.ebi.ac.uk/europepmc/webservices/rest/PMC13375656/fullTextXML
existing600,research_workflow,From manual entry to machine precision: challenges and evolution of metadata schema development in collaborative research centers.,10.1186/s13104-026-07937-w,PMC13339696,ARCHIVED_CC_BY_OR_CC0,research_fields/technical/fulltext/PMC13339696.xml,https://www.ebi.ac.uk/europepmc/webservices/rest/PMC13339696/fullTextXML
existing600,research_workflow,Global trends in dysmenorrhea research: A bibliometric analysis informing pain research collaboration and clinical translation.,10.1097/md.0000000000049824,PMC13406072,ARCHIVED_CC_BY_OR_CC0,research_fields/technical/fulltext/PMC13406072.xml,https://www.ebi.ac.uk/europepmc/webservices/rest/PMC13406072/fullTextXML
existing600,research_workflow,Accelerating Research on Brain Aging: Enabling Brain Imaging Data Sharing in the Open Science Landscape.,10.1111/ene.70672,PMC13397866,ARCHIVED_CC_BY_OR_CC0,research_fields/technical/fulltext/PMC13397866.xml,https://www.ebi.ac.uk/europepmc/webservices/rest/PMC13397866/fullTextXML
existing600,research_workflow,"Galaxy for accessible, reproducible, and collaborative data analyses: 2026 update.",10.1093/nar/gkag469,PMC13355071,ARCHIVED_CC_BY_OR_CC0,research_fields/technical/fulltext/PMC13355071.xml,https://www.ebi.ac.uk/europepmc/webservices/rest/PMC13355071/fullTextXML
existing600,research_workflow,Mobile-Based Ecological Momentary Interventions for Grief in China and Switzerland: Protocol for a Collaborative and Iterative Qualitative App Development Study.,10.2196/87021,PMC13249120,ARCHIVED_CC_BY_OR_CC0,research_fields/technical/fulltext/PMC13249120.xml,https://www.ebi.ac.uk/europepmc/webservices/rest/PMC13249120/fullTextXML
existing600,research_workflow,The prognostic value of red cell distribution width-to-albumin ratio for 28-day mortality in sepsis patients: a multicenter analysis based on the eICU Collaborative Research Database.,10.3389/fmed.2026.1816709,PMC13253725,ARCHIVED_CC_BY_OR_CC0,research_fields/technical/fulltext/PMC13253725.xml,https://www.ebi.ac.uk/europepmc/webservices/rest/PMC13253725/fullTextXML
existing600,research_workflow,IntegriLAB: a blockchain-enabled electronic lab notebook for reproducible neuroimaging research.,10.3389/fninf.2026.1753937,PMC13233703,ARCHIVED_CC_BY_OR_CC0,research_fields/technical/fulltext/PMC13233703.xml,https://www.ebi.ac.uk/europepmc/webservices/rest/PMC13233703/fullTextXML
existing600,research_workflow,A reproducible systematic map of research on the illusory truth effect.,10.3758/s13423-021-01995-w,PMC9166874,ARCHIVED_CC_BY_OR_CC0,research_fields/technical/fulltext/PMC9166874.xml,https://www.ebi.ac.uk/europepmc/webservices/rest/PMC9166874/fullTextXML
existing600,research_workflow,Open science and modified funding lotteries can impede the natural selection of bad science.,10.1098/rsos.190194,PMC6689639,ARCHIVED_CC_BY_OR_CC0,research_fields/technical/fulltext/PMC6689639.xml,https://www.ebi.ac.uk/europepmc/webservices/rest/PMC6689639/fullTextXML
existing600,claim_evidence,"A Secure, Scalable Large Language Model-Based System (CIDER) for High-Throughput Clinical Data Extraction From Medical Reports: Retrospective Validation Study.",10.2196/95780,PMC13583534,ARCHIVED_CC_BY_OR_CC0,research_fields/technical/fulltext/PMC13583534.xml,https://www.ebi.ac.uk/europepmc/webservices/rest/PMC13583534/fullTextXML
existing600,claim_evidence,A FAIR gold-standard benchmark for geographic entity recognition in cancer genomics literature for biomedical NLP.,10.1093/bioadv/vbag225,PMC13575932,ARCHIVED_CC_BY_OR_CC0,research_fields/technical/fulltext/PMC13575932.xml,https://www.ebi.ac.uk/europepmc/webservices/rest/PMC13575932/fullTextXML
existing600,claim_evidence,Clinical temporal relation extraction with long-context transformers: a robustness study on MIMIC-III and MIMIC-IV.,10.3389/fdgth.2026.1878461,PMC13553868,ARCHIVED_CC_BY_OR_CC0,research_fields/technical/fulltext/PMC13553868.xml,https://www.ebi.ac.uk/europepmc/webservices/rest/PMC13553868/fullTextXML
existing600,claim_evidence,A text mining and ontology-based approach using phenotypes to obtain relevant literature for rare diseases.,10.1016/j.isci.2026.117183,PMC13495350,ARCHIVED_CC_BY_OR_CC0,research_fields/technical/fulltext/PMC13495350.xml,https://www.ebi.ac.uk/europepmc/webservices/rest/PMC13495350/fullTextXML
existing600,claim_evidence,Quantifying the Intensity of Online Social Support via Large Language Model-Based Evidence Extraction: Development and Validation Study.,10.2196/95025,PMC13466868,ARCHIVED_CC_BY_OR_CC0,research_fields/technical/fulltext/PMC13466868.xml,https://www.ebi.ac.uk/europepmc/webservices/rest/PMC13466868/fullTextXML
existing600,claim_evidence,Artificial intelligence can match domain experts in evidence extraction and critical appraisal of microbial oncogenesis research publications.,10.3389/fcimb.2026.1876326,PMC13531347,ARCHIVED_CC_BY_OR_CC0,research_fields/technical/fulltext/PMC13531347.xml,https://www.ebi.ac.uk/europepmc/webservices/rest/PMC13531347/fullTextXML
existing600,claim_evidence,A computer vision-based approach for automatically extracting data from bar chart raster images to facilitate meta-analysis of biomedical literature.,10.1371/journal.pone.0347081,PMC13426920,ARCHIVED_CC_BY_OR_CC0,research_fields/technical/fulltext/PMC13426920.xml,https://www.ebi.ac.uk/europepmc/webservices/rest/PMC13426920/fullTextXML
existing600,claim_evidence,Toward the automation of family semantic grids: a pilot exploration of text mining for evidence-informed systemic-relational psychotherapy.,10.3389/frcha.2026.1800848,PMC13443033,ARCHIVED_CC_BY_OR_CC0,research_fields/technical/fulltext/PMC13443033.xml,https://www.ebi.ac.uk/europepmc/webservices/rest/PMC13443033/fullTextXML
existing600,claim_evidence,Natural Language Processing Applied to Psychiatric Clinical Notes: Scoping Review.,10.2196/91249,PMC13354137,ARCHIVED_CC_BY_OR_CC0,research_fields/technical/fulltext/PMC13354137.xml,https://www.ebi.ac.uk/europepmc/webservices/rest/PMC13354137/fullTextXML
existing600,claim_evidence,Large Language Models in Preclinical Spine Research: A Scoping Review and Expert Perspective on Evidence-Aware Experimental Workflows.,10.1002/jsp2.70203,PMC13344227,ARCHIVED_CC_BY_OR_CC0,research_fields/technical/fulltext/PMC13344227.xml,https://www.ebi.ac.uk/europepmc/webservices/rest/PMC13344227/fullTextXML
existing600,claim_evidence,Literature-informed gene extraction and ranking for multimodal data fusion.,10.1093/bib/bbag348,PMC13333087,ARCHIVED_CC_BY_OR_CC0,research_fields/technical/fulltext/PMC13333087.xml,https://www.ebi.ac.uk/europepmc/webservices/rest/PMC13333087/fullTextXML
existing600,claim_evidence,Automated Extraction of Multicomponent Alloy Data Using Large Language Models for Sustainable Design.,10.1002/advs.75916,PMC13336656,ARCHIVED_CC_BY_OR_CC0,research_fields/technical/fulltext/PMC13336656.xml,https://www.ebi.ac.uk/europepmc/webservices/rest/PMC13336656/fullTextXML
existing600,claim_evidence,Quinex: Quantitative information extraction from text using open and lightweight LLMs.,10.1016/j.xinn.2026.101391,PMC13556337,ARCHIVED_CC_BY_OR_CC0,research_fields/technical/fulltext/PMC13556337.xml,https://www.ebi.ac.uk/europepmc/webservices/rest/PMC13556337/fullTextXML
existing600,claim_evidence,Natural Language Processing for Substance Use Disorder Information Extraction: A Systematic Literature Review.,10.1007/s40429-026-00733-3,PMC13070045,ARCHIVED_CC_BY_OR_CC0,research_fields/technical/fulltext/PMC13070045.xml,https://www.ebi.ac.uk/europepmc/webservices/rest/PMC13070045/fullTextXML
existing600,claim_evidence,Mining Two Decades of Soybean Genomics Literature Using Rule-Based Text Mining: Chromosome-Resolved Patterns of &lt;i&gt;Glyma&lt;/i&gt; Gene Mentions.,10.3390/ijms27083398,PMC13115798,ARCHIVED_CC_BY_OR_CC0,research_fields/technical/fulltext/PMC13115798.xml,https://www.ebi.ac.uk/europepmc/webservices/rest/PMC13115798/fullTextXML
existing600,ai_evaluation,"Effectiveness, Safety, and Workflow Burden of Large Language Model-Based Medical Report Generation: Systematic Review.",10.2196/97007,PMC13557449,ARCHIVED_CC_BY_OR_CC0,research_fields/technical/fulltext/PMC13557449.xml,https://www.ebi.ac.uk/europepmc/webservices/rest/PMC13557449/fullTextXML
existing600,ai_evaluation,Conditional Perplexity Scoring for Large Language Model-Generated Differential Diagnoses in Case Reports: Preliminary Computational Evaluation.,10.2196/98819,PMC13557325,ARCHIVED_CC_BY_OR_CC0,research_fields/technical/fulltext/PMC13557325.xml,https://www.ebi.ac.uk/europepmc/webservices/rest/PMC13557325/fullTextXML
existing600,ai_evaluation,Large Language Models for Distress Rating in Korean Psycho-Oncology Interviews: Exploratory Clinician-Benchmarked Evaluation Study.,10.2196/91405,PMC13557317,ARCHIVED_CC_BY_OR_CC0,research_fields/technical/fulltext/PMC13557317.xml,https://www.ebi.ac.uk/europepmc/webservices/rest/PMC13557317/fullTextXML
existing600,ai_evaluation,"Performance, Failures, and Oversight of a Large Language Model Agent for Clinical Data Analysis: Evaluation Study.",10.2196/99597,PMC13552643,ARCHIVED_CC_BY_OR_CC0,research_fields/technical/fulltext/PMC13552643.xml,https://www.ebi.ac.uk/europepmc/webservices/rest/PMC13552643/fullTextXML
existing600,ai_evaluation,Benchmarking Zero-Shot Open-Vocabulary and Fine-Tuned Object Detectors for Underground Mine Personnel Detection.,10.3390/s26175646,PMC13568132,ARCHIVED_CC_BY_OR_CC0,research_fields/technical/fulltext/PMC13568132.xml,https://www.ebi.ac.uk/europepmc/webservices/rest/PMC13568132/fullTextXML
existing600,ai_evaluation,From zero-shot to fine-tuning: optimize large language models for error detection of ultrasound reports.,10.1186/s13244-026-02394-2,PMC13546399,ARCHIVED_CC_BY_OR_CC0,research_fields/technical/fulltext/PMC13546399.xml,https://www.ebi.ac.uk/europepmc/webservices/rest/PMC13546399/fullTextXML
existing600,ai_evaluation,Detecting temporal clinical change in sequential chest radiography reports: a multi-model and multi-prompt evaluation of large language models.,10.3389/fdgth.2026.1919939,PMC13585932,ARCHIVED_CC_BY_OR_CC0,research_fields/technical/fulltext/PMC13585932.xml,https://www.ebi.ac.uk/europepmc/webservices/rest/PMC13585932/fullTextXML
existing600,ai_evaluation,Large Language Models in Perioperative Antithrombotic Management: A Blinded Scenario-Based Expert Evaluation.,10.3390/diagnostics16172848,PMC13564537,ARCHIVED_CC_BY_OR_CC0,research_fields/technical/fulltext/PMC13564537.xml,https://www.ebi.ac.uk/europepmc/webservices/rest/PMC13564537/fullTextXML
existing600,ai_evaluation,Multimodal Large Language Models for Dental Chart Image Interpretation: Cross-Sectional Benchmarking Study With Students and Clinicians.,10.2196/91809,PMC13544698,ARCHIVED_CC_BY_OR_CC0,research_fields/technical/fulltext/PMC13544698.xml,https://www.ebi.ac.uk/europepmc/webservices/rest/PMC13544698/fullTextXML
existing600,ai_evaluation,Evaluating a Guideline-Integrated Clinical Interaction Framework Vs a Standard Large Language Model Interaction for Dietary Recommendations in Recurrent Urolithiasis: In Silico Study.,10.2196/95162,PMC13544699,ARCHIVED_CC_BY_OR_CC0,research_fields/technical/fulltext/PMC13544699.xml,https://www.ebi.ac.uk/europepmc/webservices/rest/PMC13544699/fullTextXML
existing600,ai_evaluation,Large Language Models for Heterogeneous Data Mining in Liver Disease: Framework Development and Retrospective Validation Study.,10.2196/92921,PMC13544415,ARCHIVED_CC_BY_OR_CC0,research_fields/technical/fulltext/PMC13544415.xml,https://www.ebi.ac.uk/europepmc/webservices/rest/PMC13544415/fullTextXML
existing600,ai_evaluation,"A comparative evaluation of generative AI chatbots for patient-oriented advice on painful diabetic peripheral neuropathy: safety, accuracy, guideline concordance, actionability, and readability.",10.3389/fpubh.2026.1942799,PMC13584960,ARCHIVED_CC_BY_OR_CC0,research_fields/technical/fulltext/PMC13584960.xml,https://www.ebi.ac.uk/europepmc/webservices/rest/PMC13584960/fullTextXML
existing600,ai_evaluation,The impact of artificial intelligence with multi-head self-attention based deep learning model for students' academic performance monitoring.,10.3389/frai.2026.1904923,PMC13582602,ARCHIVED_CC_BY_OR_CC0,research_fields/technical/fulltext/PMC13582602.xml,https://www.ebi.ac.uk/europepmc/webservices/rest/PMC13582602/fullTextXML
existing600,ai_evaluation,Performance evaluation of large language models in bladder cancer patient education Q&amp;A: a cross-sectional study.,10.3389/fonc.2026.1909227,PMC13581702,ARCHIVED_CC_BY_OR_CC0,research_fields/technical/fulltext/PMC13581702.xml,https://www.ebi.ac.uk/europepmc/webservices/rest/PMC13581702/fullTextXML
existing600,ai_evaluation,Evaluation of clinical performance of artificial intelligence-assisted measurement of thoracic aortic diameter on non-contrast CT.,10.1097/md.0000000000050702,PMC13593237,ARCHIVED_CC_BY_OR_CC0,research_fields/technical/fulltext/PMC13593237.xml,https://www.ebi.ac.uk/europepmc/webservices/rest/PMC13593237/fullTextXML
existing600,ai_evaluation,Development and Crossover Evaluation of an Artificial Intelligence-Assisted System for Solid Pancreatic Lesion Detection and Pancreatic Parenchyma Recognition in Endoscopic Ultrasonography (With Video).,10.1111/den.70282,PMC13560611,ARCHIVED_CC_BY_OR_CC0,research_fields/technical/fulltext/PMC13560611.xml,https://www.ebi.ac.uk/europepmc/webservices/rest/PMC13560611/fullTextXML
existing600,ai_evaluation,"Evaluation of artificial intelligence for pulmonary embolism detection on CTPA: A single-center retrospective study comparing AI, radiologists, and AI-assisted interpretation.",10.1097/md.0000000000050543,PMC13549522,ARCHIVED_CC_BY_OR_CC0,research_fields/technical/fulltext/PMC13549522.xml,https://www.ebi.ac.uk/europepmc/webservices/rest/PMC13549522/fullTextXML
existing600,ai_evaluation,A comparative evaluation of ChatGPT-assisted and traditional methods of teaching diagnostic assessments to medical students: A randomized controlled study.,10.1097/md.0000000000050512,PMC13549642,ARCHIVED_CC_BY_OR_CC0,research_fields/technical/fulltext/PMC13549642.xml,https://www.ebi.ac.uk/europepmc/webservices/rest/PMC13549642/fullTextXML
existing600,ai_evaluation,Artificial intelligence detection of heart failure on coronary computed tomography angiography: external validation in patients with non-ST-segment elevation acute coronary syndrome.,10.1093/ehjdh/ztag133,PMC13543916,ARCHIVED_CC_BY_OR_CC0,research_fields/technical/fulltext/PMC13543916.xml,https://www.ebi.ac.uk/europepmc/webservices/rest/PMC13543916/fullTextXML
existing600,ai_evaluation,Benchmarking Vision Encoders for Image Classification in Ophthalmology.,10.34133/csbj.0178,PMC13530374,ARCHIVED_CC_BY_OR_CC0,research_fields/technical/fulltext/PMC13530374.xml,https://www.ebi.ac.uk/europepmc/webservices/rest/PMC13530374/fullTextXML
existing600,ai_evaluation,Large Language Model-Based Behavioral Activation Chatbot for Young People With Depression Using Artificial Users and Clinical Experts: Mixed Methods Evaluation.,10.2196/94781,PMC13533316,ARCHIVED_CC_BY_OR_CC0,research_fields/technical/fulltext/PMC13533316.xml,https://www.ebi.ac.uk/europepmc/webservices/rest/PMC13533316/fullTextXML
existing600,ai_evaluation,Performance and Hallucination Analysis of Large Language Models on European Anesthesiology Examinations: Cross-Sectional Comparative Study.,10.2196/95859,PMC13532392,ARCHIVED_CC_BY_OR_CC0,research_fields/technical/fulltext/PMC13532392.xml,https://www.ebi.ac.uk/europepmc/webservices/rest/PMC13532392/fullTextXML
existing600,ai_evaluation,Toward Automating the Selection of Articles Reporting EQ-5D Data for Systematic Literature Reviews Using Large Language Models: Algorithm Development and Evaluation Study.,10.2196/86647,PMC13528701,ARCHIVED_CC_BY_OR_CC0,research_fields/technical/fulltext/PMC13528701.xml,https://www.ebi.ac.uk/europepmc/webservices/rest/PMC13528701/fullTextXML
existing600,ai_evaluation,Prospective economic evaluation of a predictive artificial intelligence model for sepsis: Effects on hospital costs and return on investment.,10.1371/journal.pgph.0006059,PMC13528994,ARCHIVED_CC_BY_OR_CC0,research_fields/technical/fulltext/PMC13528994.xml,https://www.ebi.ac.uk/europepmc/webservices/rest/PMC13528994/fullTextXML
existing600,ai_evaluation,"From Single-Modal to Multi-Modal Artificial Intelligence in Alzheimer's Disease: A Systematic Review of Databases, Modalities, Diagnostic Performance, and Clinical Translation Challenges.",10.3390/s26175489,PMC13568021,ARCHIVED_CC_BY_OR_CC0,research_fields/technical/fulltext/PMC13568021.xml,https://www.ebi.ac.uk/europepmc/webservices/rest/PMC13568021/fullTextXML
existing600,ai_evaluation,"Artificial Intelligence-Assisted CBCT Evaluation of Maxillary Sinus, Nasal Cavity, and Nasolacrimal Duct Volumes in Unilateral and Bilateral Cleft Lip and Palate Patients.",10.3390/jcm15176680,PMC13566317,ARCHIVED_CC_BY_OR_CC0,research_fields/technical/fulltext/PMC13566317.xml,https://www.ebi.ac.uk/europepmc/webservices/rest/PMC13566317/fullTextXML
existing600,ai_evaluation,Diagnostic Accuracy of Multimodal Large Language Models for Four-Class Benchmark of Oral Autoimmune Blistering Diseases: A Multicenter Paired Study.,10.3390/diagnostics16172761,PMC13564754,ARCHIVED_CC_BY_OR_CC0,research_fields/technical/fulltext/PMC13564754.xml,https://www.ebi.ac.uk/europepmc/webservices/rest/PMC13564754/fullTextXML
existing600,claim_evidence,Assessing the performance of multimodal large language models in experimental information extraction from liquid-liquid phase separation literature.,10.1038/s41598-026-47277-0,PMC13230596,ARCHIVED_CC_BY_OR_CC0,research_fields/technical/fulltext/PMC13230596.xml,https://www.ebi.ac.uk/europepmc/webservices/rest/PMC13230596/fullTextXML
existing600,claim_evidence,Intestinal Dysbiosis Relating to Gut-Brain Axis and Behavior in Dogs: A Systematic Review with Text Mining Approach.,10.3390/ani16060986,PMC13023595,ARCHIVED_CC_BY_OR_CC0,research_fields/technical/fulltext/PMC13023595.xml,https://www.ebi.ac.uk/europepmc/webservices/rest/PMC13023595/fullTextXML
existing600,claim_evidence,Text Mining of CVD Synthesis Recipes for 2D Materials.,10.1002/adma.202509132,PMC13054107,ARCHIVED_CC_BY_OR_CC0,research_fields/technical/fulltext/PMC13054107.xml,https://www.ebi.ac.uk/europepmc/webservices/rest/PMC13054107/fullTextXML
existing600,claim_evidence,"An Integrated Text Mining Approach for Discovering Pharmacological Effects, Drug Combinations, and Repurposing Opportunities of ACE Inhibitors.",10.3390/ijms27042044,PMC12940818,ARCHIVED_CC_BY_OR_CC0,research_fields/technical/fulltext/PMC12940818.xml,https://www.ebi.ac.uk/europepmc/webservices/rest/PMC12940818/fullTextXML
existing600,clinical_treatment,Tigecycline versus doxycycline for scrub typhus: a preliminary randomized trial.,10.1186/s41182-026-01073-8,PMC13579949,ARCHIVED_CC_BY_OR_CC0,research_fields/applied/fulltext/PMC13579949.xml,https://www.ebi.ac.uk/europepmc/webservices/rest/PMC13579949/fullTextXML
existing600,clinical_treatment,Effects of a Group-Based Cognitive Behavioral Therapy for Sleep in Nursing Students: Pilot Randomized Controlled Trial.,10.2196/85021,PMC13581143,ARCHIVED_CC_BY_OR_CC0,research_fields/applied/fulltext/PMC13581143.xml,https://www.ebi.ac.uk/europepmc/webservices/rest/PMC13581143/fullTextXML
existing600,clinical_treatment,Comparative evaluation of Giomer varnish versus fluoride varnish as desensitizing agents among a group of children with molar incisor hypomineralization: a randomized clinical trial.,10.1186/s12903-026-09760-y,PMC13576101,ARCHIVED_CC_BY_OR_CC0,research_fields/applied/fulltext/PMC13576101.xml,https://www.ebi.ac.uk/europepmc/webservices/rest/PMC13576101/fullTextXML
existing600,clinical_treatment,Assessing the accuracy and efficiency of an electronic platform for managing childhood illnesses in rural China: A cluster randomized controlled trial.,10.1371/journal.pone.0352583,PMC13577394,ARCHIVED_CC_BY_OR_CC0,research_fields/applied/fulltext/PMC13577394.xml,https://www.ebi.ac.uk/europepmc/webservices/rest/PMC13577394/fullTextXML
existing600,clinical_treatment,Oral belzutifan treatment in von hippel-lindau-associated retinal hemangioblastoma: a promising approach.,10.1186/s40942-026-00932-0,PMC13579817,ARCHIVED_CC_BY_OR_CC0,research_fields/applied/fulltext/PMC13579817.xml,https://www.ebi.ac.uk/europepmc/webservices/rest/PMC13579817/fullTextXML
existing600,clinical_treatment,Effect of empagliflozin with or without carvedilol on tricuspid regurgitation and right ventricular remodeling: PROVE trial.,10.1186/s44348-026-00095-4,PMC13573426,ARCHIVED_CC_BY_OR_CC0,research_fields/applied/fulltext/PMC13573426.xml,https://www.ebi.ac.uk/europepmc/webservices/rest/PMC13573426/fullTextXML
existing600,clinical_treatment,Albumin versus crystalloid and microcirculatory blood flow in ischaemia/reperfusion-induced spinal cord injury: a randomised porcine trial.,10.1016/j.bjao.2026.100860,PMC13584136,ARCHIVED_CC_BY_OR_CC0,research_fields/applied/fulltext/PMC13584136.xml,https://www.ebi.ac.uk/europepmc/webservices/rest/PMC13584136/fullTextXML
existing600,clinical_treatment,Association Between the Atherogenic Index of Plasma and the Occurrence of Slow Flow/No-Reflow in Patients With Acute Myocardial Infarction Undergoing Emergency Percutaneous Coronary Intervention.,10.1155/crp/4736031,PMC13570492,ARCHIVED_CC_BY_OR_CC0,research_fields/applied/fulltext/PMC13570492.xml,https://www.ebi.ac.uk/europepmc/webservices/rest/PMC13570492/fullTextXML
existing600,clinical_treatment,Effectiveness of structured lactation support and human donor milk banking in German NICUs: a stepped-wedge cluster-randomized trial.,10.1186/s12916-026-05211-1,PMC13587408,ARCHIVED_CC_BY_OR_CC0,research_fields/applied/fulltext/PMC13587408.xml,https://www.ebi.ac.uk/europepmc/webservices/rest/PMC13587408/fullTextXML
existing600,clinical_treatment,Quality of Life and Toxicities Following Whole-Palm Versus Involved-Field Radiation Therapy for Dupuytren's Disease: A Substudy From a Randomized Trial.,10.1016/j.adro.2026.102083,PMC13576699,ARCHIVED_CC_BY_OR_CC0,research_fields/applied/fulltext/PMC13576699.xml,https://www.ebi.ac.uk/europepmc/webservices/rest/PMC13576699/fullTextXML
existing600,clinical_treatment,Inhibition of the Constructive Aggression Behavioral System (CABS) is associated with poor short- and long-term treatment outcomes and readmission among patients with major depression: a naturalistic study.,10.1186/s12888-026-08490-3,PMC13576321,ARCHIVED_CC_BY_OR_CC0,research_fields/applied/fulltext/PMC13576321.xml,https://www.ebi.ac.uk/europepmc/webservices/rest/PMC13576321/fullTextXML
existing600,clinical_treatment,"Comparative changes in cardiovascular measures following speed, agility, and quickness training and small-sided games in youth football players: a randomized trial.",10.1186/s13102-026-02048-2,PMC13576338,ARCHIVED_CC_BY_OR_CC0,research_fields/applied/fulltext/PMC13576338.xml,https://www.ebi.ac.uk/europepmc/webservices/rest/PMC13576338/fullTextXML
existing600,clinical_treatment,"Biomarkers and arterial stiffness. A sub-analysis of the ""Exercise training in heart failure with reduced ejection fraction and permanent atrial fibrillation: A randomized clinical trial"".",10.1016/j.clinsp.2026.101142,PMC13583978,ARCHIVED_CC_BY_OR_CC0,research_fields/applied/fulltext/PMC13583978.xml,https://www.ebi.ac.uk/europepmc/webservices/rest/PMC13583978/fullTextXML
existing600,clinical_treatment,Remote Ischemic Preconditioning Does Not Alleviate Post-Electroconvulsive Therapy Cognitive Dysfunction.,10.1097/yct.0000000000001150,PMC13561096,ARCHIVED_CC_BY_OR_CC0,research_fields/applied/fulltext/PMC13561096.xml,https://www.ebi.ac.uk/europepmc/webservices/rest/PMC13561096/fullTextXML
existing600,clinical_treatment,Process evaluation of a nurse-led transitional care model (Cardiolotse) within a randomized controlled trial aiming to improve care coordination for patients with cardiovascular diseases in Germany.,10.1186/s12913-026-15555-2,PMC13560212,ARCHIVED_CC_BY_OR_CC0,research_fields/applied/fulltext/PMC13560212.xml,https://www.ebi.ac.uk/europepmc/webservices/rest/PMC13560212/fullTextXML
existing600,clinical_treatment,Diagnosis of localized cutaneous leishmaniasis and treatment outcomes following carbon dioxide cryotherapy performed by health centre staff: A pilot implementation study in Ethiopia.,10.1371/journal.pgph.0006930,PMC13557335,ARCHIVED_CC_BY_OR_CC0,research_fields/applied/fulltext/PMC13557335.xml,https://www.ebi.ac.uk/europepmc/webservices/rest/PMC13557335/fullTextXML
existing600,clinical_treatment,Optimizing peer-led health interventions: A social network analysis approach for identifying influential fishermen in Malawi.,10.1371/journal.pgph.0007185,PMC13557381,ARCHIVED_CC_BY_OR_CC0,research_fields/applied/fulltext/PMC13557381.xml,https://www.ebi.ac.uk/europepmc/webservices/rest/PMC13557381/fullTextXML
existing600,clinical_treatment,"Discovery and Optimization of AMT-676, a CDH17-Targeting ADC for the Treatment of Advanced Gastrointestinal Cancers.",10.1002/advs.77521,PMC13555363,ARCHIVED_CC_BY_OR_CC0,research_fields/applied/fulltext/PMC13555363.xml,https://www.ebi.ac.uk/europepmc/webservices/rest/PMC13555363/fullTextXML
existing600,clinical_treatment,Effect of a digitally augmented general health promotion intervention on abstinence from health-risk behaviors among emergency department discharge patients: A randomized controlled trial.,10.1371/journal.pmed.1004916,PMC13568513,ARCHIVED_CC_BY_OR_CC0,research_fields/applied/fulltext/PMC13568513.xml,https://www.ebi.ac.uk/europepmc/webservices/rest/PMC13568513/fullTextXML
existing600,clinical_treatment,Effect of Various Types of Remineralizing Agents on the Remineralization of Mild and Moderate Defects Caused by Molar-Incisor Hypomineralization in Mexican Schoolchildren: A 12-month Follow-up Randomized Clinical Trial.,10.3290/j.ohpd.c_2796,PMC13554834,ARCHIVED_CC_BY_OR_CC0,research_fields/applied/fulltext/PMC13554834.xml,https://www.ebi.ac.uk/europepmc/webservices/rest/PMC13554834/fullTextXML
existing600,clinical_treatment,Gingival crevicular fluid levels of prolactin in periodontitis patients with controlled versus uncontrolled type 2 diabetes. a controlled clinical trial.,10.1038/s41598-026-68268-1,PMC13550468,ARCHIVED_CC_BY_OR_CC0,research_fields/applied/fulltext/PMC13550468.xml,https://www.ebi.ac.uk/europepmc/webservices/rest/PMC13550468/fullTextXML
existing600,clinical_treatment,Constructing an External Control Arm Using the French REALYSA Cohort to Replicate Outcomes of a Randomized Trial Arm in Advanced Hodgkin Lymphoma.,10.1002/cpt.70470,PMC13548820,ARCHIVED_CC_BY_OR_CC0,research_fields/applied/fulltext/PMC13548820.xml,https://www.ebi.ac.uk/europepmc/webservices/rest/PMC13548820/fullTextXML
existing600,clinical_treatment,Bio-Inspired Skin Reconstruction Using Intraoperative Autologous Epidermal Stem Cell-Enhanced Composite Grafts: A Randomized Trial.,10.1002/mco2.70973,PMC13547091,ARCHIVED_CC_BY_OR_CC0,research_fields/applied/fulltext/PMC13547091.xml,https://www.ebi.ac.uk/europepmc/webservices/rest/PMC13547091/fullTextXML
existing600,clinical_treatment,"Dapagliflozin as an adjunct to insulin improves glycemic control, weight, and lipid profile with a superior safety profile in type 2 diabetes: a randomized trial.",10.1016/j.clinsp.2026.101116,PMC13579280,ARCHIVED_CC_BY_OR_CC0,research_fields/applied/fulltext/PMC13579280.xml,https://www.ebi.ac.uk/europepmc/webservices/rest/PMC13579280/fullTextXML
existing600,clinical_treatment,Clinical efficacy and cortical network modulation of a multimodal sensory feedback upper-limb rehabilitation robot for post-stroke upper-limb recovery: a randomized controlled trial.,10.3389/fneur.2026.1820579,PMC13585541,ARCHIVED_CC_BY_OR_CC0,research_fields/applied/fulltext/PMC13585541.xml,https://www.ebi.ac.uk/europepmc/webservices/rest/PMC13585541/fullTextXML
existing600,clinical_treatment,Acceptability of alcohol-based hand rub during neonatal care in rural Ugandan households: a qualitative study nested within the BabyGel trial.,10.1080/16549716.2026.2727791,PMC13552334,ARCHIVED_CC_BY_OR_CC0,research_fields/applied/fulltext/PMC13552334.xml,https://www.ebi.ac.uk/europepmc/webservices/rest/PMC13552334/fullTextXML
existing600,clinical_treatment,Transfer effects of animal-assisted therapy on socioemotional skills in adult inpatient rehabilitation after acquired brain injury: a randomized controlled trial.,10.3389/fresc.2026.1818862,PMC13584825,ARCHIVED_CC_BY_OR_CC0,research_fields/applied/fulltext/PMC13584825.xml,https://www.ebi.ac.uk/europepmc/webservices/rest/PMC13584825/fullTextXML
existing600,clinical_treatment,Acceptability and feasibility of the Ushirikiano treatment model for Kenyan adolescents: a pilot randomized controlled trial.,10.3389/frcha.2026.1890788,PMC13582663,ARCHIVED_CC_BY_OR_CC0,research_fields/applied/fulltext/PMC13582663.xml,https://www.ebi.ac.uk/europepmc/webservices/rest/PMC13582663/fullTextXML
existing600,clinical_treatment,Function-based personalization of dietary fiber selection enhances gut microbial fermentation: a proof-of-concept crossover trial.,10.3389/fnut.2026.1907988,PMC13582658,ARCHIVED_CC_BY_OR_CC0,research_fields/applied/fulltext/PMC13582658.xml,https://www.ebi.ac.uk/europepmc/webservices/rest/PMC13582658/fullTextXML
existing600,clinical_treatment,Paeoniflorin adjunct to scar release surgery for postoperative anorectal stenosis: a randomized controlled trial.,10.3389/fsurg.2026.1843542,PMC13582448,ARCHIVED_CC_BY_OR_CC0,research_fields/applied/fulltext/PMC13582448.xml,https://www.ebi.ac.uk/europepmc/webservices/rest/PMC13582448/fullTextXML
existing600,epidemiology,"Central gland detachment following prostate artery embolization: incidence, risk factors and clinical outcomes.",10.1186/s42155-026-00774-9,PMC13589725,ARCHIVED_CC_BY_OR_CC0,research_fields/applied/fulltext/PMC13589725.xml,https://www.ebi.ac.uk/europepmc/webservices/rest/PMC13589725/fullTextXML
existing600,epidemiology,Laparoscopic versus open emergency colonic resection for obstruction: a multicentre retrospective cohort study.,10.1186/s12893-026-04220-4,PMC13587340,ARCHIVED_CC_BY_OR_CC0,research_fields/applied/fulltext/PMC13587340.xml,https://www.ebi.ac.uk/europepmc/webservices/rest/PMC13587340/fullTextXML
existing600,epidemiology,"Machine learning for predicting mortality in women diagnosed with breast cancer in the State of Mato Grosso, Brazil using linked population-based cancer registry and mortality data.",10.1371/journal.pone.0356621,PMC13588536,ARCHIVED_CC_BY_OR_CC0,research_fields/applied/fulltext/PMC13588536.xml,https://www.ebi.ac.uk/europepmc/webservices/rest/PMC13588536/fullTextXML
existing600,epidemiology,Trends in trajectories and incidence of functional impairment in middle-aged Americans.,10.1371/journal.pone.0358337,PMC13588377,ARCHIVED_CC_BY_OR_CC0,research_fields/applied/fulltext/PMC13588377.xml,https://www.ebi.ac.uk/europepmc/webservices/rest/PMC13588377/fullTextXML
existing600,epidemiology,COVID-19 mortality risk among people with HIV in Florida before and after the introduction of COVID-19 vaccines: A population-based study.,10.1371/journal.pone.0358543,PMC13588381,ARCHIVED_CC_BY_OR_CC0,research_fields/applied/fulltext/PMC13588381.xml,https://www.ebi.ac.uk/europepmc/webservices/rest/PMC13588381/fullTextXML
existing600,epidemiology,"Why only one-quarter of placental fetal growth restriction triggers preeclampsia? Clinical risk factors in 2060 cases in a 24-year cohort of 90,000 births.",10.1371/journal.pone.0354687,PMC13588347,ARCHIVED_CC_BY_OR_CC0,research_fields/applied/fulltext/PMC13588347.xml,https://www.ebi.ac.uk/europepmc/webservices/rest/PMC13588347/fullTextXML
existing600,epidemiology,Sex Differences in Early Functional Outcomes After Acute Stroke: A Retrospective Cohort Study at a United Kingdom Tertiary Stroke Centre.,10.7759/cureus.116427,PMC13588606,ARCHIVED_CC_BY_OR_CC0,research_fields/applied/fulltext/PMC13588606.xml,https://www.ebi.ac.uk/europepmc/webservices/rest/PMC13588606/fullTextXML
existing600,epidemiology,Association between number of previous malaria episodes and treatment failure among children and adults with laboratory-confirmed Plasmodium infection treated with pyronaridine-artesunate in Gabon: a retrospective cohort study.,10.1186/s12936-026-06147-w,PMC13587473,ARCHIVED_CC_BY_OR_CC0,research_fields/applied/fulltext/PMC13587473.xml,https://www.ebi.ac.uk/europepmc/webservices/rest/PMC13587473/fullTextXML
existing600,epidemiology,"Cervical Cancer Survival in Mali: A 21-Year Retrospective Cohort Study of Trends, Determinants, and Outcomes at Gabriel Touré Teaching Hospital (2003-2024).",10.1155/ogi/9966827,PMC13584334,ARCHIVED_CC_BY_OR_CC0,research_fields/applied/fulltext/PMC13584334.xml,https://www.ebi.ac.uk/europepmc/webservices/rest/PMC13584334/fullTextXML
existing600,epidemiology,"Prevalence, risk factors and adverse outcomes of intrapartum related asphyxia amongst newborns from mothers with low-risk deliveries in peri-urban Gambian health facilities: a retrospective cohort study.",10.1186/s12884-026-09674-1,PMC13587270,ARCHIVED_CC_BY_OR_CC0,research_fields/applied/fulltext/PMC13587270.xml,https://www.ebi.ac.uk/europepmc/webservices/rest/PMC13587270/fullTextXML
existing600,epidemiology,Epidemiology of spinal fractures in polytrauma patients.,10.1007/s00068-026-03318-x,PMC13585787,ARCHIVED_CC_BY_OR_CC0,research_fields/applied/fulltext/PMC13585787.xml,https://www.ebi.ac.uk/europepmc/webservices/rest/PMC13585787/fullTextXML
existing600,epidemiology,"Epidemiology of human RSV in Taiwan, 2018-2024.",10.1371/journal.pone.0357769,PMC13585227,ARCHIVED_CC_BY_OR_CC0,research_fields/applied/fulltext/PMC13585227.xml,https://www.ebi.ac.uk/europepmc/webservices/rest/PMC13585227/fullTextXML
existing600,epidemiology,Accelerometer-derived real-world sleep stages and risk of incident diseases: A UK Biobank cohort study and phenome-wide association analysis.,10.1371/journal.pmed.1005213,PMC13585268,ARCHIVED_CC_BY_OR_CC0,research_fields/applied/fulltext/PMC13585268.xml,https://www.ebi.ac.uk/europepmc/webservices/rest/PMC13585268/fullTextXML
existing600,epidemiology,"Marked Increase in Influenza-Associated Acute Myositis Among Children During the 2024-2025 Season: A Two-Season Retrospective Cohort Study From Riyadh, Saudi Arabia.",10.7759/cureus.116385,PMC13584176,ARCHIVED_CC_BY_OR_CC0,research_fields/applied/fulltext/PMC13584176.xml,https://www.ebi.ac.uk/europepmc/webservices/rest/PMC13584176/fullTextXML
existing600,epidemiology,Predictors of Short- and Long-Term Major Adverse Cardiac and Cerebrovascular Events (MACCE) After Percutaneous Coronary Intervention: A Cohort Study on the Data of National Persian Registry of Cardiovascular Disease (N-PROVE).,10.1002/hsr2.73272,PMC13583171,ARCHIVED_CC_BY_OR_CC0,research_fields/applied/fulltext/PMC13583171.xml,https://www.ebi.ac.uk/europepmc/webservices/rest/PMC13583171/fullTextXML
existing600,epidemiology,Dynamic Changes of Neutrophil Nuclear Membrane CD63 as a Potential Biomarker for Early Adjunctive Diagnosis and Prognostic Evaluation of Sepsis in Critically Ill Patients: A Prospective Cohort Study.,10.1002/mco2.71007,PMC13583469,ARCHIVED_CC_BY_OR_CC0,research_fields/applied/fulltext/PMC13583469.xml,https://www.ebi.ac.uk/europepmc/webservices/rest/PMC13583469/fullTextXML
existing600,epidemiology,Antibiofilm-coated intramedullary nailing for tibial and femoral diaphyseal fractures at high-risk infection: outcomes of 103 consecutive patients.,10.1186/s10195-026-00967-x,PMC13586100,ARCHIVED_CC_BY_OR_CC0,research_fields/applied/fulltext/PMC13586100.xml,https://www.ebi.ac.uk/europepmc/webservices/rest/PMC13586100/fullTextXML
existing600,epidemiology,Treatment Outcomes of Excisional Versus Conservative Surgery for Endogenous Cesarean Scar Pregnancy: A Retrospective Cohort Study.,10.1155/ogi/5246199,PMC13579242,ARCHIVED_CC_BY_OR_CC0,research_fields/applied/fulltext/PMC13579242.xml,https://www.ebi.ac.uk/europepmc/webservices/rest/PMC13579242/fullTextXML
existing600,epidemiology,"Development and Temporal External Validation of a Parsimonious, Interpretable Machine Learning Model for Predicting 6-Month Mortality in Long-Term Care Facilities: A Retrospective Cohort Study.",10.2196/94567,PMC13581260,ARCHIVED_CC_BY_OR_CC0,research_fields/applied/fulltext/PMC13581260.xml,https://www.ebi.ac.uk/europepmc/webservices/rest/PMC13581260/fullTextXML
existing600,epidemiology,Persistent critical illness in acute hypoxic respiratory failure: A retrospective cohort study.,10.1371/journal.pone.0358431,PMC13580957,ARCHIVED_CC_BY_OR_CC0,research_fields/applied/fulltext/PMC13580957.xml,https://www.ebi.ac.uk/europepmc/webservices/rest/PMC13580957/fullTextXML
existing600,epidemiology,Longer hospital stay but similar one-year mortality and readmission after combined proximal humerus and proximal femur fragility fractures: a Propensity-Score-Matched Cohort Study.,10.1007/s00402-026-06474-2,PMC13582116,ARCHIVED_CC_BY_OR_CC0,research_fields/applied/fulltext/PMC13582116.xml,https://www.ebi.ac.uk/europepmc/webservices/rest/PMC13582116/fullTextXML
existing600,epidemiology,Comparative outcomes of bioabsorbable poly-4-hydroxybutyrate versus synthetic mesh in ventral hernia repair: A propensity-matched cohort study.,10.1007/s10029-026-03848-8,PMC13582305,ARCHIVED_CC_BY_OR_CC0,research_fields/applied/fulltext/PMC13582305.xml,https://www.ebi.ac.uk/europepmc/webservices/rest/PMC13582305/fullTextXML
existing600,epidemiology,"Indirect technique to estimate neonatal, infant, and under-five mortality rates for India and its states: A population-based cross-sectional study.",10.1371/journal.pone.0353613,PMC13577410,ARCHIVED_CC_BY_OR_CC0,research_fields/applied/fulltext/PMC13577410.xml,https://www.ebi.ac.uk/europepmc/webservices/rest/PMC13577410/fullTextXML
existing600,epidemiology,Clinical outcomes and risk factors in the surgical treatment of distal femur fractures.,10.1007/s00068-026-03328-9,PMC13577981,ARCHIVED_CC_BY_OR_CC0,research_fields/applied/fulltext/PMC13577981.xml,https://www.ebi.ac.uk/europepmc/webservices/rest/PMC13577981/fullTextXML
existing600,epidemiology,Hip fracture surgery within 24 hours: no association between time to surgery and mortality in a real-world cohort.,10.1007/s00068-026-03331-0,PMC13577985,ARCHIVED_CC_BY_OR_CC0,research_fields/applied/fulltext/PMC13577985.xml,https://www.ebi.ac.uk/europepmc/webservices/rest/PMC13577985/fullTextXML
existing600,epidemiology,Risk factors for future exacerbations in patients with COPD treated with dual LABA/LAMA.,10.1080/07853890.2026.2722722,PMC13580378,ARCHIVED_CC_BY_OR_CC0,research_fields/applied/fulltext/PMC13580378.xml,https://www.ebi.ac.uk/europepmc/webservices/rest/PMC13580378/fullTextXML
existing600,epidemiology,Early antibiotic review and AWaRe prescribing in respiratory infections before vs during COVID-19: a two-hospital retrospective cohort study.,10.1080/20523211.2026.2719528,PMC13577274,ARCHIVED_CC_BY_OR_CC0,research_fields/applied/fulltext/PMC13577274.xml,https://www.ebi.ac.uk/europepmc/webservices/rest/PMC13577274/fullTextXML
existing600,epidemiology,Association between spinal manipulative therapy and cervical artery dissection in patients with neck pain or headache: a retrospective cohort study.,10.1186/s12998-026-00678-4,PMC13576314,ARCHIVED_CC_BY_OR_CC0,research_fields/applied/fulltext/PMC13576314.xml,https://www.ebi.ac.uk/europepmc/webservices/rest/PMC13576314/fullTextXML
existing600,epidemiology,Clinical epidemiology of easily recognisable congenital malformations in Gambian newborns: a descriptive cohort study embedded in a clinical trial.,10.1186/s12884-026-09673-2,PMC13573321,ARCHIVED_CC_BY_OR_CC0,research_fields/applied/fulltext/PMC13573321.xml,https://www.ebi.ac.uk/europepmc/webservices/rest/PMC13573321/fullTextXML
existing600,epidemiology,Cardiac surgery-associated AKI and the risk of progression to end-stage renal disease. A retrospective cohort study.,10.1080/0886022x.2026.2719277,PMC13577249,ARCHIVED_CC_BY_OR_CC0,research_fields/applied/fulltext/PMC13577249.xml,https://www.ebi.ac.uk/europepmc/webservices/rest/PMC13577249/fullTextXML
existing600,psychology_behavior,"Anxiety and Depressive Symptoms Among Early-Year Medical Students in Pakistan: Prevalence, Associated Factors, and Mental Health Service Implications-A Multicenter Cross-Sectional Study.",10.1002/hsr2.73250,PMC13589265,ARCHIVED_CC_BY_OR_CC0,research_fields/applied/fulltext/PMC13589265.xml,https://www.ebi.ac.uk/europepmc/webservices/rest/PMC13589265/fullTextXML
existing600,psychology_behavior,Measuring body checking and avoidance in adolescents: validation of a behavioral questionnaire.,10.1186/s40359-026-05614-y,PMC13589350,ARCHIVED_CC_BY_OR_CC0,research_fields/applied/fulltext/PMC13589350.xml,https://www.ebi.ac.uk/europepmc/webservices/rest/PMC13589350/fullTextXML
existing600,psychology_behavior,Is C-reactive protein the answer to antibiotics over-prescribing in primary care? A behavioural experiment in two European countries.,10.1093/jacamr/dlag209,PMC13583623,ARCHIVED_CC_BY_OR_CC0,research_fields/applied/fulltext/PMC13583623.xml,https://www.ebi.ac.uk/europepmc/webservices/rest/PMC13583623/fullTextXML
existing600,psychology_behavior,How perceiving pace of social change affects loneliness: psychological obsolescence as predictor for loneliness in late-life sample.,10.1007/s10433-026-00951-8,PMC13586106,ARCHIVED_CC_BY_OR_CC0,research_fields/applied/fulltext/PMC13586106.xml,https://www.ebi.ac.uk/europepmc/webservices/rest/PMC13586106/fullTextXML
existing600,psychology_behavior,"Improving Cardiometabolic Health in Adolescent Girls With Elevated Anxiety: Web-Based Multisite, Pilot, and Feasibility Randomized Controlled Trial.",10.2196/82781,PMC13585365,ARCHIVED_CC_BY_OR_CC0,research_fields/applied/fulltext/PMC13585365.xml,https://www.ebi.ac.uk/europepmc/webservices/rest/PMC13585365/fullTextXML
existing600,psychology_behavior,Assessment of anxiety risk association with PAHs and aluminum co-exposure in an aluminum production facility.,10.1186/s42506-026-00233-2,PMC13586090,ARCHIVED_CC_BY_OR_CC0,research_fields/applied/fulltext/PMC13586090.xml,https://www.ebi.ac.uk/europepmc/webservices/rest/PMC13586090/fullTextXML
existing600,psychology_behavior,Patterns and determinants of formal healthcare utilisation among individuals with and without proxy-identified mental health need in Tanzania: A cross-sectional analysis of the National Panel Survey.,10.1371/journal.pmen.0000644,PMC13585274,ARCHIVED_CC_BY_OR_CC0,research_fields/applied/fulltext/PMC13585274.xml,https://www.ebi.ac.uk/europepmc/webservices/rest/PMC13585274/fullTextXML
existing600,psychology_behavior,Inflammation is associated with altered functional connectivity of the cingulate cortex in individuals with subthreshold depression.,10.1371/journal.pdig.0001665,PMC13585250,ARCHIVED_CC_BY_OR_CC0,research_fields/applied/fulltext/PMC13585250.xml,https://www.ebi.ac.uk/europepmc/webservices/rest/PMC13585250/fullTextXML
existing600,psychology_behavior,"A multimodal manual therapy, exercise, and psychological intervention for painful diabetic neuropathy: the NeuOst feasibility randomised controlled trial.",10.1097/pr9.0000000000001498,PMC13585324,ARCHIVED_CC_BY_OR_CC0,research_fields/applied/fulltext/PMC13585324.xml,https://www.ebi.ac.uk/europepmc/webservices/rest/PMC13585324/fullTextXML
existing600,psychology_behavior,Estimating presenteeism from repeated smartphone-based multimodal behavioral responses.,10.1371/journal.pone.0354342,PMC13581304,ARCHIVED_CC_BY_OR_CC0,research_fields/applied/fulltext/PMC13581304.xml,https://www.ebi.ac.uk/europepmc/webservices/rest/PMC13581304/fullTextXML
existing600,psychology_behavior,Bringing the Green Environment From Outdoors to Indoors Through Virtual Reality for Psychological Well-Being: Quasi-Experimental Study.,10.2196/93494,PMC13581148,ARCHIVED_CC_BY_OR_CC0,research_fields/applied/fulltext/PMC13581148.xml,https://www.ebi.ac.uk/europepmc/webservices/rest/PMC13581148/fullTextXML
existing600,psychology_behavior,Revision of the perceived parental-educational-anxiety scale and its application among Chinese college freshmen.,10.1371/journal.pone.0358097,PMC13580987,ARCHIVED_CC_BY_OR_CC0,research_fields/applied/fulltext/PMC13580987.xml,https://www.ebi.ac.uk/europepmc/webservices/rest/PMC13580987/fullTextXML
existing600,psychology_behavior,Association between alcohol-Induced mental and behavioral disorders and comorbidities: Evidence from the Korea National Hospital Discharge In-depth Injury survey data.,10.1371/journal.pone.0356598,PMC13580963,ARCHIVED_CC_BY_OR_CC0,research_fields/applied/fulltext/PMC13580963.xml,https://www.ebi.ac.uk/europepmc/webservices/rest/PMC13580963/fullTextXML
existing600,psychology_behavior,Virtual Reality-Assisted Therapy Compared to Cognitive Behavioral Therapy for Patients With Treatment-Resistant Schizophrenia: Assessor-Blind Randomized Controlled Trial.,10.2196/106791,PMC13580698,ARCHIVED_CC_BY_OR_CC0,research_fields/applied/fulltext/PMC13580698.xml,https://www.ebi.ac.uk/europepmc/webservices/rest/PMC13580698/fullTextXML
existing600,psychology_behavior,Psychological Therapy in the Age of Large Language Models: Framework for Therapist-Delivered and AI-Supported Functions.,10.2196/103712,PMC13580604,ARCHIVED_CC_BY_OR_CC0,research_fields/applied/fulltext/PMC13580604.xml,https://www.ebi.ac.uk/europepmc/webservices/rest/PMC13580604/fullTextXML
existing600,psychology_behavior,Interdental brushing behaviour in adults: Influence of periodontal status and socioeconomic factors.,10.1007/s00784-026-07129-7,PMC13582308,ARCHIVED_CC_BY_OR_CC0,research_fields/applied/fulltext/PMC13582308.xml,https://www.ebi.ac.uk/europepmc/webservices/rest/PMC13582308/fullTextXML
existing600,psychology_behavior,"Ethnic and income-related inequalities in mental health among adolescents: a cross-sectional study in Bradford, UK.",10.1136/bmjph-2025-004528,PMC13583858,ARCHIVED_CC_BY_OR_CC0,research_fields/applied/fulltext/PMC13583858.xml,https://www.ebi.ac.uk/europepmc/webservices/rest/PMC13583858/fullTextXML
existing600,psychology_behavior,Mutual wellbeing in an equine-assisted intervention: experimental evidence for the two-way hypothesis and the importance of interaction method.,10.1038/s41598-026-65168-2,PMC13578761,ARCHIVED_CC_BY_OR_CC0,research_fields/applied/fulltext/PMC13578761.xml,https://www.ebi.ac.uk/europepmc/webservices/rest/PMC13578761/fullTextXML
existing600,psychology_behavior,No evidence of higher peak heat tolerance in the afternoon or with opportunity for thermal behaviour during low-intensity work in uncompensable heat.,10.1113/ep092803,PMC13577609,ARCHIVED_CC_BY_OR_CC0,research_fields/applied/fulltext/PMC13577609.xml,https://www.ebi.ac.uk/europepmc/webservices/rest/PMC13577609/fullTextXML
existing600,psychology_behavior,The effect of manuscript characteristics on quality assessment of scientific manuscripts in psychology.,10.1371/journal.pone.0355938,PMC13577479,ARCHIVED_CC_BY_OR_CC0,research_fields/applied/fulltext/PMC13577479.xml,https://www.ebi.ac.uk/europepmc/webservices/rest/PMC13577479/fullTextXML
existing600,psychology_behavior,Census-based adolescent depression risk assessment: A novel method and reflections.,10.1371/journal.pone.0357661,PMC13577525,ARCHIVED_CC_BY_OR_CC0,research_fields/applied/fulltext/PMC13577525.xml,https://www.ebi.ac.uk/europepmc/webservices/rest/PMC13577525/fullTextXML
existing600,psychology_behavior,Prevalence and associated factors of anxiety and depression among women seeking digital mental health services in Bangladesh.,10.1371/journal.pmen.0000715,PMC13577547,ARCHIVED_CC_BY_OR_CC0,research_fields/applied/fulltext/PMC13577547.xml,https://www.ebi.ac.uk/europepmc/webservices/rest/PMC13577547/fullTextXML
existing600,psychology_behavior,"Beyond the Scalpel: A Cross-Sectional Study of Psychological Well-Being and Quality of Life in Women With a History of Cosmetic Surgery, Surgical Candidates, and a Comparison Group.",10.1002/hsr2.73245,PMC13572902,ARCHIVED_CC_BY_OR_CC0,research_fields/applied/fulltext/PMC13572902.xml,https://www.ebi.ac.uk/europepmc/webservices/rest/PMC13572902/fullTextXML
existing600,psychology_behavior,Digital Phenotyping of Lifestyle Profiles and Mental Well-Being in German Adults: Prospective Longitudinal Cohort Study.,10.2196/101850,PMC13574308,ARCHIVED_CC_BY_OR_CC0,research_fields/applied/fulltext/PMC13574308.xml,https://www.ebi.ac.uk/europepmc/webservices/rest/PMC13574308/fullTextXML
existing600,psychology_behavior,Digitally Adapting LGBTQ-Affirmative Cognitive Behavioral Therapy for Chinese Men Who Have Sex With Men Living With HIV: User-Centered Design Approach.,10.2196/98541,PMC13573822,ARCHIVED_CC_BY_OR_CC0,research_fields/applied/fulltext/PMC13573822.xml,https://www.ebi.ac.uk/europepmc/webservices/rest/PMC13573822/fullTextXML
existing600,psychology_behavior,"Longitudinal Study on Post-Traumatic Stress Disorder, Anxiety, and Depression Among Medical Staff in China.",10.1002/hcs2.70101,PMC13571159,ARCHIVED_CC_BY_OR_CC0,research_fields/applied/fulltext/PMC13571159.xml,https://www.ebi.ac.uk/europepmc/webservices/rest/PMC13571159/fullTextXML
existing600,psychology_behavior,Time-resolved aperiodic dynamics in event segmentation in attention-deficit/hyperactivity disorder.,10.1093/braincomms/fcag351,PMC13590235,ARCHIVED_CC_BY_OR_CC0,research_fields/applied/fulltext/PMC13590235.xml,https://www.ebi.ac.uk/europepmc/webservices/rest/PMC13590235/fullTextXML
existing600,psychology_behavior,"Mapping Sex Differences in Depression, Anxiety, and Co-Occurring Symptoms in Adults Under Stress: A Bayesian Network Approach.",10.1155/da/6640438,PMC13570569,ARCHIVED_CC_BY_OR_CC0,research_fields/applied/fulltext/PMC13570569.xml,https://www.ebi.ac.uk/europepmc/webservices/rest/PMC13570569/fullTextXML
existing600,psychology_behavior,Behavioural and psychological symptom determinants of carer burden across clinical syndromes associated with frontotemporal lobar degeneration and Alzheimer's disease: a transdiagnostic analysis.,10.1007/s00415-026-14132-1,PMC13570929,ARCHIVED_CC_BY_OR_CC0,research_fields/applied/fulltext/PMC13570929.xml,https://www.ebi.ac.uk/europepmc/webservices/rest/PMC13570929/fullTextXML
existing600,education_learning,Gameful Experience and Perceived Educational Value in a Student-Designed Medical Escape Room for Preclinical Medical Education: Cross-Sectional Study.,10.2196/96011,PMC13592745,ARCHIVED_CC_BY_OR_CC0,research_fields/applied/fulltext/PMC13592745.xml,https://www.ebi.ac.uk/europepmc/webservices/rest/PMC13592745/fullTextXML
existing600,education_learning,Case-based pharmacotherapeutic learning structured around the prescribing optimization method and the WHO 6-step model: Medical students' views from an exploratory questionnaire study.,10.1007/s00228-026-04184-7,PMC13589751,ARCHIVED_CC_BY_OR_CC0,research_fields/applied/fulltext/PMC13589751.xml,https://www.ebi.ac.uk/europepmc/webservices/rest/PMC13589751/fullTextXML
existing600,education_learning,Recurrent and system-specific model-attribution patterns in PISA 2022 science performance across nine education systems.,10.1371/journal.pone.0351534,PMC13588497,ARCHIVED_CC_BY_OR_CC0,research_fields/applied/fulltext/PMC13588497.xml,https://www.ebi.ac.uk/europepmc/webservices/rest/PMC13588497/fullTextXML
existing600,education_learning,Assessment of clinical education (ASSCE): a scoping review of use and experiences of the tool.,10.1186/s12912-026-05379-0,PMC13587395,ARCHIVED_CC_BY_OR_CC0,research_fields/applied/fulltext/PMC13587395.xml,https://www.ebi.ac.uk/europepmc/webservices/rest/PMC13587395/fullTextXML
existing600,education_learning,From Pieces to Processes: Teaching Health Care Process Optimization and Quality Improvement Through a Building Brick Simulation.,10.15766/mep_2374-8265.11637,PMC13582539,ARCHIVED_CC_BY_OR_CC0,research_fields/applied/fulltext/PMC13582539.xml,https://www.ebi.ac.uk/europepmc/webservices/rest/PMC13582539/fullTextXML
existing600,education_learning,The hidden curriculum of endurance: how students' psychosocial stress becomes normalised in arts higher education.,10.1080/17482631.2026.2727777,PMC13587575,ARCHIVED_CC_BY_OR_CC0,research_fields/applied/fulltext/PMC13587575.xml,https://www.ebi.ac.uk/europepmc/webservices/rest/PMC13587575/fullTextXML
existing600,education_learning,Improving Nursing Students' Critical Thinking Disposition Through a Gamified Flipped Classroom: A Quasiexperimental Study.,10.1155/nrp/5074543,PMC13583434,ARCHIVED_CC_BY_OR_CC0,research_fields/applied/fulltext/PMC13583434.xml,https://www.ebi.ac.uk/europepmc/webservices/rest/PMC13583434/fullTextXML
existing600,education_learning,Students' Learning Outcomes in a Virtual Microscopic Online and Face-to-Face Anatomy Course: Cross-Over Comparative Study.,10.2196/82012,PMC13580892,ARCHIVED_CC_BY_OR_CC0,research_fields/applied/fulltext/PMC13580892.xml,https://www.ebi.ac.uk/europepmc/webservices/rest/PMC13580892/fullTextXML
existing600,education_learning,Genetic literacy assessment among medical students using the Indonesian adaptation of the University of North Carolina Genomic Knowledge Scale.,10.1007/s12687-026-00940-5,PMC13582748,ARCHIVED_CC_BY_OR_CC0,research_fields/applied/fulltext/PMC13582748.xml,https://www.ebi.ac.uk/europepmc/webservices/rest/PMC13582748/fullTextXML
existing600,education_learning,Teaching Acute Coronary Syndrome High-Risk ECG Interpretation and Clinical Decision-Making Through FOAMed Videos and Podcast Versus Print-Based Materials Among Emergency Care Providers: Randomized Controlled Mixed Methods Trial.,10.2196/87587,PMC13577616,ARCHIVED_CC_BY_OR_CC0,research_fields/applied/fulltext/PMC13577616.xml,https://www.ebi.ac.uk/europepmc/webservices/rest/PMC13577616/fullTextXML
existing600,education_learning,Beyond the undergraduate experience: Pre-arrival expectations of postgraduate taught students at a UK university.,10.1371/journal.pone.0358341,PMC13577360,ARCHIVED_CC_BY_OR_CC0,research_fields/applied/fulltext/PMC13577360.xml,https://www.ebi.ac.uk/europepmc/webservices/rest/PMC13577360/fullTextXML
existing600,education_learning,Herbal or conventional medicine? A cross-sectional study of Jordanian university students' preferences for cold and flu treatment.,10.1371/journal.pone.0358179,PMC13577359,ARCHIVED_CC_BY_OR_CC0,research_fields/applied/fulltext/PMC13577359.xml,https://www.ebi.ac.uk/europepmc/webservices/rest/PMC13577359/fullTextXML
existing600,education_learning,An explorative approach of the InovSafeCare model for education in infection prevention and control: a cross-sectional study among undergraduate nursing students in sub-Saharan Africa.,10.1080/16549716.2026.2728504,PMC13580379,ARCHIVED_CC_BY_OR_CC0,research_fields/applied/fulltext/PMC13580379.xml,https://www.ebi.ac.uk/europepmc/webservices/rest/PMC13580379/fullTextXML
existing600,education_learning,Exploring Student and Faculty Insights on Ultrasound Education for Final-Year Medical Students: A Qualitative Study.,10.2147/amep.s621984,PMC13584943,ARCHIVED_CC_BY_OR_CC0,research_fields/applied/fulltext/PMC13584943.xml,https://www.ebi.ac.uk/europepmc/webservices/rest/PMC13584943/fullTextXML
existing600,education_learning,Assessment of drug harm by final-year medical students and ChatGPT - a comparative analysis.,10.1186/s13011-026-00762-1,PMC13587526,ARCHIVED_CC_BY_OR_CC0,research_fields/applied/fulltext/PMC13587526.xml,https://www.ebi.ac.uk/europepmc/webservices/rest/PMC13587526/fullTextXML
existing600,education_learning,The 10-year evolution of a dental undergraduate 'Blended Learning' suturing programme.,10.1038/s41405-026-00467-4,PMC13570886,ARCHIVED_CC_BY_OR_CC0,research_fields/applied/fulltext/PMC13570886.xml,https://www.ebi.ac.uk/europepmc/webservices/rest/PMC13570886/fullTextXML
existing600,education_learning,"Teaching Model Context Protocol, Retrieval-Augmented Generation, and AI Agents to a Multidisciplinary Hospital Workforce: Single-Group Pre-Post Survey Study.",10.2196/97822,PMC13568689,ARCHIVED_CC_BY_OR_CC0,research_fields/applied/fulltext/PMC13568689.xml,https://www.ebi.ac.uk/europepmc/webservices/rest/PMC13568689/fullTextXML
existing600,education_learning,"Physical contact in physical education for women: A cross-sectional questionnaire-based study of discomfort related to initiator gender, relationship with the initiator, and body region.",10.1371/journal.pone.0358338,PMC13567764,ARCHIVED_CC_BY_OR_CC0,research_fields/applied/fulltext/PMC13567764.xml,https://www.ebi.ac.uk/europepmc/webservices/rest/PMC13567764/fullTextXML
existing600,education_learning,"Determinants of Awareness of High School and Preparatory Students About HIV/AIDS: The Case of Sayint Preparatory and General Secondary School, South Wollo, Ethiopia.",10.1002/puh2.70357,PMC13561629,ARCHIVED_CC_BY_OR_CC0,research_fields/applied/fulltext/PMC13561629.xml,https://www.ebi.ac.uk/europepmc/webservices/rest/PMC13561629/fullTextXML
existing600,education_learning,Supporting the Learning of Visual Perception Skills in Cytology Through a Computational Tool: Development and Evaluation Study.,10.2196/79508,PMC13561437,ARCHIVED_CC_BY_OR_CC0,research_fields/applied/fulltext/PMC13561437.xml,https://www.ebi.ac.uk/europepmc/webservices/rest/PMC13561437/fullTextXML
existing600,education_learning,Attitudes Toward and Preconditions for Digital Game-Based Learning Among Public Health and Health Sciences Students: Cross-Sectional Online Survey Study.,10.2196/83347,PMC13561400,ARCHIVED_CC_BY_OR_CC0,research_fields/applied/fulltext/PMC13561400.xml,https://www.ebi.ac.uk/europepmc/webservices/rest/PMC13561400/fullTextXML
existing600,education_learning,Profiling Human-AI Regulatory Support in Technology-Enhanced Interprofessional Education Among Health Professions Students: Person-Centered Exploratory Study.,10.2196/95772,PMC13561188,ARCHIVED_CC_BY_OR_CC0,research_fields/applied/fulltext/PMC13561188.xml,https://www.ebi.ac.uk/europepmc/webservices/rest/PMC13561188/fullTextXML
existing600,education_learning,"Assessment of food safety knowledge, attitudes, and self-reported practices among secondary school students in Bangladesh: A geographic information system-based cross-sectional study.",10.1371/journal.pgph.0007173,PMC13561326,ARCHIVED_CC_BY_OR_CC0,research_fields/applied/fulltext/PMC13561326.xml,https://www.ebi.ac.uk/europepmc/webservices/rest/PMC13561326/fullTextXML
existing600,education_learning,Beyond Online Course Evaluations: Student-Led Focus Groups for Curricular Feedback.,10.5334/pme.1786,PMC13564938,ARCHIVED_CC_BY_OR_CC0,research_fields/applied/fulltext/PMC13564938.xml,https://www.ebi.ac.uk/europepmc/webservices/rest/PMC13564938/fullTextXML
existing600,education_learning,Gamified Adult Basic Life Support Training for Schoolchildren Using Minecraft Education Edition: Cross-Sectional Program Evaluation.,10.2196/93141,PMC13556288,ARCHIVED_CC_BY_OR_CC0,research_fields/applied/fulltext/PMC13556288.xml,https://www.ebi.ac.uk/europepmc/webservices/rest/PMC13556288/fullTextXML
existing600,education_learning,Oral Health Knowledge and Training of French Community Pharmacy Students.,10.3290/j.ohpd.c_2813,PMC13559057,ARCHIVED_CC_BY_OR_CC0,research_fields/applied/fulltext/PMC13559057.xml,https://www.ebi.ac.uk/europepmc/webservices/rest/PMC13559057/fullTextXML
existing600,education_learning,Evaluation of the new Egyptian undergraduate medical program from students' perspectives: a nationwide cross-sectional study.,10.1186/s12909-026-10200-2,PMC13555892,ARCHIVED_CC_BY_OR_CC0,research_fields/applied/fulltext/PMC13555892.xml,https://www.ebi.ac.uk/europepmc/webservices/rest/PMC13555892/fullTextXML
existing600,education_learning,Visualizing the future: impact of holographic visualization on teaching minimally invasive veneer preparation: a randomized controlled trial.,10.1186/s12909-026-10324-5,PMC13556104,ARCHIVED_CC_BY_OR_CC0,research_fields/applied/fulltext/PMC13556104.xml,https://www.ebi.ac.uk/europepmc/webservices/rest/PMC13556104/fullTextXML
existing600,education_learning,Reproductive Health Communication in Spanish: A Standardized Patient-Based Module for Second-Year Medical Students.,10.15766/mep_2374-8265.11635,PMC13550226,ARCHIVED_CC_BY_OR_CC0,research_fields/applied/fulltext/PMC13550226.xml,https://www.ebi.ac.uk/europepmc/webservices/rest/PMC13550226/fullTextXML
existing600,education_learning,Nonlinear Dose-Response Association Between Stressful Life Events and Probable Problematic Internet Use Among Chinese College Students: Cross-Sectional Study.,10.2196/92310,PMC13552645,ARCHIVED_CC_BY_OR_CC0,research_fields/applied/fulltext/PMC13552645.xml,https://www.ebi.ac.uk/europepmc/webservices/rest/PMC13552645/fullTextXML
existing600,economics_policy,Cost-utility of NeuroSAFE-guided RARP Versus Standard RARP in Men with Localised Prostate Cancer in the UK.,10.1016/j.euros.2026.08.007,PMC13582013,ARCHIVED_CC_BY_OR_CC0,research_fields/applied/fulltext/PMC13582013.xml,https://www.ebi.ac.uk/europepmc/webservices/rest/PMC13582013/fullTextXML
existing600,economics_policy,"Long-term comparative trajectories of health, behavioral, and economic outcomes: From pre-diagnosis to survivorship.",10.1371/journal.pone.0357917,PMC13557411,ARCHIVED_CC_BY_OR_CC0,research_fields/applied/fulltext/PMC13557411.xml,https://www.ebi.ac.uk/europepmc/webservices/rest/PMC13557411/fullTextXML
existing600,economics_policy,"Pre-exposure prophylaxis as a complementary vaccination strategy to reduce rabies in Kerala, India: a cost-effectiveness modelling study.",10.1016/j.lansea.2026.100854,PMC13571938,ARCHIVED_CC_BY_OR_CC0,research_fields/applied/fulltext/PMC13571938.xml,https://www.ebi.ac.uk/europepmc/webservices/rest/PMC13571938/fullTextXML
existing600,economics_policy,"Economic Factors Associated with AI Adoption in Oncology: Cost-Effectiveness Perceptions, Reimbursement Readiness, and Return-on-Investment Confidence Among Romanian Healthcare Professionals.",10.3390/healthcare14172820,PMC13565732,ARCHIVED_CC_BY_OR_CC0,research_fields/applied/fulltext/PMC13565732.xml,https://www.ebi.ac.uk/europepmc/webservices/rest/PMC13565732/fullTextXML
existing600,economics_policy,Cost-effectiveness analysis of omeprazole for preventing esophageal stricture in patients with Zargar grade 2b and 3a corrosive esophageal injuries: A trial-based economic evaluation.,10.1097/md.0000000000050701,PMC13574397,ARCHIVED_CC_BY_OR_CC0,research_fields/applied/fulltext/PMC13574397.xml,https://www.ebi.ac.uk/europepmc/webservices/rest/PMC13574397/fullTextXML
existing600,economics_policy,Policy Recommendations for Chagas Disease: An Emerging Concern of Public Health Significance for the U.S. Military.,10.4269/ajtmh.26-0052,PMC13550748,ARCHIVED_CC_BY_OR_CC0,research_fields/applied/fulltext/PMC13550748.xml,https://www.ebi.ac.uk/europepmc/webservices/rest/PMC13550748/fullTextXML
existing600,economics_policy,A risk-stratified framework for in-house PLA 3D printing of non-critical medical device spare parts: a cost-effectiveness analysis.,10.3389/fmed.2026.1911165,PMC13561092,ARCHIVED_CC_BY_OR_CC0,research_fields/applied/fulltext/PMC13561092.xml,https://www.ebi.ac.uk/europepmc/webservices/rest/PMC13561092/fullTextXML
existing600,economics_policy,Association between a regional reimbursement policy and treatment escalation in pulmonary arterial hypertension: a real-world cohort study with long-term Markov cost-effectiveness analysis.,10.3389/fphar.2026.1892453,PMC13558091,ARCHIVED_CC_BY_OR_CC0,research_fields/applied/fulltext/PMC13558091.xml,https://www.ebi.ac.uk/europepmc/webservices/rest/PMC13558091/fullTextXML
existing600,economics_policy,Cost-effectiveness of tremelimumab plus durvalumab versus sorafenib for unresectable hepatocellular carcinoma in China: an economic evaluation based on five-year overall survival data from the HIMALAYA trial.,10.3389/fpubh.2026.1918118,PMC13557980,ARCHIVED_CC_BY_OR_CC0,research_fields/applied/fulltext/PMC13557980.xml,https://www.ebi.ac.uk/europepmc/webservices/rest/PMC13557980/fullTextXML
existing600,economics_policy,Cost-Effectiveness of a Blended Learning Training Approach for Health Care Workers Conducting HIV Index Case Testing in Malawi: Secondary Economic Analysis of a Cluster-Randomized Controlled Trial.,10.2196/95450,PMC13563035,ARCHIVED_CC_BY_OR_CC0,research_fields/applied/fulltext/PMC13563035.xml,https://www.ebi.ac.uk/europepmc/webservices/rest/PMC13563035/fullTextXML
existing600,economics_policy,Cost-effectiveness analysis of computer aided detection for tuberculosis in Ghana: A decision-analytic modeling study.,10.1371/journal.pone.0356244,PMC13521406,ARCHIVED_CC_BY_OR_CC0,research_fields/applied/fulltext/PMC13521406.xml,https://www.ebi.ac.uk/europepmc/webservices/rest/PMC13521406/fullTextXML
existing600,economics_policy,Economic evaluation of the TriageHF Plus clinical pathway for device-based remote monitoring in heart failure.,10.1136/heartjnl-2025-326702,PMC13539856,ARCHIVED_CC_BY_OR_CC0,research_fields/applied/fulltext/PMC13539856.xml,https://www.ebi.ac.uk/europepmc/webservices/rest/PMC13539856/fullTextXML
existing600,economics_policy,"Cost-effectiveness analysis of eltrombopag, hetrombopag and romiplostim for second-line treatment of primary immune thrombocytopenia in China.",10.3389/fmed.2026.1916651,PMC13546990,ARCHIVED_CC_BY_OR_CC0,research_fields/applied/fulltext/PMC13546990.xml,https://www.ebi.ac.uk/europepmc/webservices/rest/PMC13546990/fullTextXML
existing600,economics_policy,Integrating clinical and economic outcomes in the elderly myeloma management: a comparative cost-effectiveness analysis.,10.3389/fonc.2026.1774263,PMC13547032,ARCHIVED_CC_BY_OR_CC0,research_fields/applied/fulltext/PMC13547032.xml,https://www.ebi.ac.uk/europepmc/webservices/rest/PMC13547032/fullTextXML
existing600,economics_policy,Cost-effectiveness of the timing of respiratory extracorporeal membrane oxygenation initiation in pediatric patients.,10.1590/1984-0462/2026/44/2025275,PMC13502939,ARCHIVED_CC_BY_OR_CC0,research_fields/applied/fulltext/PMC13502939.xml,https://www.ebi.ac.uk/europepmc/webservices/rest/PMC13502939/fullTextXML
existing600,economics_policy,Long-Term Cost and Health Impact of a Digital Obesity Intervention in Germany: Economic Modeling Study.,10.2196/88576,PMC13550978,ARCHIVED_CC_BY_OR_CC0,research_fields/applied/fulltext/PMC13550978.xml,https://www.ebi.ac.uk/europepmc/webservices/rest/PMC13550978/fullTextXML
existing600,economics_policy,Optimizing PD-1/PD-L1 inhibitors plus chemotherapy for driver mutation-negative non-squamous NSCLC in China: a cost-effectiveness analysis.,10.3389/fphar.2026.1849145,PMC13541720,ARCHIVED_CC_BY_OR_CC0,research_fields/applied/fulltext/PMC13541720.xml,https://www.ebi.ac.uk/europepmc/webservices/rest/PMC13541720/fullTextXML
existing600,economics_policy,Association of Supportive Text Messaging With Health Service Utilization Costs Following Psychiatric Admission: Secondary Economic Analysis of a Stepped-Wedge Cluster Randomized Trial.,10.2196/93954,PMC13495993,ARCHIVED_CC_BY_OR_CC0,research_fields/applied/fulltext/PMC13495993.xml,https://www.ebi.ac.uk/europepmc/webservices/rest/PMC13495993/fullTextXML
existing600,economics_policy,"Online Food Purchase Frequency Across Generations: Associations with Healthy Eating, Environmental Concern, and Economic Decision Indicators.",10.3390/nu18162730,PMC13516827,ARCHIVED_CC_BY_OR_CC0,research_fields/applied/fulltext/PMC13516827.xml,https://www.ebi.ac.uk/europepmc/webservices/rest/PMC13516827/fullTextXML
existing600,economics_policy,"Economic insecurity, decision fatigue, and positive wellbeing in digitally mediated financial decision environments.",10.3389/fpsyg.2026.1858489,PMC13534000,ARCHIVED_CC_BY_OR_CC0,research_fields/applied/fulltext/PMC13534000.xml,https://www.ebi.ac.uk/europepmc/webservices/rest/PMC13534000/fullTextXML
existing600,economics_policy,Cost-Effectiveness Analysis of Older Adult Vaccination with the Bivalent Respiratory Syncytial Virus Prefusion F (RSVpreF) Vaccine in Mexico.,10.3390/vaccines14080713,PMC13517743,ARCHIVED_CC_BY_OR_CC0,research_fields/applied/fulltext/PMC13517743.xml,https://www.ebi.ac.uk/europepmc/webservices/rest/PMC13517743/fullTextXML
existing600,economics_policy,Navigation-guided elective primary total hip arthroplasty is associated with reduced 90-day readmission and early revision at increased index cost: a national analysis.,10.3389/fsurg.2026.1818308,PMC13527035,ARCHIVED_CC_BY_OR_CC0,research_fields/applied/fulltext/PMC13527035.xml,https://www.ebi.ac.uk/europepmc/webservices/rest/PMC13527035/fullTextXML
existing600,economics_policy,Cost-effectiveness of organised versus opportunistic mammography breast cancer screening in low-resourced country.,10.1136/bmjopen-2025-108486,PMC13504863,ARCHIVED_CC_BY_OR_CC0,research_fields/applied/fulltext/PMC13504863.xml,https://www.ebi.ac.uk/europepmc/webservices/rest/PMC13504863/fullTextXML
existing600,economics_policy,Evaluating economic and health-system associations of a national public health legal framework: evidence from China's basic medical and health care and health promotion law.,10.3389/fpubh.2026.1908891,PMC13522156,ARCHIVED_CC_BY_OR_CC0,research_fields/applied/fulltext/PMC13522156.xml,https://www.ebi.ac.uk/europepmc/webservices/rest/PMC13522156/fullTextXML
existing600,economics_policy,Clinical and Economic Trade-Offs in Antifungal Therapy for Invasive Aspergillosis and Mucormycosis: A Markov Model-Based Analysis.,10.3390/jof12080608,PMC13514336,ARCHIVED_CC_BY_OR_CC0,research_fields/applied/fulltext/PMC13514336.xml,https://www.ebi.ac.uk/europepmc/webservices/rest/PMC13514336/fullTextXML
existing600,economics_policy,Extended Oral Antibiotics After Primary Total Hip and Knee Arthroplasty in an Ambulatory Surgery Center: A Bayesian Threshold and Cost-Effectiveness Analysis.,10.1016/j.artd.2026.102108,PMC13495080,ARCHIVED_CC_BY_OR_CC0,research_fields/applied/fulltext/PMC13495080.xml,https://www.ebi.ac.uk/europepmc/webservices/rest/PMC13495080/fullTextXML
existing600,economics_policy,Cost-effectiveness analysis of total intravenous vs. inhalation anaesthesia among adults aged ≥ 50 y undergoing major non-cardiac surgery.,10.1111/anae.70288,PMC13551113,ARCHIVED_CC_BY_OR_CC0,research_fields/applied/fulltext/PMC13551113.xml,https://www.ebi.ac.uk/europepmc/webservices/rest/PMC13551113/fullTextXML
existing600,economics_policy,Cost-effectiveness of targeted therapy versus chemotherapy for patients with advanced or metastatic gastric cancer in China.,10.3389/fphar.2026.1840088,PMC13500755,ARCHIVED_CC_BY_OR_CC0,research_fields/applied/fulltext/PMC13500755.xml,https://www.ebi.ac.uk/europepmc/webservices/rest/PMC13500755/fullTextXML
existing600,economics_policy,Cost-utility analysis of home treatment versus inpatient treatment in child and adolescent psychiatry: a decision analysis.,10.3389/frcha.2026.1923381,PMC13500286,ARCHIVED_CC_BY_OR_CC0,research_fields/applied/fulltext/PMC13500286.xml,https://www.ebi.ac.uk/europepmc/webservices/rest/PMC13500286/fullTextXML
existing600,economics_policy,"Cost-effectiveness analysis of triplet therapy of encorafenib, binimetinib, and cetuximab for treatment of metastatic BRAF V600E-mutated colorectal cancer in China.",10.3389/fphar.2026.1746058,PMC13500752,ARCHIVED_CC_BY_OR_CC0,research_fields/applied/fulltext/PMC13500752.xml,https://www.ebi.ac.uk/europepmc/webservices/rest/PMC13500752/fullTextXML
existing600,ecology_biodiversity,Pesticide-Free Rice Paddies Promote Diverse and Distinct Aquatic Invertebrate Communities in Cool-Temperate Agroecosystems.,10.1002/ece3.74287,PMC13586779,ARCHIVED_CC_BY_OR_CC0,research_fields/applied/fulltext/PMC13586779.xml,https://www.ebi.ac.uk/europepmc/webservices/rest/PMC13586779/fullTextXML
existing600,ecology_biodiversity,Use of Human Habitat in an Extreme Desert by the Generalist Red Fox: Risk and Energy Considerations.,10.1002/ece3.74392,PMC13581412,ARCHIVED_CC_BY_OR_CC0,research_fields/applied/fulltext/PMC13581412.xml,https://www.ebi.ac.uk/europepmc/webservices/rest/PMC13581412/fullTextXML
existing600,ecology_biodiversity,A freshwater resilient and connected network to sustain biodiversity under a changing climate.,10.1371/journal.pone.0351782,PMC13581213,ARCHIVED_CC_BY_OR_CC0,research_fields/applied/fulltext/PMC13581213.xml,https://www.ebi.ac.uk/europepmc/webservices/rest/PMC13581213/fullTextXML
existing600,ecology_biodiversity,Automated and quantitative characterization of benthic habitat and associated biological communities of an unknown southeast Pacific seamount.,10.1371/journal.pone.0345687,PMC13577503,ARCHIVED_CC_BY_OR_CC0,research_fields/applied/fulltext/PMC13577503.xml,https://www.ebi.ac.uk/europepmc/webservices/rest/PMC13577503/fullTextXML
existing600,ecology_biodiversity,Illegal Wildlife Trade in Kathmandu Valley: A Hub of Biodiversity Crime.,10.1002/ece3.74303,PMC13572203,ARCHIVED_CC_BY_OR_CC0,research_fields/applied/fulltext/PMC13572203.xml,https://www.ebi.ac.uk/europepmc/webservices/rest/PMC13572203/fullTextXML
existing600,ecology_biodiversity,Cross-ecosystem subsidies drive CO2 flux rates in a coastal ecotone.,10.1371/journal.pone.0357828,PMC13567790,ARCHIVED_CC_BY_OR_CC0,research_fields/applied/fulltext/PMC13567790.xml,https://www.ebi.ac.uk/europepmc/webservices/rest/PMC13567790/fullTextXML
existing600,ecology_biodiversity,From pixels to conservation: Deep learning for automated monitoring of rare and endangered wildlife.,10.1016/j.isci.2026.116669,PMC13586580,ARCHIVED_CC_BY_OR_CC0,research_fields/applied/fulltext/PMC13586580.xml,https://www.ebi.ac.uk/europepmc/webservices/rest/PMC13586580/fullTextXML
existing600,ecology_biodiversity,The Mean Temperature of the Coldest Season is the Main Factor Influencing the Relationship Between Biodiversity and Biomass in the Desert Shrubland of Western Inner Mongolia.,10.1002/ece3.74353,PMC13561634,ARCHIVED_CC_BY_OR_CC0,research_fields/applied/fulltext/PMC13561634.xml,https://www.ebi.ac.uk/europepmc/webservices/rest/PMC13561634/fullTextXML
existing600,ecology_biodiversity,Fin Whale (&lt;i&gt;Balaenoptera physalus&lt;/i&gt;) Diel Dive Patterns in a Shallow Fragmented Foraging Habitat.,10.1002/ece3.74313,PMC13561636,ARCHIVED_CC_BY_OR_CC0,research_fields/applied/fulltext/PMC13561636.xml,https://www.ebi.ac.uk/europepmc/webservices/rest/PMC13561636/fullTextXML
existing600,ecology_biodiversity,"Tree Species Diversity, Canopy Height, and Soil Nutrient Availability Shape Leaf Insect Herbivory in Zhoushan Archipelago, China.",10.1002/ece3.73582,PMC13558230,ARCHIVED_CC_BY_OR_CC0,research_fields/applied/fulltext/PMC13558230.xml,https://www.ebi.ac.uk/europepmc/webservices/rest/PMC13558230/fullTextXML
existing600,ecology_biodiversity,Effects of Climatic Factors and Disturbance on Plant Above-Ground Biomass and Species Diversity of Chinese Grasslands: A Meta-Analysis.,10.1002/ece3.74320,PMC13553281,ARCHIVED_CC_BY_OR_CC0,research_fields/applied/fulltext/PMC13553281.xml,https://www.ebi.ac.uk/europepmc/webservices/rest/PMC13553281/fullTextXML
existing600,ecology_biodiversity,Chloroplast genome comparative analysis and phylogenetic relationships of 15 Syringa species (Oleaceae).,10.1590/1678-4685-gmb-2026-0016,PMC13555786,ARCHIVED_CC_BY_OR_CC0,research_fields/applied/fulltext/PMC13555786.xml,https://www.ebi.ac.uk/europepmc/webservices/rest/PMC13555786/fullTextXML
existing600,ecology_biodiversity,Stage-specific threats reveal the inadequacy of adult-centered conservation.,10.7554/elife.110823,PMC13549618,ARCHIVED_CC_BY_OR_CC0,research_fields/applied/fulltext/PMC13549618.xml,https://www.ebi.ac.uk/europepmc/webservices/rest/PMC13549618/fullTextXML
existing600,ecology_biodiversity,Spatial Distribution and Ecological Assessment of Vegetation-Climate Zone Ecotones in the Temperate Forests of South Korea.,10.1002/ece3.74306,PMC13546866,ARCHIVED_CC_BY_OR_CC0,research_fields/applied/fulltext/PMC13546866.xml,https://www.ebi.ac.uk/europepmc/webservices/rest/PMC13546866/fullTextXML
existing600,ecology_biodiversity,Effects of Meadow Connectivity on Plant Diversity in China's Poyang Lake: New Perspective of Effective Biodiversity Conservation.,10.1002/ece3.74328,PMC13546867,ARCHIVED_CC_BY_OR_CC0,research_fields/applied/fulltext/PMC13546867.xml,https://www.ebi.ac.uk/europepmc/webservices/rest/PMC13546867/fullTextXML
existing600,ecology_biodiversity,"Building dense or compact cities without jeopardizing biodiversity: Insights from bird observations in Gothenburg, Sweden.",10.1038/s42949-026-00471-5,PMC13545006,ARCHIVED_CC_BY_OR_CC0,research_fields/applied/fulltext/PMC13545006.xml,https://www.ebi.ac.uk/europepmc/webservices/rest/PMC13545006/fullTextXML
existing600,ecology_biodiversity,Global Patterns and Drivers of Climatic Niche Originality and Overlap: Disentangling Ecological From Methodological Signals.,10.1002/ece3.74215,PMC13539904,ARCHIVED_CC_BY_OR_CC0,research_fields/applied/fulltext/PMC13539904.xml,https://www.ebi.ac.uk/europepmc/webservices/rest/PMC13539904/fullTextXML
existing600,ecology_biodiversity,The overlooked conservation values of saline lakes.,10.1038/s41467-026-76684-0,PMC13542260,ARCHIVED_CC_BY_OR_CC0,research_fields/applied/fulltext/PMC13542260.xml,https://www.ebi.ac.uk/europepmc/webservices/rest/PMC13542260/fullTextXML
existing600,ecology_biodiversity,Does higher food biodiversity in the Dutch diet lead to lower environmental impact?,10.1007/s00394-026-04092-7,PMC13541952,ARCHIVED_CC_BY_OR_CC0,research_fields/applied/fulltext/PMC13541952.xml,https://www.ebi.ac.uk/europepmc/webservices/rest/PMC13541952/fullTextXML
existing600,ecology_biodiversity,A Spatial Prioritization Approach for Identifying Future Conservation Reserve Program Opportunities to Enhance Longleaf Pine (Pinus palustris) Ecosystem Connectivity.,10.1007/s00267-026-02593-z,PMC13541870,ARCHIVED_CC_BY_OR_CC0,research_fields/applied/fulltext/PMC13541870.xml,https://www.ebi.ac.uk/europepmc/webservices/rest/PMC13541870/fullTextXML
existing600,ecology_biodiversity,Prioritizing removals of a highly cryptic invasive species using machine learning and demographic weighting.,10.1002/eap.70317,PMC13593391,ARCHIVED_CC_BY_OR_CC0,research_fields/applied/fulltext/PMC13593391.xml,https://www.ebi.ac.uk/europepmc/webservices/rest/PMC13593391/fullTextXML
existing600,ecology_biodiversity,Impact of &lt;i&gt;Chamaecrista rotundifolia&lt;/i&gt; cover cropping on soil elemental cycling in karst agroecosystems.,10.3389/fmicb.2026.1906173,PMC13574786,ARCHIVED_CC_BY_OR_CC0,research_fields/applied/fulltext/PMC13574786.xml,https://www.ebi.ac.uk/europepmc/webservices/rest/PMC13574786/fullTextXML
existing600,ecology_biodiversity,Scale-Dependent Biodiversity Responses to Drying and Land Use in River Metacommunities Facing Global Change.,10.1111/gcb.71094,PMC13545490,ARCHIVED_CC_BY_OR_CC0,research_fields/applied/fulltext/PMC13545490.xml,https://www.ebi.ac.uk/europepmc/webservices/rest/PMC13545490/fullTextXML
existing600,ecology_biodiversity,Comparative genomics and phylogenetic analysis of three Malvaceae species on the basis of chloroplast genomes.,10.3389/fpls.2026.1860109,PMC13572635,ARCHIVED_CC_BY_OR_CC0,research_fields/applied/fulltext/PMC13572635.xml,https://www.ebi.ac.uk/europepmc/webservices/rest/PMC13572635/fullTextXML
existing600,ecology_biodiversity,MANNA-VISW: A Low-Cost Multimodal Autonomous Platform for Environmental and Ecosystem Recovery Monitoring in Disconnected Post-Disaster Scenarios.,10.3390/s26175522,PMC13568088,ARCHIVED_CC_BY_OR_CC0,research_fields/applied/fulltext/PMC13568088.xml,https://www.ebi.ac.uk/europepmc/webservices/rest/PMC13568088/fullTextXML
existing600,ecology_biodiversity,Something looks fishy! A philosophical exploration of AI for marine conservation.,10.1007/s43681-026-01312-y,PMC13529866,ARCHIVED_CC_BY_OR_CC0,research_fields/applied/fulltext/PMC13529866.xml,https://www.ebi.ac.uk/europepmc/webservices/rest/PMC13529866/fullTextXML
existing600,ecology_biodiversity,Multilevel Impacts of Habitat Fragmentation on Plant Diversity and Structure in Urban Remnant Forests.,10.1002/ece3.74246,PMC13522934,ARCHIVED_CC_BY_OR_CC0,research_fields/applied/fulltext/PMC13522934.xml,https://www.ebi.ac.uk/europepmc/webservices/rest/PMC13522934/fullTextXML
existing600,ecology_biodiversity,Assessing awareness to aid action: Stakeholders' perception of invasive alien species in a metropolis from the Global South.,10.1038/s41598-026-59488-6,PMC13518948,ARCHIVED_CC_BY_OR_CC0,research_fields/applied/fulltext/PMC13518948.xml,https://www.ebi.ac.uk/europepmc/webservices/rest/PMC13518948/fullTextXML
existing600,ecology_biodiversity,Citizen science-based biodiversity monitoring in oil palm plantations.,10.1371/journal.pone.0318046,PMC13505915,ARCHIVED_CC_BY_OR_CC0,research_fields/applied/fulltext/PMC13505915.xml,https://www.ebi.ac.uk/europepmc/webservices/rest/PMC13505915/fullTextXML
existing600,ecology_biodiversity,Linking Ecosystem-Service Perceptions and Wool Valorisation in Alpine Sheep Farming Systems.,10.3390/ani16172649,PMC13564273,ARCHIVED_CC_BY_OR_CC0,research_fields/applied/fulltext/PMC13564273.xml,https://www.ebi.ac.uk/europepmc/webservices/rest/PMC13564273/fullTextXML
existing600,climate_pollution,Distribution and Habitat Suitability of &lt;i&gt;Artemisia annua&lt;/i&gt; in China Under Climate Change Scenarios.,10.1002/ece3.74236,PMC13574538,ARCHIVED_CC_BY_OR_CC0,research_fields/applied/fulltext/PMC13574538.xml,https://www.ebi.ac.uk/europepmc/webservices/rest/PMC13574538/fullTextXML
existing600,climate_pollution,"Climate Change Impact on the Potential Distribution and Invasion Risk of &lt;i&gt;Tetramorium caldarium&lt;/i&gt; (Roger, 1857): A Species Distribution Modeling Approach Using MaxEnt.",10.1002/ece3.74319,PMC13572036,ARCHIVED_CC_BY_OR_CC0,research_fields/applied/fulltext/PMC13572036.xml,https://www.ebi.ac.uk/europepmc/webservices/rest/PMC13572036/fullTextXML
existing600,climate_pollution,"Replicative and Air Pollution-Induced Senescence: Telomere Dysfunction, Mitochondrial Stress, and Modulatory Effects of Astragaloside IV in Endothelial and Vascular Smooth Muscle Cells.",10.1007/s12012-026-10173-0,PMC13569613,ARCHIVED_CC_BY_OR_CC0,research_fields/applied/fulltext/PMC13569613.xml,https://www.ebi.ac.uk/europepmc/webservices/rest/PMC13569613/fullTextXML
existing600,climate_pollution,Predicted Global Redistribution of Pyrophilous Beetle &lt;i&gt;Melanophila acuminata&lt;/i&gt; (Coleoptera: Buprestidae) Under Climate Change.,10.1002/ece3.74317,PMC13553553,ARCHIVED_CC_BY_OR_CC0,research_fields/applied/fulltext/PMC13553553.xml,https://www.ebi.ac.uk/europepmc/webservices/rest/PMC13553553/fullTextXML
existing600,climate_pollution,Exercise is associated with lower all-cause mortality among older adults: a national cohort survival analysis with county-level industrial air pollution indicators.,10.3389/fpubh.2026.1894835,PMC13541438,ARCHIVED_CC_BY_OR_CC0,research_fields/applied/fulltext/PMC13541438.xml,https://www.ebi.ac.uk/europepmc/webservices/rest/PMC13541438/fullTextXML
existing600,climate_pollution,Integrative transcriptomic analysis identifies CCL22-associated immune signatures in air pollution-related atopic dermatitis.,10.3389/fpubh.2026.1906298,PMC13582549,ARCHIVED_CC_BY_OR_CC0,research_fields/applied/fulltext/PMC13582549.xml,https://www.ebi.ac.uk/europepmc/webservices/rest/PMC13582549/fullTextXML
existing600,climate_pollution,"&lt;i&gt;They are all inter-related, like a cycle&lt;/i&gt;: an exploratory qualitative study of climate change, chronic stressors and mental health among displaced populations on the Thailand-Myanmar border.",10.3389/fpubh.2026.1846043,PMC13582530,ARCHIVED_CC_BY_OR_CC0,research_fields/applied/fulltext/PMC13582530.xml,https://www.ebi.ac.uk/europepmc/webservices/rest/PMC13582530/fullTextXML
existing600,climate_pollution,Climate-Driven Changes in Potential Suitable Habitat of &lt;i&gt;Protegira songi&lt;/i&gt; in China Under Future Climate Scenarios.,10.3390/biology15171515,PMC13564628,ARCHIVED_CC_BY_OR_CC0,research_fields/applied/fulltext/PMC13564628.xml,https://www.ebi.ac.uk/europepmc/webservices/rest/PMC13564628/fullTextXML
existing600,climate_pollution,"Comparative volatile profiling of &lt;i&gt;Asarum&lt;/i&gt; species and MaxEnt-based habitat assessment of &lt;i&gt;Asarum sieboldii&lt;/i&gt;: implications for species authentication, geographical origin traceability, and climate-informed conservation.",10.3389/fpls.2026.1937801,PMC13574818,ARCHIVED_CC_BY_OR_CC0,research_fields/applied/fulltext/PMC13574818.xml,https://www.ebi.ac.uk/europepmc/webservices/rest/PMC13574818/fullTextXML
existing600,climate_pollution,Modeling climate-driven changes in potential zoonotic virus density across Australia.,10.1016/j.isci.2026.117414,PMC13571117,ARCHIVED_CC_BY_OR_CC0,research_fields/applied/fulltext/PMC13571117.xml,https://www.ebi.ac.uk/europepmc/webservices/rest/PMC13571117/fullTextXML
existing600,climate_pollution,Acute Diarrheal Disease Associated With Climate Variability and Water Supply System Configuration: An Ecological Study in Brazil.,10.1002/wer.70563,PMC13557016,ARCHIVED_CC_BY_OR_CC0,research_fields/applied/fulltext/PMC13557016.xml,https://www.ebi.ac.uk/europepmc/webservices/rest/PMC13557016/fullTextXML
existing600,climate_pollution,Virulent Parasites Emerge in Hosts With Rising Temperatures.,10.1111/gcb.71082,PMC13552160,ARCHIVED_CC_BY_OR_CC0,research_fields/applied/fulltext/PMC13552160.xml,https://www.ebi.ac.uk/europepmc/webservices/rest/PMC13552160/fullTextXML
existing600,climate_pollution,Induced Dysbiosis Modifies Physiological Responses to Warming in a Temperate Sponge.,10.1111/1462-2920.70402,PMC13547887,ARCHIVED_CC_BY_OR_CC0,research_fields/applied/fulltext/PMC13547887.xml,https://www.ebi.ac.uk/europepmc/webservices/rest/PMC13547887/fullTextXML
existing600,climate_pollution,Thermal Stress and Habitat Loss: Assessing the Vulnerability of &lt;i&gt;Potamon fluviatile&lt;/i&gt; (Decapoda: Potamidae) to Climate Change in Italy.,10.1002/ece3.74256,PMC13531240,ARCHIVED_CC_BY_OR_CC0,research_fields/applied/fulltext/PMC13531240.xml,https://www.ebi.ac.uk/europepmc/webservices/rest/PMC13531240/fullTextXML
existing600,climate_pollution,Climate Exposures Increase the Risk of Anemia Among Reproductive-Age Women in Low- and Middle-Income Countries.,10.1002/ajhb.70297,PMC13527755,ARCHIVED_CC_BY_OR_CC0,research_fields/applied/fulltext/PMC13527755.xml,https://www.ebi.ac.uk/europepmc/webservices/rest/PMC13527755/fullTextXML
existing600,climate_pollution,Development and Validation of PubMed and Ovid MEDLINE Search Filters for Exposure Pathways Linking Climate Change With Public Health.,10.1002/cesm.70105,PMC13533122,ARCHIVED_CC_BY_OR_CC0,research_fields/applied/fulltext/PMC13533122.xml,https://www.ebi.ac.uk/europepmc/webservices/rest/PMC13533122/fullTextXML
existing600,climate_pollution,"The Individual and Interactive Effects of Climate, Land Use and Nutrient Enrichment on Macroinvertebrate Dynamics in South African Rivers.",10.1002/ece3.74252,PMC13530861,ARCHIVED_CC_BY_OR_CC0,research_fields/applied/fulltext/PMC13530861.xml,https://www.ebi.ac.uk/europepmc/webservices/rest/PMC13530861/fullTextXML
existing600,climate_pollution,Impact of Anthropogenic Activities and Climate Change on the Wetlands in the North-West of Madagascar.,10.1002/pei3.70206,PMC13525376,ARCHIVED_CC_BY_OR_CC0,research_fields/applied/fulltext/PMC13525376.xml,https://www.ebi.ac.uk/europepmc/webservices/rest/PMC13525376/fullTextXML
existing600,climate_pollution,Air Pollution Impairs Marathon Performance: A Cross-Sectional Analysis of 2.7 Million Finishers Across Six World Marathon Majors.,10.1186/s40798-026-01099-6,PMC13525978,ARCHIVED_CC_BY_OR_CC0,research_fields/applied/fulltext/PMC13525978.xml,https://www.ebi.ac.uk/europepmc/webservices/rest/PMC13525978/fullTextXML
existing600,climate_pollution,Development and two-city validation of a Temperature-Sensitive Air Quality Health Index incorporating synergistic effects of air pollution and thermal stress.,10.3389/fpubh.2026.1806127,PMC13556664,ARCHIVED_CC_BY_OR_CC0,research_fields/applied/fulltext/PMC13556664.xml,https://www.ebi.ac.uk/europepmc/webservices/rest/PMC13556664/fullTextXML
existing600,climate_pollution,"Urban environment, health, and equity: A population-based study of symptoms and annoyances related to air pollution, traffic noise, and greenness.",10.1097/ee9.0000000000000516,PMC13521496,ARCHIVED_CC_BY_OR_CC0,research_fields/applied/fulltext/PMC13521496.xml,https://www.ebi.ac.uk/europepmc/webservices/rest/PMC13521496/fullTextXML
existing600,climate_pollution,"Near-term, geospatial opportunity for biomass carbon storage to address the wildfire and climate crises.",10.1126/sciadv.aee6185,PMC13510600,ARCHIVED_CC_BY_OR_CC0,research_fields/applied/fulltext/PMC13510600.xml,https://www.ebi.ac.uk/europepmc/webservices/rest/PMC13510600/fullTextXML
existing600,climate_pollution,Low temperature modulates spike development and yield &lt;i&gt;via&lt;/i&gt; ABA pathway at post-reproductive transition stage in wheat.,10.1016/j.abiote.2026.100086,PMC13582002,ARCHIVED_CC_BY_OR_CC0,research_fields/applied/fulltext/PMC13582002.xml,https://www.ebi.ac.uk/europepmc/webservices/rest/PMC13582002/fullTextXML
existing600,climate_pollution,Landscape Genomics Reveals Divergent Adaptation Modes and Predicts Climate Vulnerability in Xinjiang Indigenous Sheep.,10.3390/ani16172673,PMC13564338,ARCHIVED_CC_BY_OR_CC0,research_fields/applied/fulltext/PMC13564338.xml,https://www.ebi.ac.uk/europepmc/webservices/rest/PMC13564338/fullTextXML
existing600,climate_pollution,Impacts of Climate Change on Alpha and Beta Diversity Patterns of Cerrado anurans.,10.1002/ece3.73983,PMC13504677,ARCHIVED_CC_BY_OR_CC0,research_fields/applied/fulltext/PMC13504677.xml,https://www.ebi.ac.uk/europepmc/webservices/rest/PMC13504677/fullTextXML
existing600,climate_pollution,Muslim religious leaders' views of climate change: An international survey.,10.1371/journal.pone.0353201,PMC13505925,ARCHIVED_CC_BY_OR_CC0,research_fields/applied/fulltext/PMC13505925.xml,https://www.ebi.ac.uk/europepmc/webservices/rest/PMC13505925/fullTextXML
existing600,climate_pollution,Defining climate change acceptance in undergraduate science student populations: A Delphi study.,10.1371/journal.pone.0356374,PMC13505952,ARCHIVED_CC_BY_OR_CC0,research_fields/applied/fulltext/PMC13505952.xml,https://www.ebi.ac.uk/europepmc/webservices/rest/PMC13505952/fullTextXML
existing600,climate_pollution,How temperature reshapes interactions in mixed cultures of mycotoxigenic fungi.,10.3389/fmicb.2026.1903639,PMC13547475,ARCHIVED_CC_BY_OR_CC0,research_fields/applied/fulltext/PMC13547475.xml,https://www.ebi.ac.uk/europepmc/webservices/rest/PMC13547475/fullTextXML
existing600,climate_pollution,Pelagic food web realignment supports resilient larvae of Southern Bluefin Tuna in a warming ocean.,10.1073/pnas.2601583123,PMC13535185,ARCHIVED_CC_BY_OR_CC0,research_fields/applied/fulltext/PMC13535185.xml,https://www.ebi.ac.uk/europepmc/webservices/rest/PMC13535185/fullTextXML
existing600,climate_pollution,Models Estimating the Effects of Changes in the Concentration of Specific Climatic Pollutants and Temperature on the Prevalence of Acute Ophthalmic Inflammatory Conditions: A Retrospective Cross-Sectional Observational Study.,10.1155/joph/7498511,PMC13500999,ARCHIVED_CC_BY_OR_CC0,research_fields/applied/fulltext/PMC13500999.xml,https://www.ebi.ac.uk/europepmc/webservices/rest/PMC13500999/fullTextXML
existing600,agriculture_crops,Proposed Economic Threshold for Diceraeus melacanthus (Dallas) in Maize Under an Early Intercrop Cultivation System.,10.1007/s13744-026-01439-x,PMC13582027,ARCHIVED_CC_BY_OR_CC0,research_fields/applied/fulltext/PMC13582027.xml,https://www.ebi.ac.uk/europepmc/webservices/rest/PMC13582027/fullTextXML
existing600,agriculture_crops,WSD-YOLO: A lightweight YOLO-based model with enhanced feature representation for maize pest detection.,10.1371/journal.pone.0357034,PMC13577518,ARCHIVED_CC_BY_OR_CC0,research_fields/applied/fulltext/PMC13577518.xml,https://www.ebi.ac.uk/europepmc/webservices/rest/PMC13577518/fullTextXML
existing600,agriculture_crops,"Effectiveness of solid and liquid biogas-derived organic fertilizers on growth, yield, and nutrient status of arugula in calcareous soils.",10.7717/peerj.21707,PMC13584937,ARCHIVED_CC_BY_OR_CC0,research_fields/applied/fulltext/PMC13584937.xml,https://www.ebi.ac.uk/europepmc/webservices/rest/PMC13584937/fullTextXML
existing600,agriculture_crops,Unlocking wheat yield potential through evaluation of high-performing hybrid lines in semiarid conditions of northern Pakistan.,10.1371/journal.pone.0356875,PMC13567805,ARCHIVED_CC_BY_OR_CC0,research_fields/applied/fulltext/PMC13567805.xml,https://www.ebi.ac.uk/europepmc/webservices/rest/PMC13567805/fullTextXML
existing600,agriculture_crops,Development of Stegasta bosqueella (Chambers) (Lepidoptera: Gelechiidae) in Peanut Cultivars.,10.1007/s13744-026-01435-1,PMC13569594,ARCHIVED_CC_BY_OR_CC0,research_fields/applied/fulltext/PMC13569594.xml,https://www.ebi.ac.uk/europepmc/webservices/rest/PMC13569594/fullTextXML
existing600,agriculture_crops,"A Comparative Study on β-ODAP Level, Polyphenolic Content and Antioxidant Activity Across Three &lt;i&gt;Lathyrus sativus&lt;/i&gt; L. Cultivars.",10.1002/fsn3.72355,PMC13555400,ARCHIVED_CC_BY_OR_CC0,research_fields/applied/fulltext/PMC13555400.xml,https://www.ebi.ac.uk/europepmc/webservices/rest/PMC13555400/fullTextXML
existing600,agriculture_crops,Research neglect of root system architecture in root and tuber crops important for Sub-Saharan African Food Security.,10.1371/journal.pone.0357467,PMC13557360,ARCHIVED_CC_BY_OR_CC0,research_fields/applied/fulltext/PMC13557360.xml,https://www.ebi.ac.uk/europepmc/webservices/rest/PMC13557360/fullTextXML
existing600,agriculture_crops,Self-DNA acts as an immunostimulant for common bean (Phaseolus vulgaris) that induces defense against pests and diseases and increases seed yield.,10.1007/s44297-026-00086-3,PMC13554015,ARCHIVED_CC_BY_OR_CC0,research_fields/applied/fulltext/PMC13554015.xml,https://www.ebi.ac.uk/europepmc/webservices/rest/PMC13554015/fullTextXML
existing600,agriculture_crops,Evaluation and Selection of Rice Cultivars for Dual-Purpose Grain and Forage Production System.,10.3390/plants15172725,PMC13567482,ARCHIVED_CC_BY_OR_CC0,research_fields/applied/fulltext/PMC13567482.xml,https://www.ebi.ac.uk/europepmc/webservices/rest/PMC13567482/fullTextXML
existing600,agriculture_crops,Unlocking the potential of spring wheat genetic resources: uncovering resistance sources against leaf rust and yellow rust.,10.1007/s00122-026-05365-9,PMC13547188,ARCHIVED_CC_BY_OR_CC0,research_fields/applied/fulltext/PMC13547188.xml,https://www.ebi.ac.uk/europepmc/webservices/rest/PMC13547188/fullTextXML
existing600,agriculture_crops,Genetically modified (GM) crop use 1996-2024: farm income and production impacts.,10.1080/21645698.2026.2726010,PMC13556975,ARCHIVED_CC_BY_OR_CC0,research_fields/applied/fulltext/PMC13556975.xml,https://www.ebi.ac.uk/europepmc/webservices/rest/PMC13556975/fullTextXML
existing600,agriculture_crops,TOTEM: A low-cost solar-powered aeroponic system for vertical agriculture.,10.1016/j.ohx.2026.e00838,PMC13587726,ARCHIVED_CC_BY_OR_CC0,research_fields/applied/fulltext/PMC13587726.xml,https://www.ebi.ac.uk/europepmc/webservices/rest/PMC13587726/fullTextXML
existing600,agriculture_crops,Modeling of the Accumulated Nitrogen Loss by Volatilization in Topdressing Fertilization in Corn Plants.,10.1002/pei3.70209,PMC13545641,ARCHIVED_CC_BY_OR_CC0,research_fields/applied/fulltext/PMC13545641.xml,https://www.ebi.ac.uk/europepmc/webservices/rest/PMC13545641/fullTextXML
existing600,agriculture_crops,"Drip fertigation technique with planting models strategies trigger grain filling, endogenous hormonal changes and maize productivity under semi-arid regions.",10.3389/fpls.2026.1919758,PMC13585617,ARCHIVED_CC_BY_OR_CC0,research_fields/applied/fulltext/PMC13585617.xml,https://www.ebi.ac.uk/europepmc/webservices/rest/PMC13585617/fullTextXML
existing600,agriculture_crops,DMP-UNet: a multimodal fusion network for high-precision nitrogen status monitoring in wheat from UAV multispectral images.,10.3389/fpls.2026.1909856,PMC13582531,ARCHIVED_CC_BY_OR_CC0,research_fields/applied/fulltext/PMC13582531.xml,https://www.ebi.ac.uk/europepmc/webservices/rest/PMC13582531/fullTextXML
existing600,agriculture_crops,Global meta-analysis of drought associated rice rhizosphere microbiome data and soil application of selected bacteria reveals potential of &lt;i&gt;Pantoea dispersa&lt;/i&gt; for drought stress alleviation in rice plants.,10.3389/fpls.2026.1904089,PMC13581755,ARCHIVED_CC_BY_OR_CC0,research_fields/applied/fulltext/PMC13581755.xml,https://www.ebi.ac.uk/europepmc/webservices/rest/PMC13581755/fullTextXML
existing600,agriculture_crops,Greenhouse Gas Emissions and Stem Aerenchyma Development of Rice Under Different Water and Nitrogen Regimes.,10.3390/biology15171514,PMC13564582,ARCHIVED_CC_BY_OR_CC0,research_fields/applied/fulltext/PMC13564582.xml,https://www.ebi.ac.uk/europepmc/webservices/rest/PMC13564582/fullTextXML
existing600,agriculture_crops,OsDUF1223 negatively regulates seedling drought tolerance and modulates nitrate-dependent root growth in rice.,10.1371/journal.pgen.1012295,PMC13541127,ARCHIVED_CC_BY_OR_CC0,research_fields/applied/fulltext/PMC13541127.xml,https://www.ebi.ac.uk/europepmc/webservices/rest/PMC13541127/fullTextXML
existing600,agriculture_crops,Smart fertigation: Automated fertilizer application based on plant growth using digital sensors with IoT capability.,10.1371/journal.pone.0357482,PMC13541140,ARCHIVED_CC_BY_OR_CC0,research_fields/applied/fulltext/PMC13541140.xml,https://www.ebi.ac.uk/europepmc/webservices/rest/PMC13541140/fullTextXML
existing600,agriculture_crops,Genetic dissection of grain yield and correlated proxy traits under suboptimal conditions.,10.1007/s00122-026-05364-w,PMC13538158,ARCHIVED_CC_BY_OR_CC0,research_fields/applied/fulltext/PMC13538158.xml,https://www.ebi.ac.uk/europepmc/webservices/rest/PMC13538158/fullTextXML
existing600,agriculture_crops,Assessment of genomic prediction and genetic gain in multi‑population half-sib families in the perennial grass crop intermediate wheatgrass.,10.1371/journal.pone.0357452,PMC13537581,ARCHIVED_CC_BY_OR_CC0,research_fields/applied/fulltext/PMC13537581.xml,https://www.ebi.ac.uk/europepmc/webservices/rest/PMC13537581/fullTextXML
existing600,agriculture_crops,Interseeding cover crops into established corn fields affects invertebrate abundance and diversity and elevates the activity of generalist predators.,10.1093/jisesa/ieag096,PMC13581462,ARCHIVED_CC_BY_OR_CC0,research_fields/applied/fulltext/PMC13581462.xml,https://www.ebi.ac.uk/europepmc/webservices/rest/PMC13581462/fullTextXML
existing600,agriculture_crops,Finlay-Wilkinson random regression for yield and yield stability prediction in cereals.,10.1002/tpg2.70269,PMC13555820,ARCHIVED_CC_BY_OR_CC0,research_fields/applied/fulltext/PMC13555820.xml,https://www.ebi.ac.uk/europepmc/webservices/rest/PMC13555820/fullTextXML
existing600,agriculture_crops,Sensitivity of machine learning regression models to data structure and quality in crop yield prediction.,10.1371/journal.pone.0353938,PMC13533432,ARCHIVED_CC_BY_OR_CC0,research_fields/applied/fulltext/PMC13533432.xml,https://www.ebi.ac.uk/europepmc/webservices/rest/PMC13533432/fullTextXML
existing600,agriculture_crops,Can Organic Amendments Override Environmental Filtering of Soil Microbiomes? Evidence From 20 Years Old Agricultural Field Trials in Contrasting Tropical Sites.,10.1111/gcb.71061,PMC13525719,ARCHIVED_CC_BY_OR_CC0,research_fields/applied/fulltext/PMC13525719.xml,https://www.ebi.ac.uk/europepmc/webservices/rest/PMC13525719/fullTextXML
existing600,agriculture_crops,Dissecting genetic variance structure and evaluating genomic prediction models for single-cross hybrids derived from Stiff Stalk and Non-Stiff Stalk maize heterotic groups.,10.1093/g3journal/jkag163,PMC13535482,ARCHIVED_CC_BY_OR_CC0,research_fields/applied/fulltext/PMC13535482.xml,https://www.ebi.ac.uk/europepmc/webservices/rest/PMC13535482/fullTextXML
existing600,agriculture_crops,Roots of wheat and rice maintain gravitropic setpoint angles.,10.1093/jxb/erag286,PMC13577761,ARCHIVED_CC_BY_OR_CC0,research_fields/applied/fulltext/PMC13577761.xml,https://www.ebi.ac.uk/europepmc/webservices/rest/PMC13577761/fullTextXML
existing600,agriculture_crops,Matching circadian rhythms to light-dark cycles increases lettuce yield by 29% in vertical farms without additional energy input.,10.1093/jxb/erag222,PMC13529320,ARCHIVED_CC_BY_OR_CC0,research_fields/applied/fulltext/PMC13529320.xml,https://www.ebi.ac.uk/europepmc/webservices/rest/PMC13529320/fullTextXML
existing600,agriculture_crops,Improving wheat tolerance to post-flowering heat using matched development stages and field-based reaction norms.,10.1093/jxb/erag188,PMC13577760,ARCHIVED_CC_BY_OR_CC0,research_fields/applied/fulltext/PMC13577760.xml,https://www.ebi.ac.uk/europepmc/webservices/rest/PMC13577760/fullTextXML
existing600,agriculture_crops,Optimization of water and fertilizer regime for greenhouse radish using BBD response surface method coupled with NSGA-II algorithm.,10.3389/fpls.2025.1651490,PMC13572593,ARCHIVED_CC_BY_OR_CC0,research_fields/applied/fulltext/PMC13572593.xml,https://www.ebi.ac.uk/europepmc/webservices/rest/PMC13572593/fullTextXML
existing600,energy_engineering,Unveiling the physical properties of AlMgX&lt;sub&gt;3&lt;/sub&gt; (X = Cl and I) for emerging energy applications.,10.1039/d6ra03627a,PMC13575865,ARCHIVED_CC_BY_OR_CC0,research_fields/applied/fulltext/PMC13575865.xml,https://www.ebi.ac.uk/europepmc/webservices/rest/PMC13575865/fullTextXML
existing600,energy_engineering,Design and performance evaluation of a solar powered remote controlled robot for precision seed planting.,10.1038/s41598-026-68946-0,PMC13578760,ARCHIVED_CC_BY_OR_CC0,research_fields/applied/fulltext/PMC13578760.xml,https://www.ebi.ac.uk/europepmc/webservices/rest/PMC13578760/fullTextXML
existing600,energy_engineering,Revalidating KCrPDTA for aqueous redox flow batteries.,10.1039/d6eb00156d,PMC13583517,ARCHIVED_CC_BY_OR_CC0,research_fields/applied/fulltext/PMC13583517.xml,https://www.ebi.ac.uk/europepmc/webservices/rest/PMC13583517/fullTextXML
existing600,energy_engineering,Organic substrate oxidation-driven water electrolysis enabled by Ru-loaded Mn&lt;sub&gt;2&lt;/sub&gt;O&lt;sub&gt;3&lt;/sub&gt; nanoparticles for energy-efficient hydrogen generation.,10.1039/d6na00300a,PMC13573632,ARCHIVED_CC_BY_OR_CC0,research_fields/applied/fulltext/PMC13573632.xml,https://www.ebi.ac.uk/europepmc/webservices/rest/PMC13573632/fullTextXML
existing600,energy_engineering,Polyhydroxy Molecular Regulator Enabled Interfacial Microenvironment Programming for Alkaline Zinc-Iron Flow Batteries.,10.1007/s40820-026-02333-2,PMC13572358,ARCHIVED_CC_BY_OR_CC0,research_fields/applied/fulltext/PMC13572358.xml,https://www.ebi.ac.uk/europepmc/webservices/rest/PMC13572358/fullTextXML
existing600,energy_engineering,Minimizing total costs for distribution power grids considering harmonics and uncertainty of wind speed and solar radiation.,10.1371/journal.pone.0355399,PMC13568534,ARCHIVED_CC_BY_OR_CC0,research_fields/applied/fulltext/PMC13568534.xml,https://www.ebi.ac.uk/europepmc/webservices/rest/PMC13568534/fullTextXML
existing600,energy_engineering,Integrated design for rural microgrids in Egypt incorporating hydrogen energy and vehicle-to-grid technology.,10.1038/s41598-026-67972-2,PMC13558757,ARCHIVED_CC_BY_OR_CC0,research_fields/applied/fulltext/PMC13558757.xml,https://www.ebi.ac.uk/europepmc/webservices/rest/PMC13558757/fullTextXML
existing600,energy_engineering,Chelation-Driven Dual-Interface Regulation for Long-Life Aqueous Zn-I&lt;sub&gt;2&lt;/sub&gt; Batteries.,10.1002/advs.77565,PMC13554500,ARCHIVED_CC_BY_OR_CC0,research_fields/applied/fulltext/PMC13554500.xml,https://www.ebi.ac.uk/europepmc/webservices/rest/PMC13554500/fullTextXML
existing600,energy_engineering,A model predictive control-based energy management strategy for grid-connected nanogrids.,10.1038/s41598-026-68560-0,PMC13547409,ARCHIVED_CC_BY_OR_CC0,research_fields/applied/fulltext/PMC13547409.xml,https://www.ebi.ac.uk/europepmc/webservices/rest/PMC13547409/fullTextXML
existing600,energy_engineering,Effects of Perovskia abrotanoides Kar. Essential Oil on Greenhouse Gas Mitigation and Energy Efficiency Improvement in Sheep Rumen: An In Vitro Study.,10.1002/vms3.71194,PMC13500042,ARCHIVED_CC_BY_OR_CC0,research_fields/applied/fulltext/PMC13500042.xml,https://www.ebi.ac.uk/europepmc/webservices/rest/PMC13500042/fullTextXML
existing600,energy_engineering,Deep Reinforcement Learning-Based Energy-Efficient Resource Allocation and Scheduling in 6G-Enabled UAV-Assisted IoT Wireless Networks.,10.3390/s26175483,PMC13568327,ARCHIVED_CC_BY_OR_CC0,research_fields/applied/fulltext/PMC13568327.xml,https://www.ebi.ac.uk/europepmc/webservices/rest/PMC13568327/fullTextXML
existing600,energy_engineering,Machine learning-based solar radiation prediction across heterogeneous climatic zones using NASA POWER data: a case study in Nigeria.,10.3389/frai.2026.1846084,PMC13553745,ARCHIVED_CC_BY_OR_CC0,research_fields/applied/fulltext/PMC13553745.xml,https://www.ebi.ac.uk/europepmc/webservices/rest/PMC13553745/fullTextXML
existing600,energy_engineering,Directional Spike Feature Learning with Progressive Reweighting for Energy-Efficient Cross-View Geo-Localization.,10.3390/s26175372,PMC13568223,ARCHIVED_CC_BY_OR_CC0,research_fields/applied/fulltext/PMC13568223.xml,https://www.ebi.ac.uk/europepmc/webservices/rest/PMC13568223/fullTextXML
existing600,energy_engineering,A model predictive control framework with fatigue life assessment for flywheel energy storage systems supported by active magnetic bearings.,10.1038/s41598-026-66926-y,PMC13507186,ARCHIVED_CC_BY_OR_CC0,research_fields/applied/fulltext/PMC13507186.xml,https://www.ebi.ac.uk/europepmc/webservices/rest/PMC13507186/fullTextXML
existing600,energy_engineering,Energy performance optimization of BIPV windows in dust-prone semi-arid climates.,10.1038/s41598-026-53426-2,PMC13500811,ARCHIVED_CC_BY_OR_CC0,research_fields/applied/fulltext/PMC13500811.xml,https://www.ebi.ac.uk/europepmc/webservices/rest/PMC13500811/fullTextXML
existing600,energy_engineering,Second-Life Lithium-Ion Batteries for Circular Energy Systems: A Techno-Economic and Environmental Pathway to Affordable Grid-Connected Renewable Storage.,10.1002/gch2.70150,PMC13495060,ARCHIVED_CC_BY_OR_CC0,research_fields/applied/fulltext/PMC13495060.xml,https://www.ebi.ac.uk/europepmc/webservices/rest/PMC13495060/fullTextXML
existing600,energy_engineering,Anchor Engineering of Hole-Selective Enamine-Based Self-Assembling Monolayers for Perovskite Solar Cells.,10.1002/advs.76950,PMC13495742,ARCHIVED_CC_BY_OR_CC0,research_fields/applied/fulltext/PMC13495742.xml,https://www.ebi.ac.uk/europepmc/webservices/rest/PMC13495742/fullTextXML
existing600,energy_engineering,Fabrication of a BC/1T-2H MoS&lt;sub&gt;2&lt;/sub&gt;@TP/PPy Membrane for Photo-Fenton Reactions and Solar-Driven Water Evaporation.,10.3390/molecules31162878,PMC13515191,ARCHIVED_CC_BY_OR_CC0,research_fields/applied/fulltext/PMC13515191.xml,https://www.ebi.ac.uk/europepmc/webservices/rest/PMC13515191/fullTextXML
existing600,energy_engineering,Trace-level ruthenium incorporated with transition metal components enabled the development of high-efficiency Li-CO&lt;sub&gt;2&lt;/sub&gt; batteries.,10.1039/d6sc05155c,PMC13491321,ARCHIVED_CC_BY_OR_CC0,research_fields/applied/fulltext/PMC13491321.xml,https://www.ebi.ac.uk/europepmc/webservices/rest/PMC13491321/fullTextXML
existing600,energy_engineering,Dimension-wise adaptive snake optimizer with Sobol initialization and Lévy spiral search for solar photovoltaic cell model optimization.,10.1038/s41598-026-64941-7,PMC13462125,ARCHIVED_CC_BY_OR_CC0,research_fields/applied/fulltext/PMC13462125.xml,https://www.ebi.ac.uk/europepmc/webservices/rest/PMC13462125/fullTextXML
existing600,energy_engineering,Electrochemically Driven Microbial Anode-Membrane Capacitor Deionization System: Energy Consumption Analysis for Enhancing NaCl Removal and Desalination at Different Gradients.,10.3390/membranes16080263,PMC13515130,ARCHIVED_CC_BY_OR_CC0,research_fields/applied/fulltext/PMC13515130.xml,https://www.ebi.ac.uk/europepmc/webservices/rest/PMC13515130/fullTextXML
existing600,energy_engineering,Advancing Energy Efficiency in Smart Windows via Dual-Responsive Electro-Thermochromism.,10.1002/advs.77055,PMC13449530,ARCHIVED_CC_BY_OR_CC0,research_fields/applied/fulltext/PMC13449530.xml,https://www.ebi.ac.uk/europepmc/webservices/rest/PMC13449530/fullTextXML
existing600,energy_engineering,Unleashing the combined potential of bio-based carbon dioxide removal in Germany's path to net zero from the bioenergy system perspective.,10.1016/j.isci.2026.116852,PMC13474250,ARCHIVED_CC_BY_OR_CC0,research_fields/applied/fulltext/PMC13474250.xml,https://www.ebi.ac.uk/europepmc/webservices/rest/PMC13474250/fullTextXML
existing600,energy_engineering,Adaptive MARL-Assisted Hybrid Bat-Artificial Bee Colony Optimization for Energy-Efficient Clustering and Routing in IoT-Enabled Wireless Sensor Networks.,10.3390/s26154996,PMC13469875,ARCHIVED_CC_BY_OR_CC0,research_fields/applied/fulltext/PMC13469875.xml,https://www.ebi.ac.uk/europepmc/webservices/rest/PMC13469875/fullTextXML
existing600,energy_engineering,Optimization of Difluorophenazine-Based Polymers via Substituent Modifications for Solar Energy Applications.,10.3390/ma19153349,PMC13468687,ARCHIVED_CC_BY_OR_CC0,research_fields/applied/fulltext/PMC13468687.xml,https://www.ebi.ac.uk/europepmc/webservices/rest/PMC13468687/fullTextXML
existing600,energy_engineering,EdgeLane-SEG: an energy-efficient embedded edge AI framework for real-time road marking and lane lines detection with instance segmentation in ADAS and autonomous driving.,10.3389/frai.2026.1872217,PMC13486175,ARCHIVED_CC_BY_OR_CC0,research_fields/applied/fulltext/PMC13486175.xml,https://www.ebi.ac.uk/europepmc/webservices/rest/PMC13486175/fullTextXML
existing600,energy_engineering,Charge-engineered cellulose membranes from wood waste for ionic thermoelectric energy conversion.,10.1039/d6ra03519a,PMC13440344,ARCHIVED_CC_BY_OR_CC0,research_fields/applied/fulltext/PMC13440344.xml,https://www.ebi.ac.uk/europepmc/webservices/rest/PMC13440344/fullTextXML
existing600,energy_engineering,A lightweight passive ankle exoskeleton with dual-phase energy harvesting and stiffness adaptation.,10.1017/wtc.2026.10046,PMC13444395,ARCHIVED_CC_BY_OR_CC0,research_fields/applied/fulltext/PMC13444395.xml,https://www.ebi.ac.uk/europepmc/webservices/rest/PMC13444395/fullTextXML
existing600,energy_engineering,A Novel Bio-Inspired Multi-Objective Enhanced Honey Formation Optimization Algorithm for Power Systems with Stochastic Renewable Resources.,10.3390/biomimetics11080539,PMC13509660,ARCHIVED_CC_BY_OR_CC0,research_fields/applied/fulltext/PMC13509660.xml,https://www.ebi.ac.uk/europepmc/webservices/rest/PMC13509660/fullTextXML
existing600,energy_engineering,"Environmental Impacts of Perovskite Solar Cell Materials: Transparency and Reproducibility Gaps, and Reporting Recommendations.",10.1002/gch2.70125,PMC13425629,ARCHIVED_CC_BY_OR_CC0,research_fields/applied/fulltext/PMC13425629.xml,https://www.ebi.ac.uk/europepmc/webservices/rest/PMC13425629/fullTextXML
existing600,exercise_sport,Development and content validity of Diet Quality Index for Athletes (DQI-Athletes).,10.1186/s40795-026-01282-8,PMC13591869,ARCHIVED_CC_BY_OR_CC0,research_fields/applied/fulltext/PMC13591869.xml,https://www.ebi.ac.uk/europepmc/webservices/rest/PMC13591869/fullTextXML
existing600,exercise_sport,Effects of basic and dual-task training programs on physical function in Parkinson's disease: The PARKEX study.,10.1371/journal.pone.0358534,PMC13588342,ARCHIVED_CC_BY_OR_CC0,research_fields/applied/fulltext/PMC13588342.xml,https://www.ebi.ac.uk/europepmc/webservices/rest/PMC13588342/fullTextXML
existing600,exercise_sport,Career awareness as a mediator between communication skills and entrepreneurial tendencies in prospective sport managers.,10.1371/journal.pone.0358456,PMC13577536,ARCHIVED_CC_BY_OR_CC0,research_fields/applied/fulltext/PMC13577536.xml,https://www.ebi.ac.uk/europepmc/webservices/rest/PMC13577536/fullTextXML
existing600,exercise_sport,Improving sport horse selection using machine learning: Early prediction of elite-level show jumping performance.,10.1371/journal.pone.0357799,PMC13577353,ARCHIVED_CC_BY_OR_CC0,research_fields/applied/fulltext/PMC13577353.xml,https://www.ebi.ac.uk/europepmc/webservices/rest/PMC13577353/fullTextXML
existing600,exercise_sport,Dynamic Adoption of Immersive Tai Chi Training Among Older Adults: Exploratory Qualitative-Dominant Longitudinal Mixed Methods Follow-Up Study of Virtual and Mixed Reality Delivery.,10.2196/96262,PMC13576671,ARCHIVED_CC_BY_OR_CC0,research_fields/applied/fulltext/PMC13576671.xml,https://www.ebi.ac.uk/europepmc/webservices/rest/PMC13576671/fullTextXML
existing600,exercise_sport,"Patterns of Work-Related Musculoskeletal Disorders Among Dentists in Herat, Afghanistan: The Role of Ergonomics and Exercise.",10.1155/ijod/8602001,PMC13575485,ARCHIVED_CC_BY_OR_CC0,research_fields/applied/fulltext/PMC13575485.xml,https://www.ebi.ac.uk/europepmc/webservices/rest/PMC13575485/fullTextXML
existing600,exercise_sport,Resistance versus concurrent training with three assigned protein targets in middle-aged and older women: a randomized 2 × 3 factorial trial.,10.1080/15502783.2026.2720742,PMC13577256,ARCHIVED_CC_BY_OR_CC0,research_fields/applied/fulltext/PMC13577256.xml,https://www.ebi.ac.uk/europepmc/webservices/rest/PMC13577256/fullTextXML
existing600,exercise_sport,Thermophysiological and perceptual responses to exercise heat stress in people with cystic fibrosis on Elexacaftor/Tezacaftor/Ivacaftor.,10.1113/ep093605,PMC13570782,ARCHIVED_CC_BY_OR_CC0,research_fields/applied/fulltext/PMC13570782.xml,https://www.ebi.ac.uk/europepmc/webservices/rest/PMC13570782/fullTextXML
existing600,exercise_sport,Feasibility and Acceptability of Useful Field of View Cognitive Training in Adolescent Athletes: Pilot Pre-Post Study.,10.2196/93778,PMC13566078,ARCHIVED_CC_BY_OR_CC0,research_fields/applied/fulltext/PMC13566078.xml,https://www.ebi.ac.uk/europepmc/webservices/rest/PMC13566078/fullTextXML
existing600,exercise_sport,The Association Between Hormonal Contraceptives and Lower Extremity Injuries in Female Athletes With Sports-Related Clinical Encounters.,10.1177/19417381261479648,PMC13570948,ARCHIVED_CC_BY_OR_CC0,research_fields/applied/fulltext/PMC13570948.xml,https://www.ebi.ac.uk/europepmc/webservices/rest/PMC13570948/fullTextXML
existing600,exercise_sport,"Trait mindfulness, psychological skills, and mental toughness in paddleboard athletes: A correlational study.",10.1371/journal.pone.0354427,PMC13561335,ARCHIVED_CC_BY_OR_CC0,research_fields/applied/fulltext/PMC13561335.xml,https://www.ebi.ac.uk/europepmc/webservices/rest/PMC13561335/fullTextXML
existing600,exercise_sport,Creatine formulations and repeated sprint training: effects on physical and physiological adaptations in soccer players during the short-term preparation phase.,10.1080/15502783.2026.2721147,PMC13564169,ARCHIVED_CC_BY_OR_CC0,research_fields/applied/fulltext/PMC13564169.xml,https://www.ebi.ac.uk/europepmc/webservices/rest/PMC13564169/fullTextXML
existing600,exercise_sport,Effects of multiple object tracking training on visual attention and sports decision-making in novice female basketball players: evidence from EyeLink-EEG synchronization.,10.7717/peerj.21711,PMC13570609,ARCHIVED_CC_BY_OR_CC0,research_fields/applied/fulltext/PMC13570609.xml,https://www.ebi.ac.uk/europepmc/webservices/rest/PMC13570609/fullTextXML
existing600,exercise_sport,Reliability and physiological responsiveness of skin temperature and thermal contrast index during incremental exercise: a test-retest analysis.,10.1038/s41598-026-68741-x,PMC13558755,ARCHIVED_CC_BY_OR_CC0,research_fields/applied/fulltext/PMC13558755.xml,https://www.ebi.ac.uk/europepmc/webservices/rest/PMC13558755/fullTextXML
existing600,exercise_sport,"Understanding online exercise provision: a qualitative study of the perspectives of service users, instructors, and strategic leaders.",10.1080/17482631.2026.2727778,PMC13560406,ARCHIVED_CC_BY_OR_CC0,research_fields/applied/fulltext/PMC13560406.xml,https://www.ebi.ac.uk/europepmc/webservices/rest/PMC13560406/fullTextXML
existing600,exercise_sport,Development and internal validation of a field-based triage tool for lumbopelvic-hip dysfunction in collegiate athletes.,10.1371/journal.pone.0348820,PMC13557378,ARCHIVED_CC_BY_OR_CC0,research_fields/applied/fulltext/PMC13557378.xml,https://www.ebi.ac.uk/europepmc/webservices/rest/PMC13557378/fullTextXML
existing600,exercise_sport,Diversity Among Academic Orthopaedic Surgery Sports Medicine Faculty Across US Residency Programs.,10.5435/jaaosglobal-d-26-00085,PMC13557759,ARCHIVED_CC_BY_OR_CC0,research_fields/applied/fulltext/PMC13557759.xml,https://www.ebi.ac.uk/europepmc/webservices/rest/PMC13557759/fullTextXML
existing600,exercise_sport,Daily academic and sport-related strain and mental-health-related states among university students in sport-related majors: a 14-day ecological momentary assessment network study.,10.3389/fpsyg.2026.1889946,PMC13590340,ARCHIVED_CC_BY_OR_CC0,research_fields/applied/fulltext/PMC13590340.xml,https://www.ebi.ac.uk/europepmc/webservices/rest/PMC13590340/fullTextXML
existing600,exercise_sport,Association Between Cardiorespiratory Fitness and a Composite Index of Cardiac Autonomic Control: Potential Implications for Exercise Training Evaluation.,10.3390/jcm15176929,PMC13566679,ARCHIVED_CC_BY_OR_CC0,research_fields/applied/fulltext/PMC13566679.xml,https://www.ebi.ac.uk/europepmc/webservices/rest/PMC13566679/fullTextXML
existing600,exercise_sport,"Validity, Responsiveness, Long-Term Stability, and Minimal Detectable Change in the Six-Minute Walk Test in Individuals with Schizophrenia Receiving Exercise Interventions.",10.3390/healthcare14172885,PMC13565994,ARCHIVED_CC_BY_OR_CC0,research_fields/applied/fulltext/PMC13565994.xml,https://www.ebi.ac.uk/europepmc/webservices/rest/PMC13565994/fullTextXML
existing600,exercise_sport,"Exercise Dependence and Its Health Correlates: A Cross-Sectional Survey-Based Study of Impulsivity, Depression Symptom Severity, and Exercise Duration.",10.1002/hsr2.73162,PMC13548418,ARCHIVED_CC_BY_OR_CC0,research_fields/applied/fulltext/PMC13548418.xml,https://www.ebi.ac.uk/europepmc/webservices/rest/PMC13548418/fullTextXML
existing600,exercise_sport,"Moving beyond treatment: pulmonary function, autonomous motivation, and physical activity enjoyment in adults with cystic fibrosis.",10.1186/s12890-026-04661-w,PMC13548599,ARCHIVED_CC_BY_OR_CC0,research_fields/applied/fulltext/PMC13548599.xml,https://www.ebi.ac.uk/europepmc/webservices/rest/PMC13548599/fullTextXML
existing600,exercise_sport,Association of Cardiovascular Risk Burden with Cardiorespiratory Fitness and Functional Performance in Patients with Post-Stroke Spasticity: A Retrospective Observational Study.,10.3390/jcm15176897,PMC13566207,ARCHIVED_CC_BY_OR_CC0,research_fields/applied/fulltext/PMC13566207.xml,https://www.ebi.ac.uk/europepmc/webservices/rest/PMC13566207/fullTextXML
existing600,exercise_sport,Benefits of Four-Tiered Classification of Exercise-Induced Left Ventricular Hypertrophy in Adolescent Athletes.,10.3390/jcm15176879,PMC13566173,ARCHIVED_CC_BY_OR_CC0,research_fields/applied/fulltext/PMC13566173.xml,https://www.ebi.ac.uk/europepmc/webservices/rest/PMC13566173/fullTextXML
existing600,exercise_sport,Perceived E-Health Literacy and Cyberchondria Among Undergraduate Sports Science Students: A Cross-Sectional Study.,10.3390/healthcare14172862,PMC13565353,ARCHIVED_CC_BY_OR_CC0,research_fields/applied/fulltext/PMC13565353.xml,https://www.ebi.ac.uk/europepmc/webservices/rest/PMC13565353/fullTextXML
existing600,exercise_sport,Individual SMR neurofeedback responsiveness during a single session and its associations with autonomic regulation and shooting performance in elite rifle athletes.,10.3389/fnhum.2026.1922593,PMC13585742,ARCHIVED_CC_BY_OR_CC0,research_fields/applied/fulltext/PMC13585742.xml,https://www.ebi.ac.uk/europepmc/webservices/rest/PMC13585742/fullTextXML
existing600,exercise_sport,Controlled breathing is associated with lower blood lactate than normobaric hypoxia despite comparable peripheral oxygen saturation during moderate-intensity exercise: an exploratory crossover study.,10.3389/fphys.2026.1916547,PMC13585621,ARCHIVED_CC_BY_OR_CC0,research_fields/applied/fulltext/PMC13585621.xml,https://www.ebi.ac.uk/europepmc/webservices/rest/PMC13585621/fullTextXML
existing600,psychology_behavior,Cognitive-Affective Predictors of Exertion-Related Fatigue in Primary Biliary Cholangitis: An Experimental Substudy of the SOMA.LIV Project.,10.2147/prbm.s619844,PMC13577172,ARCHIVED_CC_BY_OR_CC0,research_fields/applied/fulltext/PMC13577172.xml,https://www.ebi.ac.uk/europepmc/webservices/rest/PMC13577172/fullTextXML
existing600,exercise_sport,Effects of 21-day vitamin D supplementation on sports performance and exercise-induced inflammation: a randomized double-blind trial.,10.3389/fphys.2026.1867500,PMC13585618,ARCHIVED_CC_BY_OR_CC0,research_fields/applied/fulltext/PMC13585618.xml,https://www.ebi.ac.uk/europepmc/webservices/rest/PMC13585618/fullTextXML
existing600,exercise_sport,BDNF Haploinsufficiency Limits Voluntary Exercise-Induced Adult Hippocampal Neurogenesis.,10.3390/biology15171536,PMC13564571,ARCHIVED_CC_BY_OR_CC0,research_fields/applied/fulltext/PMC13564571.xml,https://www.ebi.ac.uk/europepmc/webservices/rest/PMC13564571/fullTextXML
existing600,exercise_sport,Resistance Exercise Training Selectively Modulates Tumor Suppressor and Muscle-Regulatory MicroRNAs in Breast Cancer Survivors and Healthy Postmenopausal Women: An Exploratory Study.,10.3390/ijms27177900,PMC13566732,ARCHIVED_CC_BY_OR_CC0,research_fields/applied/fulltext/PMC13566732.xml,https://www.ebi.ac.uk/europepmc/webservices/rest/PMC13566732/fullTextXML
faculty_pmc,claim_evidence,BioBERT: a pre-trained biomedical language representation model for biomedical text mining.,10.1093/bioinformatics/btz682,PMC7703786,ARCHIVED_CC_BY_OR_CC0,data/korean_professors/pmc/fulltext/PMC7703786.xml,https://doi.org/10.1093/bioinformatics/btz682
faculty_pmc,claim_evidence,Drug drug interaction extraction from the literature using a recursive neural network.,10.1371/journal.pone.0190926,PMC5786304,ARCHIVED_CC_BY_OR_CC0,data/korean_professors/pmc/fulltext/PMC5786304.xml,https://doi.org/10.1371/journal.pone.0190926
faculty_pmc,ai_evaluation,Can Small Open-Source Language Models With Retrieval-Augmented Generation Match GPT-4 Performance in Breast Cancer Clinical Decision Support?,10.1200/cci-25-00361,PMC13322144,LINK_ONLY_REUSE_RESTRICTED,,https://doi.org/10.1200/cci-25-00361
faculty_pmc,epidemiology,Clustering-derived clinical subtypes and outcomes of chronic kidney disease in patients with diabetes: a multicenter cohort study.,10.3389/fendo.2026.1866115,PMC13441787,ARCHIVED_CC_BY_OR_CC0,data/korean_professors/pmc/fulltext/PMC13441787.xml,https://doi.org/10.3389/fendo.2026.1866115
faculty_pmc,epidemiology,"Incidence, prevalence, and global burden of attention-deficit/hyperactivity disorder from 1990 to 2021 across 204 countries in individuals under age 20: data, with critical appraisal, from the 2021 Global Burden of Disease study.",10.1038/s41380-026-03683-4,PMC13569453,ARCHIVED_CC_BY_OR_CC0,data/korean_professors/pmc/fulltext/PMC13569453.xml,https://doi.org/10.1038/s41380-026-03683-4
faculty_pmc,epidemiology,"Global patterns of melanoma, burden attributable to ultraviolet radiation exposure, and projections to 2050 across 185 countries: A population-based study with global modeling.",10.1016/j.jdin.2026.05.026,PMC13400448,ARCHIVED_CC_BY_OR_CC0,data/korean_professors/pmc/fulltext/PMC13400448.xml,https://doi.org/10.1016/j.jdin.2026.05.026
faculty_pmc,epidemiology,Association between base excess levels and clinical outcomes among very low birth weight infants: a multicenter birth cohort study in South Korea.,10.3345/cep.2025.02817,PMC13337311,LINK_ONLY_REUSE_RESTRICTED,,https://doi.org/10.3345/cep.2025.02817
faculty_pmc,epidemiology,"Machine Learning Prediction Model for Dyslipidemia and Its Association With Atherothrombotic Events in 3 Independent Cohorts From South Korea, Japan, and the United Kingdom: Algorithm Development and Validation Study.",10.2196/81130,PMC13186430,ARCHIVED_CC_BY_OR_CC0,data/korean_professors/pmc/fulltext/PMC13186430.xml,https://doi.org/10.2196/81130
faculty_pmc,epidemiology,Incidence of Metabolic Dysfunction-Associated Steatotic Liver Disease After Developing Depression: A Population-Based Cohort Study.,10.3346/jkms.2026.41.e6,PMC13053163,LINK_ONLY_REUSE_RESTRICTED,,https://doi.org/10.3346/jkms.2026.41.e6
faculty_pmc,epidemiology,"Accurate, fair, and generalisable scaling of injury severity score-based AI with demographics in terms of mortality in patients with trauma: multi-centre, multi-national retrospective cohort study.",10.1016/j.ebiom.2026.106206,PMC13000556,LINK_ONLY_REUSE_RESTRICTED,,https://doi.org/10.1016/j.ebiom.2026.106206
faculty_pmc,epidemiology,"Cardiovascular risk across stages of cardiovascular-kidney-metabolic syndrome in South Korea, 2002-2022: A population-based cohort study.",10.1097/md.0000000000045960,PMC12727406,LINK_ONLY_REUSE_RESTRICTED,,https://doi.org/10.1097/md.0000000000045960
faculty_pmc,epidemiology,Sodium-glucose cotransporter-2 inhibitors and risk of autoimmune rheumatic diseases: population based cohort study.,10.1136/bmj-2025-085196,PMC12522398,LINK_ONLY_REUSE_RESTRICTED,,https://doi.org/10.1136/bmj-2025-085196
faculty_pmc,epidemiology,Live Zoster Vaccination and the Reduced Risk of Chronic Respiratory Diseases: An Emulated Target Trial.,10.1111/all.70056,PMC12773683,LINK_ONLY_REUSE_RESTRICTED,,https://doi.org/10.1111/all.70056
faculty_pmc,epidemiology,Correlation of Income Instability With 12 Non-Communicable Disease Risks in Korea: A Prospective Cohort Study.,10.3346/jkms.2025.40.e180,PMC12322588,LINK_ONLY_REUSE_RESTRICTED,,https://doi.org/10.3346/jkms.2025.40.e180
faculty_pmc,epidemiology,"Global, Regional, and National Burden of Pharyngeal Cancer and Projections to 2050 in 185 Countries: A Population-Based Systematic Analysis of GLOBOCAN 2022.",10.3346/jkms.2025.40.e177,PMC12322593,LINK_ONLY_REUSE_RESTRICTED,,https://doi.org/10.3346/jkms.2025.40.e177
faculty_pmc,epidemiology,"Prediction model for type 2 diabetes mellitus and its association with mortality using machine learning in three independent cohorts from South Korea, Japan, and the UK: a model development and validation study.",10.1016/j.eclinm.2025.103069,PMC11787438,LINK_ONLY_REUSE_RESTRICTED,,https://doi.org/10.1016/j.eclinm.2025.103069
faculty_pmc,epidemiology,"External validation of an artificial intelligence model using clinical variables, including ICD-10 codes, for predicting in-hospital mortality among trauma patients: a multicenter retrospective cohort study.",10.1038/s41598-025-85420-5,PMC11707174,LINK_ONLY_REUSE_RESTRICTED,,https://doi.org/10.1038/s41598-025-85420-5
faculty_pmc,epidemiology,"Cancer and the 10-Year Incidence of Chronic Low Back Pain in 407,314 Adults Followed in General Practices in Germany.",10.3390/jcm13226969,PMC11595432,ARCHIVED_CC_BY_OR_CC0,data/korean_professors/pmc/fulltext/PMC11595432.xml,https://doi.org/10.3390/jcm13226969
faculty_pmc,epidemiology,"Long-term gastrointestinal and hepatobiliary outcomes of COVID-19: A multinational population-based cohort study from South Korea, Japan, and the UK.",10.3350/cmh.2024.0203,PMC11540398,LINK_ONLY_REUSE_RESTRICTED,,https://doi.org/10.3350/cmh.2024.0203
faculty_pmc,epidemiology,The impact of hospital saturation on non-COVID-19 hospital mortality during the pandemic in France: a national population-based cohort study.,10.1186/s12889-024-19282-3,PMC11227237,ARCHIVED_CC_BY_OR_CC0,data/korean_professors/pmc/fulltext/PMC11227237.xml,https://doi.org/10.1186/s12889-024-19282-3
faculty_pmc,epidemiology,"Incident allergic diseases in post-COVID-19 condition: multinational cohort studies from South Korea, Japan and the UK.",10.1038/s41467-024-47176-w,PMC10987608,ARCHIVED_CC_BY_OR_CC0,data/korean_professors/pmc/fulltext/PMC10987608.xml,https://doi.org/10.1038/s41467-024-47176-w
faculty_pmc,epidemiology,Association between proton pump inhibitors use and risk of asthma in Korea: A prevalent new-user cohort study.,10.1097/md.0000000000036772,PMC10766271,LINK_ONLY_REUSE_RESTRICTED,,https://doi.org/10.1097/md.0000000000036772
faculty_pmc,epidemiology,"Global incidence and prevalence of autoimmune hepatitis, 1970-2022: a systematic review and meta-analysis.",10.1016/j.eclinm.2023.102280,PMC10590724,LINK_ONLY_REUSE_RESTRICTED,,https://doi.org/10.1016/j.eclinm.2023.102280
faculty_pmc,clinical_treatment,Comparative effectiveness of metformin and alogliptin combination therapy versus metformin monotherapy in patients with type 2 diabetes: an emulated target trial.,10.1186/s12902-025-02087-9,PMC12619206,LINK_ONLY_REUSE_RESTRICTED,,https://doi.org/10.1186/s12902-025-02087-9
faculty_pmc,clinical_treatment,"The antiaging effects of a product containing collagen and ascorbic acid: In vitro, ex vivo, and pre-post intervention clinical trial.",10.1371/journal.pone.0277188,PMC9744321,ARCHIVED_CC_BY_OR_CC0,data/korean_professors/pmc/fulltext/PMC9744321.xml,https://doi.org/10.1371/journal.pone.0277188
faculty_pmc,economics_policy,Digital Cognitive Behavioral Therapy for Chronic Insomnia in South Korea: Cost-Effectiveness Analysis Using Decision Tree and Markov Modeling Based on a Secondary Analysis of a Randomized Clinical Trial.,10.2196/71750,PMC12865351,ARCHIVED_CC_BY_OR_CC0,data/korean_professors/pmc/fulltext/PMC12865351.xml,https://doi.org/10.2196/71750
faculty_pmc,psychology_behavior,Machine Learning Analysis to Identify Digital Behavioral Phenotypes for Engagement and Health Outcome Efficacy of an mHealth Intervention for Obesity: Randomized Controlled Trial.,10.2196/27218,PMC8277339,ARCHIVED_CC_BY_OR_CC0,data/korean_professors/pmc/fulltext/PMC8277339.xml,https://doi.org/10.2196/27218
faculty_pmc,climate_pollution,Continued permafrost ecosystem carbon loss under net-zero and negative emissions.,10.1126/sciadv.adn8819,PMC11818019,ARCHIVED_CC_BY_OR_CC0,data/korean_professors/pmc/fulltext/PMC11818019.xml,https://doi.org/10.1126/sciadv.adn8819
faculty_pmc,climate_pollution,The impact of Arctic sea ice loss on mid-Holocene climate.,10.1038/s41467-018-07068-2,PMC6212424,ARCHIVED_CC_BY_OR_CC0,data/korean_professors/pmc/fulltext/PMC6212424.xml,https://doi.org/10.1038/s41467-018-07068-2
faculty_pmc,economics_policy,Associations between hospital admission frequency and household financial outcomes in Korea.,10.1186/s12939-026-02835-w,PMC13162495,LINK_ONLY_REUSE_RESTRICTED,,https://doi.org/10.1186/s12939-026-02835-w
faculty_pmc,clinical_treatment,Acetate- Versus Lactate-Buffered Crystalloids for Prevention of Post-ERCP Pancreatitis in Patients Without Access to Rectal NSAIDs: A Multicentre Double-Blind Randomized Trial.,10.1002/ueg2.70281,PMC13505811,LINK_ONLY_REUSE_RESTRICTED,,https://doi.org/10.1002/ueg2.70281
faculty_pmc,clinical_treatment,Korean Red ginseng supplements improve quality of life in patients with mild chronic pancreatitis symptoms: A prospective clinical trial.,10.1016/j.jgr.2025.04.003,PMC12365502,LINK_ONLY_REUSE_RESTRICTED,,https://doi.org/10.1016/j.jgr.2025.04.003
faculty_pmc,clinical_treatment,Durvalumab Plus Chemotherapy for Advanced Biliary Tract Cancer: A Post Hoc Analysis of the TOPAZ-1 Randomized Clinical Trial.,10.1001/jamaoncol.2026.2204,PMC13352180,LINK_ONLY_REUSE_RESTRICTED,,https://doi.org/10.1001/jamaoncol.2026.2204
faculty_pmc,clinical_treatment,Tislelizumab + Chemotherapy in Gastric Cancer: Long-Term RATIONALE-305 Randomized Trial Follow-up.,10.1007/s12325-025-03415-0,PMC12858542,LINK_ONLY_REUSE_RESTRICTED,,https://doi.org/10.1007/s12325-025-03415-0
faculty_pmc,clinical_treatment,"Nivolumab Plus Chemotherapy versus Placebo Plus Chemotherapy in Korean Patients with HER2-Negative, Untreated, Unresectable Advanced or Recurrent Gastric or Gastroesophageal Junction Cancer: Subgroup Analysis of a Randomized, Multicenter, Double-Blind Phase 3 Trial (ATTRACTION-4).",10.4143/crt.2024.913,PMC13382558,LINK_ONLY_REUSE_RESTRICTED,,https://doi.org/10.4143/crt.2024.913
faculty_pmc,clinical_treatment,Investigational Use of Real-World Data as a Hybrid Control in Pancreatic Ductal Adenocarcinoma From the Randomized Phase Ib/II MORPHEUS Trial.,10.1002/cpt.3528,PMC11924154,LINK_ONLY_REUSE_RESTRICTED,,https://doi.org/10.1002/cpt.3528
faculty_pmc,clinical_treatment,Plain language summary: an analysis of the safety of futibatinib treatment in people with different types of cancer.,10.1080/14796694.2024.2414593,PMC11792788,LINK_ONLY_REUSE_RESTRICTED,,https://doi.org/10.1080/14796694.2024.2414593
faculty_pmc,clinical_treatment,"Napabucasin plus nab-paclitaxel with gemcitabine versus nab-paclitaxel with gemcitabine in previously untreated metastatic pancreatic adenocarcinoma: an adaptive multicentre, randomised, open-label, phase 3, superiority trial.",10.1016/j.eclinm.2023.101897,PMC10036520,LINK_ONLY_REUSE_RESTRICTED,,https://doi.org/10.1016/j.eclinm.2023.101897
faculty_pmc,clinical_treatment,Final Overall Survival Efficacy Results of Ivosidenib for Patients With Advanced Cholangiocarcinoma With IDH1 Mutation: The Phase 3 Randomized Clinical ClarIDHy Trial.,10.1001/jamaoncol.2021.3836,PMC8461552,LINK_ONLY_REUSE_RESTRICTED,,https://doi.org/10.1001/jamaoncol.2021.3836
faculty_pmc,clinical_treatment,Effect of First-line S-1 Plus Oxaliplatin With or Without Ramucirumab Followed by Paclitaxel Plus Ramucirumab on Advanced Gastric Cancer in East Asia: The Phase 2 RAINSTORM Randomized Clinical Trial.,10.1001/jamanetworkopen.2019.8243,PMC6681552,LINK_ONLY_REUSE_RESTRICTED,,https://doi.org/10.1001/jamanetworkopen.2019.8243
faculty_pmc,clinical_treatment,Exploratory subgroup analysis of patients with prior trastuzumab use in the ATTRACTION-2 trial: a randomized phase III clinical trial investigating the efficacy and safety of nivolumab in patients with advanced gastric/gastroesophageal junction cancer.,10.1007/s10120-019-00970-8,PMC6942596,ARCHIVED_CC_BY_OR_CC0,data/korean_professors/pmc/fulltext/PMC6942596.xml,https://doi.org/10.1007/s10120-019-00970-8
faculty_pmc,clinical_treatment,Impact of Atrial Fibrillation Pattern on Edoxaban Antithrombotic Therapy in Patients With Atrial Fibrillation and Stable Coronary Artery Disease: A Secondary Analysis of the EPIC-CAD Randomized Clinical Trial.,10.1161/jaha.125.046966,PMC13279072,LINK_ONLY_REUSE_RESTRICTED,,https://doi.org/10.1161/jaha.125.046966
faculty_pmc,psychology_behavior,Psychological treatments for excessive gaming: a systematic review and meta-analysis.,10.1038/s41598-022-24523-9,PMC9705304,ARCHIVED_CC_BY_OR_CC0,data/korean_professors/pmc/fulltext/PMC9705304.xml,https://doi.org/10.1038/s41598-022-24523-9
faculty_pmc,psychology_behavior,The neurocognitive role of working memory load when Pavlovian motivational control affects instrumental learning.,10.1371/journal.pcbi.1011692,PMC10732416,ARCHIVED_CC_BY_OR_CC0,data/korean_professors/pmc/fulltext/PMC10732416.xml,https://doi.org/10.1371/journal.pcbi.1011692
faculty_pmc,psychology_behavior,Causal role of the dorsolateral prefrontal cortex in modulating the balance between Pavlovian and instrumental systems in the punishment domain.,10.1371/journal.pone.0286632,PMC10237433,ARCHIVED_CC_BY_OR_CC0,data/korean_professors/pmc/fulltext/PMC10237433.xml,https://doi.org/10.1371/journal.pone.0286632
faculty_pmc,climate_pollution,Projections of excess mortality related to diurnal temperature range under climate change scenarios: a multi-country modelling study.,10.1016/s2542-5196(20)30222-9,PMC7869581,LINK_ONLY_REUSE_RESTRICTED,,https://doi.org/10.1016/s2542-5196(20)30222-9
faculty_pmc,agriculture_crops,Predicting the Onset Date of Cucumber Powdery Mildew Based on Growing Degree Days and Leaf Wetness Duration in Greenhouse Environment.,10.5423/ppj.ft.01.2025.0010,PMC12146626,LINK_ONLY_REUSE_RESTRICTED,,https://doi.org/10.5423/ppj.ft.01.2025.0010
faculty_pmc,agriculture_crops,Adapting to the projected epidemics of Fusarium head blight of wheat in Korea under climate change scenarios.,10.3389/fpls.2022.1040752,PMC9793406,ARCHIVED_CC_BY_OR_CC0,data/korean_professors/pmc/fulltext/PMC9793406.xml,https://doi.org/10.3389/fpls.2022.1040752
faculty_pmc,agriculture_crops,Localized chilling of crowns promotes floral bud differentiation in strawberry transplants in a closed transplant production system.,10.1093/aobpla/plaf004,PMC11799775,ARCHIVED_CC_BY_OR_CC0,data/korean_professors/pmc/fulltext/PMC11799775.xml,https://doi.org/10.1093/aobpla/plaf004
faculty_pmc,agriculture_crops,Antimicrobial Activity of Various Parts of Tomato Plants Varied with Different Solvent Extracts.,10.5423/ppj.oa.07.2018.0132,PMC6464200,LINK_ONLY_REUSE_RESTRICTED,,https://doi.org/10.5423/ppj.oa.07.2018.0132
faculty_pmc,economics_policy,Incremental Treatment Costs Attributable to Overweight and Obesity in Patients with Diabetes: Quantile Regression Approach.,10.1002/oby.22080,,CITATION_METADATA_ONLY,,https://doi.org/10.1002/oby.22080
faculty_pmc,psychology_behavior,"Social stress enhances intuitive prosocial behavior in males while disrupting self-reward processing: Evidence from behavioral, computational, and neuroimaging studies.",10.1016/j.neuroimage.2025.121273,,CITATION_METADATA_ONLY,,https://doi.org/10.1016/j.neuroimage.2025.121273
faculty_pmc,psychology_behavior,Bridging the Gap Between Self-Report and Behavioral Laboratory Measures: A Real-Time Driving Task With Inverse Reinforcement Learning.,10.1177/09567976241228503,,CITATION_METADATA_ONLY,,https://doi.org/10.1177/09567976241228503
faculty_pmc,psychology_behavior,Multimodal-based machine learning approach to classify features of internet gaming disorder and alcohol use disorder: A sensor-level and source-level resting-state electroencephalography activity and neuropsychological study.,10.1016/j.comppsych.2024.152460,,CITATION_METADATA_ONLY,,https://doi.org/10.1016/j.comppsych.2024.152460
faculty_pmc,climate_pollution,Land use change-induced abrupt changes in vegetation and the role of climate factors.,10.1016/j.jenvman.2025.125097,,CITATION_METADATA_ONLY,,https://doi.org/10.1016/j.jenvman.2025.125097
faculty_pmc,agriculture_crops,Understanding the Impact of Seasonal Weather Dynamics on Rice Disease Occurrence Using Neural Networks: A Case Study of Panicle Blast and Grain Rot.,10.1094/phyto-01-25-0004-fi,,CITATION_METADATA_ONLY,,https://doi.org/10.1094/phyto-01-25-0004-fi
faculty_pmc,agriculture_crops,Anatomy and physiology of strawberry flowers determine fruit set.,10.1016/j.plaphy.2026.111057,,CITATION_METADATA_ONLY,,https://doi.org/10.1016/j.plaphy.2026.111057
faculty_pmc,agriculture_crops,"Leaf chlorosis, epinasty, carbohydrate contents and growth of tomato show different responses to the red/blue wavelength ratio under continuous light.",10.1016/j.plaphy.2019.06.004,,CITATION_METADATA_ONLY,,https://doi.org/10.1016/j.plaphy.2019.06.004
faculty_pmc,clinical_treatment,A randomized non-inferiority trial investigating antibiotic adjustments based on blood culture in acute cholangitis.,10.1016/j.cmi.2024.12.039,,CITATION_METADATA_ONLY,,https://doi.org/10.1016/j.cmi.2024.12.039
faculty_pmc,clinical_treatment,Durvalumab with gemcitabine-based chemotherapy regimens in advanced biliary tract cancer: Primary results from the phase IIIb TOURMALINE study.,10.1016/j.jhep.2026.06.025,,CITATION_METADATA_ONLY,,https://doi.org/10.1016/j.jhep.2026.06.025
faculty_pmc,clinical_treatment,"An evaluation of zanidatamab, a novel, anti-HER2 biparatopic antibody, for the treatment of biliary tract cancer.",10.1080/14712598.2025.2556903,,CITATION_METADATA_ONLY,,https://doi.org/10.1080/14712598.2025.2556903
faculty_pmc,clinical_treatment,Durvalumab plus chemotherapy in advanced biliary tract cancer: 3-year overall survival update from the phase III TOPAZ-1 study.,10.1016/j.jhep.2025.05.003,,CITATION_METADATA_ONLY,,https://doi.org/10.1016/j.jhep.2025.05.003
faculty_pmc,clinical_treatment,Infigratinib in patients with advanced cholangiocarcinoma with &lt;i&gt;FGFR2&lt;/i&gt; gene fusions/translocations: the PROOF 301 trial.,10.2217/fon-2020-0299,,CITATION_METADATA_ONLY,,https://doi.org/10.2217/fon-2020-0299
faculty_pmc,clinical_treatment,Durvalumab With or Without Tremelimumab for Patients With Metastatic Pancreatic Ductal Adenocarcinoma: A Phase 2 Randomized Clinical Trial.,10.1001/jamaoncol.2019.1588,PMC6647002,CITATION_METADATA_ONLY,,https://doi.org/10.1001/jamaoncol.2019.1588
faculty_pmc,claim_evidence,Biomedical relation extraction with knowledge base-refined weak supervision.,10.1093/database/baad054,PMC10407973,ARCHIVED_CC_BY_OR_CC0,data/korean_professors/pmc/fulltext/PMC10407973.xml,https://doi.org/10.1093/database/baad054
faculty_pmc,claim_evidence,Chemical-gene relation extraction using recursive neural network.,10.1093/database/bay060,PMC6014134,ARCHIVED_CC_BY_OR_CC0,data/korean_professors/pmc/fulltext/PMC6014134.xml,https://doi.org/10.1093/database/bay060
faculty_pmc,claim_evidence,Augmenting biomedical named entity recognition with general-domain resources.,10.1016/j.jbi.2024.104731,,CITATION_METADATA_ONLY,,https://doi.org/10.1016/j.jbi.2024.104731
faculty_pmc,claim_evidence,Consistency enhancement of model prediction on document-level named entity recognition.,10.1093/bioinformatics/btad361,PMC10272703,ARCHIVED_CC_BY_OR_CC0,data/korean_professors/pmc/fulltext/PMC10272703.xml,https://doi.org/10.1093/bioinformatics/btad361
faculty_pmc,claim_evidence,CollaboNet: collaboration of deep neural networks for biomedical named entity recognition.,10.1186/s12859-019-2813-6,PMC6538547,ARCHIVED_CC_BY_OR_CC0,data/korean_professors/pmc/fulltext/PMC6538547.xml,https://doi.org/10.1186/s12859-019-2813-6
faculty_pmc,provenance,A Practical Approach to Assessing the Completeness of Electronic Health Records for Medical Research: Data Quality Study.,10.2196/68935,PMC13193671,ARCHIVED_CC_BY_OR_CC0,data/korean_professors/pmc/fulltext/PMC13193671.xml,https://doi.org/10.2196/68935
faculty_pmc,provenance,Challenges for Data Quality in the Clinical Data Life Cycle: Systematic Review.,10.2196/60709,PMC12059509,ARCHIVED_CC_BY_OR_CC0,data/korean_professors/pmc/fulltext/PMC12059509.xml,https://doi.org/10.2196/60709
faculty_pmc,provenance,Effective data quality management for electronic medical record data using SMART DATA.,10.1016/j.ijmedinf.2023.105262,,CITATION_METADATA_ONLY,,https://doi.org/10.1016/j.ijmedinf.2023.105262
faculty_pmc,exercise_sport,Exercise training-induced benefits for Alzheimer's disease are associated with modulation of the BDNF-TrkB signaling complex.,10.1038/s41598-025-33262-6,PMC12749794,LINK_ONLY_REUSE_RESTRICTED,,https://doi.org/10.1038/s41598-025-33262-6
faculty_pmc,exercise_sport,Associations of Physical Activity and Handgrip Strength with Health-Related Quality of Life in Older Korean Cancer Survivors.,10.3390/cancers14246067,PMC9776490,ARCHIVED_CC_BY_OR_CC0,data/korean_professors/pmc/fulltext/PMC9776490.xml,https://doi.org/10.3390/cancers14246067
faculty_pmc,exercise_sport,Relationship between physical activity and depressive symptoms in older Korean adults: moderation analysis of muscular strength.,10.1186/s12877-022-03610-6,PMC9677686,ARCHIVED_CC_BY_OR_CC0,data/korean_professors/pmc/fulltext/PMC9677686.xml,https://doi.org/10.1186/s12877-022-03610-6
faculty_pmc,exercise_sport,"Eating Speed, Physical Activity, and Cardiorespiratory Fitness Are Independent Predictors of Metabolic Syndrome in Korean University Students.",10.3390/nu13072420,PMC8308714,ARCHIVED_CC_BY_OR_CC0,data/korean_professors/pmc/fulltext/PMC8308714.xml,https://doi.org/10.3390/nu13072420
faculty_pmc,exercise_sport,Cardiorespiratory Fitness without Exercise Testing Can Predict All-Cause Mortality Risk in a Representative Sample of Korean Older Adults.,10.3390/ijerph16091633,PMC6539211,ARCHIVED_CC_BY_OR_CC0,data/korean_professors/pmc/fulltext/PMC6539211.xml,https://doi.org/10.3390/ijerph16091633
faculty_pmc,exercise_sport,Effects of a group-based Otago exercise program on physical functional performance and fear of falling in older adult Korean women: A quasi-experimental study.,10.1111/ggi.14584,,CITATION_METADATA_ONLY,,https://doi.org/10.1111/ggi.14584
faculty_pmc,exercise_sport,Protective effect of exercise training against the progression of Alzheimer's disease in 3xTg-AD mice.,10.1016/j.bbr.2019.112105,,CITATION_METADATA_ONLY,,https://doi.org/10.1016/j.bbr.2019.112105
faculty_pmc,exercise_sport,Exercise training modifies gut microbiota with attenuated host responses to sepsis in wild-type mice.,10.1096/fj.201802481r,,CITATION_METADATA_ONLY,,https://doi.org/10.1096/fj.201802481r
faculty_pmc,energy_engineering,Recent Development in Vanadium Pentoxide and Carbon Hybrid Active Materials for Energy Storage Devices.,10.3390/nano11123213,PMC8705586,ARCHIVED_CC_BY_OR_CC0,data/korean_professors/pmc/fulltext/PMC8705586.xml,https://doi.org/10.3390/nano11123213
faculty_pmc,energy_engineering,Maximized performance of dye solar cells on plastic: a combined theoretical and experimental optimization approach.,10.1039/c6ee00424e,PMC13001022,LINK_ONLY_REUSE_RESTRICTED,,https://doi.org/10.1039/c6ee00424e
faculty_pmc,energy_engineering,Interface-designed Membranes with Shape-controlled Patterns for High-performance Polymer Electrolyte Membrane Fuel Cells.,10.1038/srep16394,PMC4639844,ARCHIVED_CC_BY_OR_CC0,data/korean_professors/pmc/fulltext/PMC4639844.xml,https://doi.org/10.1038/srep16394
faculty_pmc,energy_engineering,Nanoscale Zirconium-Abundant Surface Layers on Lithium- and Manganese-Rich Layered Oxides for High-Rate Lithium-Ion Batteries.,10.1021/acs.nanolett.7b04158,,CITATION_METADATA_ONLY,,https://doi.org/10.1021/acs.nanolett.7b04158
faculty_pmc,energy_engineering,Selective Ion Transporting Polymerized Ionic Liquid Membrane Separator for Enhancing Cycle Stability and Durability in Secondary Zinc-Air Battery Systems.,10.1021/acsami.6b07841,,CITATION_METADATA_ONLY,,https://doi.org/10.1021/acsami.6b07841
faculty_pmc,energy_engineering,Completely transparent conducting oxide-free and flexible dye-sensitized solar cells fabricated on plastic substrates.,10.1021/acsnano.5b01346,,CITATION_METADATA_ONLY,,https://doi.org/10.1021/acsnano.5b01346
faculty_pmc,energy_engineering,Bond Softening and Elastic Confinement of Monolithic Dense Binary Alloys for High Volumetric Capacity of K-Ion Battery Anodes.,10.1002/anie.9686588,PMC13134609,ARCHIVED_CC_BY_OR_CC0,data/korean_professors/pmc/fulltext/PMC13134609.xml,https://doi.org/10.1002/anie.9686588
faculty_pmc,energy_engineering,3D-Printed Hierarchically Microgrid Frameworks of Sodiophilic Co&lt;sub&gt;3&lt;/sub&gt;O&lt;sub&gt;4&lt;/sub&gt;@C/rGO Nanosheets for Ultralong Cyclic Sodium Metal Batteries.,10.1002/advs.202404419,PMC11425270,ARCHIVED_CC_BY_OR_CC0,data/korean_professors/pmc/fulltext/PMC11425270.xml,https://doi.org/10.1002/advs.202404419
faculty_pmc,energy_engineering,A biospecies-derived genomic DNA hybrid gel electrolyte for electrochemical energy storage.,10.1093/pnasnexus/pgae213,PMC11177232,LINK_ONLY_REUSE_RESTRICTED,,https://doi.org/10.1093/pnasnexus/pgae213
faculty_pmc,energy_engineering,Single-Phase Ternary Compounds with a Disordered Lattice and Liquid Metal Phase for High-Performance Li-Ion Battery Anodes.,10.1007/s40820-023-01026-4,PMC10006393,ARCHIVED_CC_BY_OR_CC0,data/korean_professors/pmc/fulltext/PMC10006393.xml,https://doi.org/10.1007/s40820-023-01026-4
faculty_pmc,energy_engineering,Sustainable and Multifunctional Natural Macromolecular Polymers for Aqueous Zn Metal Batteries.,10.1002/adma.74525,,CITATION_METADATA_ONLY,,https://doi.org/10.1002/adma.74525
faculty_pmc,energy_engineering,Interfacial and structural optimization of graphene wrapped β-MnO&lt;sub&gt;2&lt;/sub&gt; nanorod cathodes for long-life aqueous zinc-ion batteries.,10.1016/j.jcis.2026.140960,,CITATION_METADATA_ONLY,,https://doi.org/10.1016/j.jcis.2026.140960
faculty_pmc,energy_engineering,Interface-Targeting Amino-Acid-Derivative-Based Dipolar Molecular Strategy for High-Performance Zn-I&lt;sub&gt;2&lt;/sub&gt; Full Batteries.,10.1021/acsnano.5c19783,,CITATION_METADATA_ONLY,,https://doi.org/10.1021/acsnano.5c19783
faculty_pmc,energy_engineering,Interpretable Machine Learning for Solid-State Batteries.,10.1021/acsnano.5c21738,,CITATION_METADATA_ONLY,,https://doi.org/10.1021/acsnano.5c21738
faculty_pmc,energy_engineering,Synergy-Driven Electrolyte Design: Fluoroethylene Carbonate and Succinonitrile Co-Solvation in a Eutectic Electrolyte for Stable Sodium Metal Batteries.,10.1002/anie.202524216,,CITATION_METADATA_ONLY,,https://doi.org/10.1002/anie.202524216
faculty_pmc,energy_engineering,Full-Process Proton Management Unlocks Long-Life Aqueous Zinc-Metal Batteries.,10.1021/acsnano.5c17486,,CITATION_METADATA_ONLY,,https://doi.org/10.1021/acsnano.5c17486
faculty_pmc,energy_engineering,"Layer-by-Layer Assembled, Mixed Conducting Artificial Layers for Stable Zinc Metal Anodes in Aqueous Batteries.",10.1002/smtd.202500812,,CITATION_METADATA_ONLY,,https://doi.org/10.1002/smtd.202500812
faculty_pmc,energy_engineering,High-Voltage Lithium Batteries Enabled by Facile In Situ Fabrication of Monophasic Cellulose-Based Single-Ion Conductors.,10.1021/acsami.5c07304,,CITATION_METADATA_ONLY,,https://doi.org/10.1021/acsami.5c07304
faculty_pmc,energy_engineering,Investigation of ion diffusion in polyethylene oxide-based solid electrolyte with functionalized La(OH)&lt;sub&gt;3&lt;/sub&gt; nanofibers for high-rate all-solid-state lithium-metal batteries.,10.1016/j.jcis.2025.137589,,CITATION_METADATA_ONLY,,https://doi.org/10.1016/j.jcis.2025.137589
faculty_pmc,energy_engineering,Research Advances in Rare-Earth-Based Solid Electrolytes for All-Solid-State Batteries.,10.1002/smll.202502008,,CITATION_METADATA_ONLY,,https://doi.org/10.1002/smll.202502008
faculty_pmc,statistics,Cost-Effective Extreme Case-Control Design Using a Resampling Method.,10.1177/1176934319838821,PMC6449816,LINK_ONLY_REUSE_RESTRICTED,,https://doi.org/10.1177/1176934319838821
faculty_pmc,economics_policy,Cost-effectiveness of tolvaptan for euvolemic or hypervolemic hyponatremia.,10.1016/j.clinthera.2014.07.010,,CITATION_METADATA_ONLY,,https://doi.org/10.1016/j.clinthera.2014.07.010
faculty_pmc,exercise_sport,Effect of aerobic exercise training on non-alcoholic fatty liver disease induced by a high fat diet in C57BL/6 mice.,10.5717/jenb.2014.18.4.339,PMC4322024,LINK_ONLY_REUSE_RESTRICTED,,https://doi.org/10.5717/jenb.2014.18.4.339
faculty_pmc,exercise_sport,Roles of physical activity and cardiorespiratory fitness on sex difference in insulin resistance in late elementary years.,10.5717/jenb.2014.18.4.361,PMC4322027,LINK_ONLY_REUSE_RESTRICTED,,https://doi.org/10.5717/jenb.2014.18.4.361
faculty_pmc,exercise_sport,Serum Vitamin D status and its relations to body fatness and fitness and risk factors in young adults.,10.5717/jenb.2013.17.4.143,PMC4241908,LINK_ONLY_REUSE_RESTRICTED,,https://doi.org/10.5717/jenb.2013.17.4.143
faculty_pmc,exercise_sport,The Impact of Overtraining on Anxiety-Like Behavior and Tight Junction Proteins of the Blood-Brain Barrier in Mice.,10.1002/brb3.71709,PMC13527226,ARCHIVED_CC_BY_OR_CC0,data/korean_professors/pmc/fulltext/PMC13527226.xml,https://doi.org/10.1002/brb3.71709
faculty_pmc,exercise_sport,Transcriptomic insights into exercise-induced trabecular bone microarchitectural adaptations following combined aerobic and resistance training in mice.,10.1038/s41598-026-56753-6,PMC13527104,ARCHIVED_CC_BY_OR_CC0,data/korean_professors/pmc/fulltext/PMC13527104.xml,https://doi.org/10.1038/s41598-026-56753-6
faculty_pmc,exercise_sport,Identifying overtraining biomarkers through proteomic analysis of extracellular vesicles derived from the central nervous system of male mice.,10.14814/phy2.70640,PMC12580405,ARCHIVED_CC_BY_OR_CC0,data/korean_professors/pmc/fulltext/PMC12580405.xml,https://doi.org/10.14814/phy2.70640
faculty_pmc,exercise_sport,Exercise-induced CLCF1 attenuates age-related muscle and bone decline in mice.,10.1038/s41467-025-59959-w,PMC12095553,LINK_ONLY_REUSE_RESTRICTED,,https://doi.org/10.1038/s41467-025-59959-w
faculty_pmc,exercise_sport,Potential involvement of neutrophils on exercise effects in breast cancer malignancy.,10.20463/pan.2023.0036,PMC10844724,LINK_ONLY_REUSE_RESTRICTED,,https://doi.org/10.20463/pan.2023.0036
faculty_pmc,exercise_sport,Effects of Aerobic Exercise Training on Systemic Biomarkers and Cognition in Late Middle-Aged Adults at Risk for Alzheimer's Disease.,10.3389/fendo.2021.660181,PMC8173166,ARCHIVED_CC_BY_OR_CC0,data/korean_professors/pmc/fulltext/PMC8173166.xml,https://doi.org/10.3389/fendo.2021.660181
faculty_pmc,exercise_sport,Lactate consumption mediates repeated high-intensity interval exercise-enhanced executive function in adult males.,10.20463/pan.2020.0023,PMC7931649,LINK_ONLY_REUSE_RESTRICTED,,https://doi.org/10.20463/pan.2020.0023
faculty_pmc,exercise_sport,Neural maturation enhanced by exercise-induced extracellular derivatives.,10.1038/s41598-020-60930-6,PMC7054262,ARCHIVED_CC_BY_OR_CC0,data/korean_professors/pmc/fulltext/PMC7054262.xml,https://doi.org/10.1038/s41598-020-60930-6
faculty_pmc,exercise_sport,Effect of a Single Bout of Exercise on Autophagy Regulation in Skeletal Muscle of High-Fat High-Sucrose Diet-Fed Mice.,10.7570/jomes.2019.28.3.175,PMC6774445,LINK_ONLY_REUSE_RESTRICTED,,https://doi.org/10.7570/jomes.2019.28.3.175
faculty_pmc,economics_policy,Cost Effectiveness of Quadrivalent Influenza Vaccines Compared with Trivalent Influenza Vaccines in Young Children and Older Adults in Korea.,10.1007/s40273-018-0715-5,PMC6244612,LINK_ONLY_REUSE_RESTRICTED,,https://doi.org/10.1007/s40273-018-0715-5
faculty_pmc,psychology_behavior,The effectiveness of transcranial photobiomodulation therapy (tPBM) and transauricular vagus nerve stimulation (taVNS) on reducing alcohol craving.,10.1016/j.neurot.2026.e00937,PMC13264161,ARCHIVED_CC_BY_OR_CC0,data/korean_professors/pmc/fulltext/PMC13264161.xml,https://doi.org/10.1016/j.neurot.2026.e00937
faculty_pmc,psychology_behavior,Association of Genome-Wide Polygenic Scores for Multiple Psychiatric and Common Traits in Preadolescent Youths at Risk of Suicide.,10.1001/jamanetworkopen.2021.48585,PMC8861848,LINK_ONLY_REUSE_RESTRICTED,,https://doi.org/10.1001/jamanetworkopen.2021.48585
faculty_pmc,psychology_behavior,A computational model of the Cambridge gambling task with applications to substance use disorders.,10.1016/j.drugalcdep.2019.107711,PMC6980771,CITATION_METADATA_ONLY,,https://doi.org/10.1016/j.drugalcdep.2019.107711
faculty_pmc,psychology_behavior,Rapid and reliable computational markers of decision-making for predicting daily smoking behavior and smoking cessation treatment outcomes.,10.1038/s41386-026-02448-5,PMC13487167,ARCHIVED_CC_BY_OR_CC0,data/korean_professors/pmc/fulltext/PMC13487167.xml,https://doi.org/10.1038/s41386-026-02448-5
faculty_pmc,psychology_behavior,Caffeinated Soda Intake in Children Is Associated with Neurobehavioral Risk Factors for Substance Misuse.,10.1080/10826084.2023.2259471,,CITATION_METADATA_ONLY,,https://doi.org/10.1080/10826084.2023.2259471
faculty_pmc,psychology_behavior,The Outcome-Representation Learning Model: A Novel Reinforcement Learning Model of the Iowa Gambling Task.,10.1111/cogs.12688,PMC6286201,CITATION_METADATA_ONLY,,https://doi.org/10.1111/cogs.12688
faculty_pmc,agriculture_crops,Variation of bioactive compounds content of 14 oriental strawberry cultivars.,10.1016/j.foodchem.2015.03.060,,CITATION_METADATA_ONLY,,https://doi.org/10.1016/j.foodchem.2015.03.060
faculty_pmc,statistics,Variable Selection in Bayesian Multiple Instance Regression using Shotgun Stochastic Search.,10.1016/j.csda.2024.107954,PMC11027161,CITATION_METADATA_ONLY,,https://doi.org/10.1016/j.csda.2024.107954
faculty_pmc,statistics,Empirical likelihood inference for area under the receiver operating characteristic curve using ranked set samples.,10.1002/pst.2230,,CITATION_METADATA_ONLY,,https://doi.org/10.1002/pst.2230
faculty_pmc,statistics,An overview of heavy-tail extensions of multivariate Gaussian distribution and their relations.,10.1080/02664763.2022.2044018,PMC9542722,CITATION_METADATA_ONLY,,https://doi.org/10.1080/02664763.2022.2044018
faculty_pmc,statistics,Bayesian multiple instance regression for modeling immunogenic neoantigens.,10.1177/0962280220914321,PMC8009201,CITATION_METADATA_ONLY,,https://doi.org/10.1177/0962280220914321
faculty_pmc,statistics,High-Throughput Omics and Statistical Learning Integration for the Discovery and Validation of Novel Diagnostic Signatures in Colorectal Cancer.,10.3390/ijms20020296,PMC6358915,ARCHIVED_CC_BY_OR_CC0,data/korean_professors/pmc/fulltext/PMC6358915.xml,https://doi.org/10.3390/ijms20020296
faculty_pmc,statistics,Permutation based testing on covariance separability.,10.1007/s00180-018-0839-2,PMC8330429,CITATION_METADATA_ONLY,,https://doi.org/10.1007/s00180-018-0839-2
faculty_pmc,statistics,Fused Lasso Regression for Identifying Differential Correlations in Brain Connectome Graphs.,10.1002/sam.11382,PMC8356776,CITATION_METADATA_ONLY,,https://doi.org/10.1002/sam.11382
faculty_pmc,statistics,Empirical null estimation using zero-inflated discrete mixture distributions and its application to protein domain data.,10.1111/biom.12779,PMC5862774,CITATION_METADATA_ONLY,,https://doi.org/10.1111/biom.12779
faculty_pmc,statistics,Expeditious discrimination of four species of the Panax genus using direct infusion-MS/MS combined with multivariate statistical analysis.,10.1016/j.jchromb.2015.08.034,,CITATION_METADATA_ONLY,,https://doi.org/10.1016/j.jchromb.2015.08.034
faculty_pmc,statistics,Statistical completion of a partially identified graph with applications for the estimation of gene regulatory networks.,10.1093/biostatistics/kxv013,PMC4570579,CITATION_METADATA_ONLY,,https://doi.org/10.1093/biostatistics/kxv013
faculty_pmc,statistics,Stouffer's test in a large scale simultaneous hypothesis testing.,10.1371/journal.pone.0063290,PMC3653960,LINK_ONLY_REUSE_RESTRICTED,,https://doi.org/10.1371/journal.pone.0063290
faculty_pmc,statistics,Multiple testing for gene sets from microarray experiments.,10.1186/1471-2105-12-209,PMC3131260,ARCHIVED_CC_BY_OR_CC0,data/korean_professors/pmc/fulltext/PMC3131260.xml,https://doi.org/10.1186/1471-2105-12-209
faculty_pmc,statistics,A distribution-free test of constant mean in linear mixed effects models.,10.1002/sim.3275,,CITATION_METADATA_ONLY,,https://doi.org/10.1002/sim.3275
faculty_publications,ai_evaluation,KoCommonGEN v2: A Benchmark for Navigating Korean Commonsense Reasoning Challenges in Large Language Models,10.18653/v1/2024.findings-acl.141,,CITATION_METADATA_ONLY,,https://doi.org/10.18653/v1/2024.findings-acl.141
faculty_publications,claim_evidence,Improving LSTM CRFs using character-based compositions for Korean named entity recognition,10.1016/j.csl.2018.09.005,,CITATION_METADATA_ONLY,,https://doi.org/10.1016/j.csl.2018.09.005
faculty_publications,ai_evaluation,"Ask, Assess, and Refine: Rectifying Factual Consistency and Hallucination in LLMs with Metric-Guided Feedback Learning",10.18653/v1/2024.eacl-long.149,,CITATION_METADATA_ONLY,,https://doi.org/10.18653/v1/2024.eacl-long.149
faculty_publications,ai_evaluation,CReTIHC: Designing Causal Reasoning Tasks about Temporal Interventions and Hallucinated Confoundings,10.18653/v1/2023.findings-emnlp.693,,CITATION_METADATA_ONLY,,https://doi.org/10.18653/v1/2023.findings-emnlp.693
faculty_publications,statistics,Highly private large‐sample tests for contingency tables,10.1002/sta4.658,,CITATION_METADATA_ONLY,,https://doi.org/10.1002/sta4.658
faculty_publications,statistics,Integrative sparse reduced-rank regression via orthogonal rotation for analysis of high-dimensional multi-source data,10.1007/s11222-023-10322-3,,CITATION_METADATA_ONLY,,https://doi.org/10.1007/s11222-023-10322-3
faculty_publications,statistics,Inference on the shape of densities on Riemannian manifolds via SiZer,10.1007/s42952-024-00301-3,,CITATION_METADATA_ONLY,,https://doi.org/10.1007/s42952-024-00301-3
faculty_publications,statistics,Comparisons of parametric and non-parametric methods for analyzing RT-PCR experiment data,10.1016/j.chemolab.2023.104982,,CITATION_METADATA_ONLY,,https://doi.org/10.1016/j.chemolab.2023.104982
faculty_publications,statistics,Variable selection and inference strategies for multiple compositional regression,10.1016/j.chemolab.2024.105121,,CITATION_METADATA_ONLY,,https://doi.org/10.1016/j.chemolab.2024.105121
faculty_publications,statistics,Resampling-based inferences for compositional regression with application to beef cattle microbiomes,10.1177/09622802221133550,,CITATION_METADATA_ONLY,,https://doi.org/10.1177/09622802221133550
faculty_publications,education_learning,Development and validation of a multidimensional AI literacy scale for higher education students: A mixed-method study,10.1177/09610006261425235,,CITATION_METADATA_ONLY,,https://doi.org/10.1177/09610006261425235
faculty_publications,research_workflow,Intra- and Inter-institutional Collaborative Pairing Trends of LIS Field in South Korea,10.1515/libri-2015-0096,,CITATION_METADATA_ONLY,,https://doi.org/10.1515/libri-2015-0096
faculty_publications,ai_evaluation,The Impact of Negated Text on Hallucination with Large Language Models,10.18653/v1/2025.emnlp-main.684,,CITATION_METADATA_ONLY,,https://doi.org/10.18653/v1/2025.emnlp-main.684
faculty_publications,ai_evaluation,Benchmark Profiling: Mechanistic Diagnosis of LLM Benchmarks,10.18653/v1/2025.emnlp-main.789,,CITATION_METADATA_ONLY,,https://doi.org/10.18653/v1/2025.emnlp-main.789
faculty_publications,ai_evaluation,Metric Calculating Benchmark: Code-Verifiable Complicate Instruction Following Benchmark for Large Language Models,10.18653/v1/2025.emnlp-main.1051,,CITATION_METADATA_ONLY,,https://doi.org/10.18653/v1/2025.emnlp-main.1051
faculty_publications,ai_evaluation,Find the Intention of Instruction: Comprehensive Evaluation of Instruction Understanding for Large Language Models,10.18653/v1/2025.findings-naacl.330,,CITATION_METADATA_ONLY,,https://doi.org/10.18653/v1/2025.findings-naacl.330
faculty_publications,ai_evaluation,FLEX: A Benchmark for Evaluating Robustness of Fairness in Large Language Models,10.18653/v1/2025.findings-naacl.199,,CITATION_METADATA_ONLY,,https://doi.org/10.18653/v1/2025.findings-naacl.199
faculty_publications,ai_evaluation,MIRAGE: A Metric-Intensive Benchmark for Retrieval-Augmented Generation Evaluation,10.18653/v1/2025.findings-naacl.157,,CITATION_METADATA_ONLY,,https://doi.org/10.18653/v1/2025.findings-naacl.157
faculty_publications,ecology_biodiversity,"Revealing macrozoobenthos diversity of Java coral reefs, Indonesia: a review on research trends and species assemblages",10.3389/fmars.2024.1387984,,CITATION_METADATA_ONLY,,https://doi.org/10.3389/fmars.2024.1387984
faculty_publications,provenance,"Global data repository status and analysis: based on Korea, China and Japan",10.1108/lht-06-2014-0064,,CITATION_METADATA_ONLY,,https://doi.org/10.1108/lht-06-2014-0064
faculty_publications,provenance,Study on data center and data librarian role for reuse of research data,10.1109/kst.2016.7440517,,CITATION_METADATA_ONLY,,https://doi.org/10.1109/kst.2016.7440517
faculty_publications,research_workflow,A Study on Functional Details and Importance of Geoscience Research Data Management,10.4275/kslis.2020.54.1.411,,CITATION_METADATA_ONLY,,https://doi.org/10.4275/kslis.2020.54.1.411
faculty_publications,provenance,A Study on the Design of Metadata for Research Data Management in Forestry Engineering,10.4275/kslis.2020.54.4.169,,CITATION_METADATA_ONLY,,https://doi.org/10.4275/kslis.2020.54.4.169
faculty_publications,provenance,Functional Requirements for Research Data Repositories,10.5865/ijkct.2018.8.1.025,,CITATION_METADATA_ONLY,,https://doi.org/10.5865/ijkct.2018.8.1.025
faculty_publications,provenance,"Global Data Repository Status and Analysis: Based on Korea, China and Japan Data in re3data.org",10.5865/ijkct.2018.8.1.089,,CITATION_METADATA_ONLY,,https://doi.org/10.5865/ijkct.2018.8.1.089
faculty_publications,provenance,Ice Hockey Research Data Platform from Official Records Data and Verification,10.5865/ijkct.2019.9.4.031,,CITATION_METADATA_ONLY,,https://doi.org/10.5865/ijkct.2019.9.4.031
faculty_publications,provenance,Functional Requirements of Data Repository for DMP Support and CoreTrustSeal Authentication,10.5865/ijkct.2020.10.1.007,,CITATION_METADATA_ONLY,,https://doi.org/10.5865/ijkct.2020.10.1.007
faculty_publications,claim_evidence,BERN2: an advanced neural biomedical named entity recognition and normalization tool,10.1093/bioinformatics/btac598,,CITATION_METADATA_ONLY,,https://doi.org/10.1093/bioinformatics/btac598
faculty_publications,claim_evidence,How Do Your Biomedical Named Entity Recognition Models Generalize to Novel Entities?,10.1109/access.2022.3157854,,CITATION_METADATA_ONLY,,https://doi.org/10.1109/access.2022.3157854
faculty_publications,claim_evidence,A Neural Named Entity Recognition and Multi-Type Normalization Tool for Biomedical Text Mining,10.1109/access.2019.2920708,,CITATION_METADATA_ONLY,,https://doi.org/10.1109/access.2019.2920708
faculty_publications,ai_evaluation,ToxReason: A Benchmark for Mechanistic Chemical Toxicity Reasoning via Adverse Outcome Pathway,10.18653/v1/2026.findings-acl.977,,CITATION_METADATA_ONLY,,https://doi.org/10.18653/v1/2026.findings-acl.977
faculty_publications,ai_evaluation,Benchmarking Direct Preference Optimization for Medical Large Vision–Language Models,10.18653/v1/2026.findings-eacl.267,,CITATION_METADATA_ONLY,,https://doi.org/10.18653/v1/2026.findings-eacl.267
faculty_publications,ai_evaluation,ETHIC: Evaluating Large Language Models on Long-Context Tasks with High Information Coverage,10.18653/v1/2025.naacl-long.283,,CITATION_METADATA_ONLY,,https://doi.org/10.18653/v1/2025.naacl-long.283
faculty_publications,claim_evidence,Automatic Creation of Named Entity Recognition Datasets by Querying Phrase Representations,10.18653/v1/2023.acl-long.394,,CITATION_METADATA_ONLY,,https://doi.org/10.18653/v1/2023.acl-long.394
faculty_publications,claim_evidence,Simple Questions Generate Named Entity Recognition Datasets,10.18653/v1/2022.emnlp-main.417,,CITATION_METADATA_ONLY,,https://doi.org/10.18653/v1/2022.emnlp-main.417
faculty_publications,ai_evaluation,Can Large Language Models Keep Up? Benchmarking Online Adaptation to Continual Knowledge Streams,10.18653/v1/2026.acl-long.1956,,CITATION_METADATA_ONLY,,https://doi.org/10.18653/v1/2026.acl-long.1956
faculty_publications,ai_evaluation,The BiGGen Bench: A Principled Benchmark for Fine-grained Evaluation of Language Models with Language Models,10.18653/v1/2025.naacl-long.303,,CITATION_METADATA_ONLY,,https://doi.org/10.18653/v1/2025.naacl-long.303
faculty_publications,ai_evaluation,Prometheus 2: An Open Source Language Model Specialized in Evaluating Other Language Models,10.18653/v1/2024.emnlp-main.248,,CITATION_METADATA_ONLY,,https://doi.org/10.18653/v1/2024.emnlp-main.248
faculty_publications,ai_evaluation,Prometheus-Vision: Vision-Language Model as a Judge for Fine-Grained Evaluation,10.18653/v1/2024.findings-acl.672,,CITATION_METADATA_ONLY,,https://doi.org/10.18653/v1/2024.findings-acl.672
faculty_publications,ai_evaluation,TemporalWiki: A Lifelong Benchmark for Training and Evaluating Ever-Evolving Language Models,10.18653/v1/2022.emnlp-main.418,,CITATION_METADATA_ONLY,,https://doi.org/10.18653/v1/2022.emnlp-main.418
faculty_publications,agriculture_crops,Development of colored-woven films and demonstration of ginseng seedling production in a greenhouse,10.1007/s13580-023-00587-y,,CITATION_METADATA_ONLY,,https://doi.org/10.1007/s13580-023-00587-y
faculty_publications,agriculture_crops,Effects of supplemental root‐zone pipe heating systems on the growth and development of strawberry plants in a greenhouse during the winter season,10.1080/01140671.2023.2224035,,CITATION_METADATA_ONLY,,https://doi.org/10.1080/01140671.2023.2224035
faculty_publications,agriculture_crops,Ultrastructural changes in developmental stages of anther and pollen grains as affected by short-term exposure to low temperatures in strawberry,10.1016/j.envexpbot.2022.105135,,CITATION_METADATA_ONLY,,https://doi.org/10.1016/j.envexpbot.2022.105135
faculty_publications,agriculture_crops,Ultrastructural characteristics of anther and pistil during floral development in ‘Maehyang’ strawberry,10.1007/s13580-022-00463-1,,CITATION_METADATA_ONLY,,https://doi.org/10.1007/s13580-022-00463-1
faculty_publications,agriculture_crops,Growth and physiological responses of Panax ginseng seedlings as affected by light intensity and photoperiod,10.1007/s13580-022-00448-0,,CITATION_METADATA_ONLY,,https://doi.org/10.1007/s13580-022-00448-0
faculty_publications,agriculture_crops,Growth and Morphology of Ginseng Seedlings Cultivated in an Ebb-and-Flow Subirrigation System as Affected by Cell Dimension,10.7235/hort.20210020,,CITATION_METADATA_ONLY,,https://doi.org/10.7235/hort.20210020
faculty_publications,agriculture_crops,Morphological development and photosynthetic acclimation of Panax ginseng seedlings to irradiation by light-emitting diodes (LEDs),10.1007/s13580-021-00343-0,,CITATION_METADATA_ONLY,,https://doi.org/10.1007/s13580-021-00343-0
faculty_publications,agriculture_crops,Improvement of Growth and Morphology of Vegetable Seedlings with Supplemental Far-Red Enriched LED Lights in a Plant Factory,10.3390/horticulturae6040109,,CITATION_METADATA_ONLY,,https://doi.org/10.3390/horticulturae6040109
faculty_publications,agriculture_crops,"The Combined Conditions of Photoperiod, Light Intensity, and Air Temperature Control the Growth and Development of Tomato and Red Pepper Seedlings in a Closed Transplant Production System",10.3390/su12239939,,CITATION_METADATA_ONLY,,https://doi.org/10.3390/su12239939
faculty_publications,agriculture_crops,Effect of the light spectrum of white LEDs on the productivity of strawberry transplants in a plant factory with artificial lighting,10.1007/s13580-020-00284-0,,CITATION_METADATA_ONLY,,https://doi.org/10.1007/s13580-020-00284-0
faculty_publications,agriculture_crops,Simulation of the Number of Strawberry Transplants Produced by an Autotrophic Transplant Production Method in a Plant Factory with Artificial Lighting,10.3390/horticulturae6040063,,CITATION_METADATA_ONLY,,https://doi.org/10.3390/horticulturae6040063
faculty_publications,agriculture_crops,Growth and leaf injury in tomato plants under continuous light at different settings of constant and diurnally varied photosynthetic photon flux densities,10.1016/j.scienta.2020.109347,,CITATION_METADATA_ONLY,,https://doi.org/10.1016/j.scienta.2020.109347
faculty_publications,education_learning,Does institutional performance matter under competition-based funding for higher education in East Asia? A comparative study in Korea and Taiwan,10.1080/03075079.2022.2138849,,CITATION_METADATA_ONLY,,https://doi.org/10.1080/03075079.2022.2138849
faculty_publications,education_learning,"Digital capital accumulation in schools, teachers, and students and academic achievement: Cross-country evidence from the PISA 2018",10.1016/j.ijedudev.2024.103024,,CITATION_METADATA_ONLY,,https://doi.org/10.1016/j.ijedudev.2024.103024
faculty_publications,education_learning,Teacher Sorting within and across Schools and Nations: A Comparative Study of South Korea and the United States,10.1177/016146811912100804,,CITATION_METADATA_ONLY,,https://doi.org/10.1177/016146811912100804
faculty_publications,education_learning,Doctoral students’ satisfaction in a research-focused Korean university: socio-environmental and motivational factors,10.1007/s12564-018-9528-7,,CITATION_METADATA_ONLY,,https://doi.org/10.1007/s12564-018-9528-7
faculty_publications,education_learning,Classifying higher education institutions in Korea: a performance-based approach,10.1007/s10734-008-9150-4,,CITATION_METADATA_ONLY,,https://doi.org/10.1007/s10734-008-9150-4
faculty_publications,education_learning,"Higher education development in Korea: western university ideas, Confucian tradition, and economic development",10.1007/s10734-011-9480-5,,CITATION_METADATA_ONLY,,https://doi.org/10.1007/s10734-011-9480-5
faculty_publications,education_learning,Institutional Autonomy and Capacity of Higher Education Governance in South Asia: A Comparative Perspective,10.1057/s41307-020-00220-y,,CITATION_METADATA_ONLY,,https://doi.org/10.1057/s41307-020-00220-y
faculty_publications,education_learning,The evolution of student activism and its influence on tuition fees in South Korean universities,10.1080/03075079.2014.896180,,CITATION_METADATA_ONLY,,https://doi.org/10.1080/03075079.2014.896180
faculty_publications,education_learning,Professional Socialization of Postdoctoral Training among Academics in South Korea,10.1163/22125868-12340113,,CITATION_METADATA_ONLY,,https://doi.org/10.1163/22125868-12340113
faculty_publications,education_learning,Parent-Adolescent Vocational Aspiration Congruence and its Relations with Academic Adjustment,10.1007/s10964-022-01598-1,,CITATION_METADATA_ONLY,,https://doi.org/10.1007/s10964-022-01598-1
faculty_publications,education_learning,"Education decentralization, school resources, and student outcomes in Korea",10.1016/j.ijedudev.2016.12.003,,CITATION_METADATA_ONLY,,https://doi.org/10.1016/j.ijedudev.2016.12.003
faculty_publications,education_learning,"Are teachers losing control of the classroom? Global changes in school governance and teacher responsibilities, 2000–2015",10.1016/j.ijedudev.2018.07.004,,CITATION_METADATA_ONLY,,https://doi.org/10.1016/j.ijedudev.2018.07.004
faculty_publications,education_learning,A Cross-National Analysis of School Boards’ Roles and Consequences for School Resources and Student Achievement,10.1086/725444,,CITATION_METADATA_ONLY,,https://doi.org/10.1086/725444
faculty_publications,education_learning,School Governance and Student Achievement: Cross-National Evidence From the 2015 PISA,10.1177/0013161x20936346,,CITATION_METADATA_ONLY,,https://doi.org/10.1177/0013161x20936346
faculty_publications,education_learning,The inequitable distribution of public education resources across schools: evidence from Korea,10.1080/02188791.2013.787390,,CITATION_METADATA_ONLY,,https://doi.org/10.1080/02188791.2013.787390
faculty_publications,ecology_biodiversity,"Polychaete community structures in the tidal flats around the Geum River and Saemangeum Lake, South Korea",10.1016/j.rsma.2026.104964,,CITATION_METADATA_ONLY,,https://doi.org/10.1016/j.rsma.2026.104964
faculty_publications,ecology_biodiversity,"New records of two Amphora taxa from Ulleungdo and Dokdo, Korea",10.12651/jsr.2026.15.1.001,,CITATION_METADATA_ONLY,,https://doi.org/10.12651/jsr.2026.15.1.001
faculty_publications,ecology_biodiversity,Microphytobenthic biomass and primary production in Korean tidal flats: Trends and variability,10.1016/j.marpolbul.2026.119310,,CITATION_METADATA_ONLY,,https://doi.org/10.1016/j.marpolbul.2026.119310
faculty_publications,ecology_biodiversity,Mesocosm-based assessment of halophyte planting on microbial communities and potential blue carbon in tidal flats,10.1016/j.rsma.2026.104962,,CITATION_METADATA_ONLY,,https://doi.org/10.1016/j.rsma.2026.104962
faculty_publications,ecology_biodiversity,"Effects of litter decomposition on sedimentary organic carbon sequestration in invasive and native halophyte marshes of Ganghwa, Korea",10.1016/j.marpolbul.2025.118727,,CITATION_METADATA_ONLY,,https://doi.org/10.1016/j.marpolbul.2025.118727
faculty_publications,ecology_biodiversity,Environmental factors on microalgal resuspension and dynamics in tidal flats on the west coast of Korea,10.1016/j.marpolbul.2025.119092,,CITATION_METADATA_ONLY,,https://doi.org/10.1016/j.marpolbul.2025.119092
faculty_publications,ecology_biodiversity,Spatial variations of ascidian diets in a glacial retreated fjord of the West Antarctic Peninsula,10.1016/j.marenvres.2024.106891,,CITATION_METADATA_ONLY,,https://doi.org/10.1016/j.marenvres.2024.106891
faculty_publications,ecology_biodiversity,Impacts of consecutive typhoons (Maysak and Haishen in 2020) on the benthic processes of a mega-tidal flat in highly developed area,10.1016/j.marpolbul.2025.118141,,CITATION_METADATA_ONLY,,https://doi.org/10.1016/j.marpolbul.2025.118141
faculty_publications,ecology_biodiversity,"DNA barcoding insights into echinoderms from Situbondo Coral Reefs, East Java, Indonesia",10.13057/biodiv/d260734,,CITATION_METADATA_ONLY,,https://doi.org/10.13057/biodiv/d260734
faculty_publications,ecology_biodiversity,Distribution and historical records of diatom assemblages in surface and sediment cores from the Yellow and Bohai seas,10.1016/j.marpolbul.2025.118419,,CITATION_METADATA_ONLY,,https://doi.org/10.1016/j.marpolbul.2025.118419
faculty_publications,ecology_biodiversity,Developmental stage-dependent toxicity of suspended sediment in marine bivalves: Sensitivity thresholds and SSD-based assessment,10.1016/j.rsma.2025.104409,,CITATION_METADATA_ONLY,,https://doi.org/10.1016/j.rsma.2025.104409
faculty_publications,ecology_biodiversity,Functional traits of macrobenthos substantially indicated habitat change from the invasive saltmarsh to introduced mangrove,10.1016/j.scitotenv.2024.176536,,CITATION_METADATA_ONLY,,https://doi.org/10.1016/j.scitotenv.2024.176536
faculty_publications,ecology_biodiversity,"Macrozoobenthic community responses to sedimentary contaminations by anthropogenic toxic substances in the Geum River Estuary, South Korea",10.1016/j.scitotenv.2020.142938,,CITATION_METADATA_ONLY,,https://doi.org/10.1016/j.scitotenv.2020.142938
faculty_publications,ecology_biodiversity,"Patterns, drivers and implications of ascidian distributions in a rapidly deglaciating fjord, King George Island, West Antarctic Peninsula",10.1016/j.ecolind.2021.107467,,CITATION_METADATA_ONLY,,https://doi.org/10.1016/j.ecolind.2021.107467
faculty_publications,ecology_biodiversity,"Shift in benthic diatom community structure and salinity thresholds in a hypersaline environment of solar saltern, Korea",10.4490/algae.2020.35.12.4,,CITATION_METADATA_ONLY,,https://doi.org/10.4490/algae.2020.35.12.4
faculty_publications,research_workflow,A Study on the maDMP (machine-actionable DMP) Implementation Cases and its Application Method,10.14699/kbiblia.2021.32.4.111,,CITATION_METADATA_ONLY,,https://doi.org/10.14699/kbiblia.2021.32.4.111
faculty_publications,research_workflow,Machine-actionable Data Management Plans Model Analysis and Improvement Direction,10.1633/jistap.2020.8.4.2,,CITATION_METADATA_ONLY,,https://doi.org/10.1633/jistap.2020.8.4.2
faculty_publications,ecology_biodiversity,Responses of macrobenthic communities and ecological quality along land-derived pollution gradients in Gyeonggi Bay,10.1016/j.marpolbul.2025.118757,,CITATION_METADATA_ONLY,,https://doi.org/10.1016/j.marpolbul.2025.118757
faculty_publications,ecology_biodiversity,Disturbance of benthic topography and macrofauna community by sand mining in EEZ of the South Sea of Korea,10.1016/j.rsma.2025.104262,,CITATION_METADATA_ONLY,,https://doi.org/10.1016/j.rsma.2025.104262
faculty_publications,ecology_biodiversity,"DNA-based diversity assessment reveals a new coral barnacle, Cantellius alveoporae sp. nov. (Balanomorpha: Pyrgomatidae) exclusively associated with the high latitude coral Alveopora japonica in the waters of southern Korea",10.7717/peerj.11284,,CITATION_METADATA_ONLY,,https://doi.org/10.7717/peerj.11284
faculty_publications,ecology_biodiversity,"Shift in polar benthic community structure in a fast retreating glacial area of Marian Cove, West Antarctica",10.1038/s41598-020-80636-z,,CITATION_METADATA_ONLY,,https://doi.org/10.1038/s41598-020-80636-z
faculty_publications,climate_pollution,Diversity of ENSO‐Related Surface Temperature Response in Future Projection in CMIP6 Climate Models: Climate Change Scenario Versus ENSO Intensity,10.1029/2021gl096135,,CITATION_METADATA_ONLY,,https://doi.org/10.1029/2021gl096135
faculty_publications,climate_pollution,Impact of biogenic emissions on early summer ozone and fine particulate matter exposure in the Seoul Metropolitan Area of Korea,10.1007/s11869-018-0602-4,,CITATION_METADATA_ONLY,,https://doi.org/10.1007/s11869-018-0602-4
faculty_publications,climate_pollution,Impact of changes in refractive indices of secondary organic aerosols on precipitation over China during 1980–2019,10.1016/j.atmosenv.2023.119644,,CITATION_METADATA_ONLY,,https://doi.org/10.1016/j.atmosenv.2023.119644
faculty_publications,climate_pollution,Validation of GEMS operational v2.0 total column NO2 and HCHO during the GMAP/SIJAQ campaign,10.1016/j.scitotenv.2025.179190,,CITATION_METADATA_ONLY,,https://doi.org/10.1016/j.scitotenv.2025.179190
faculty_publications,climate_pollution,Observed versus simulated OH reactivity during KORUS-AQ campaign: Implications for emission inventory and chemical environment in East Asia,10.1525/elementa.2022.00030,,CITATION_METADATA_ONLY,,https://doi.org/10.1525/elementa.2022.00030
faculty_publications,climate_pollution,Unprecedented East Siberian wildfires intensify Arctic snow darkening through enhanced poleward transport of black carbon,10.1016/j.scitotenv.2025.178423,,CITATION_METADATA_ONLY,,https://doi.org/10.1016/j.scitotenv.2025.178423
faculty_publications,climate_pollution,Understanding Ozone Formation and Carbonyl Contributions in the Seoul Metropolitan Area,10.4209/aaqr.230227,,CITATION_METADATA_ONLY,,https://doi.org/10.4209/aaqr.230227
faculty_publications,climate_pollution,Challenges and Opportunities Offered by Geostationary Space Observations for Air Quality Research and Emission Monitoring,10.1175/bams-d-23-0145.1,,CITATION_METADATA_ONLY,,https://doi.org/10.1175/bams-d-23-0145.1
faculty_publications,climate_pollution,Precipitation-induced abrupt decrease of Siberian wildfire in summer 2022 under continued warming,10.1088/1748-9326/ad5573,,CITATION_METADATA_ONLY,,https://doi.org/10.1088/1748-9326/ad5573
faculty_publications,climate_pollution,Comparative evaluation of surface-level PM2.5 modeling across Northeast Asia: relevance for regulatory and scientific applications,10.1016/j.envpol.2025.126428,,CITATION_METADATA_ONLY,,https://doi.org/10.1016/j.envpol.2025.126428
faculty_publications,climate_pollution,Factors determining the seasonal variation of ozone air quality in South Korea: Regional background versus domestic emission contributions,10.1016/j.envpol.2022.119645,,CITATION_METADATA_ONLY,,https://doi.org/10.1016/j.envpol.2022.119645
faculty_publications,climate_pollution,Impacts of local vs. trans-boundary emissions from different sectors on PM2.5 exposure in South Korea during the KORUS-AQ campaign,10.1016/j.atmosenv.2019.02.008,,CITATION_METADATA_ONLY,,https://doi.org/10.1016/j.atmosenv.2019.02.008
faculty_publications,climate_pollution,Impact of Meteorological Changes on Particulate Matter and Aerosol Optical Depth in Seoul during the Months of June over Recent Decades,10.3390/atmos11121282,,CITATION_METADATA_ONLY,,https://doi.org/10.3390/atmos11121282
faculty_publications,climate_pollution,"Meteorology influencing springtime air quality, pollution transport, and visibility in Korea",10.1525/elementa.395,,CITATION_METADATA_ONLY,,https://doi.org/10.1525/elementa.395
faculty_publications,climate_pollution,Efficacy of dust aerosol forecasts for East Asia using the adjoint of GEOS-Chem with ground-based observations,10.1016/j.envpol.2017.12.025,,CITATION_METADATA_ONLY,,https://doi.org/10.1016/j.envpol.2017.12.025
faculty_publications,climate_pollution,Dissimilar effects of two El Niño types on PM2.5 concentrations in East Asia,10.1016/j.envpol.2018.08.031,,CITATION_METADATA_ONLY,,https://doi.org/10.1016/j.envpol.2018.08.031
faculty_publications,research_workflow,Research software citation in the Data Citation Index: Current practices and implications for research software sharing and reuse,10.1016/j.joi.2019.03.005,,CITATION_METADATA_ONLY,,https://doi.org/10.1016/j.joi.2019.03.005
faculty_publications,provenance,Informal data citation for data sharing and reuse is more common than formal data citation in biomedical fields,10.1002/asi.24049,,CITATION_METADATA_ONLY,,https://doi.org/10.1002/asi.24049
faculty_publications,provenance,An examination of metadata practices for research data reuse: Characteristics and predictive probability of metadata elements,10.22452/mjlis.vol24no3.4,,CITATION_METADATA_ONLY,,https://doi.org/10.22452/mjlis.vol24no3.4
faculty_publications,research_workflow,The interdisciplinarity of research data: How widely is shared research data reused in the STEM fields?,10.1016/j.acalib.2022.102535,,CITATION_METADATA_ONLY,,https://doi.org/10.1016/j.acalib.2022.102535
faculty_publications,provenance,"The types of research data receiving scholarly credit within and across the science, engineering, and mathematics fields",10.22452/mjlis.vol28no1.1,,CITATION_METADATA_ONLY,,https://doi.org/10.22452/mjlis.vol28no1.1
faculty_publications,education_learning,Friendship and Female Education: Evidence from a Field Experiment in Bangladeshi Primary Schools,10.1093/ej/uez064,,CITATION_METADATA_ONLY,,https://doi.org/10.1093/ej/uez064
faculty_publications,education_learning,The Effectiveness of Single‐Sex Schools through Out‐of‐School Activities: Evidence from South Korea,10.1111/obes.12266,,CITATION_METADATA_ONLY,,https://doi.org/10.1111/obes.12266
faculty_publications,education_learning,Can testing improve student learning? An evaluation of the mathematics diagnostic testing project,10.1016/j.jue.2017.04.003,,CITATION_METADATA_ONLY,,https://doi.org/10.1016/j.jue.2017.04.003
faculty_publications,psychology_behavior,Decomposing the neurocomputational mechanisms of deontological moral preferences,10.1093/pnasnexus/pgag074,,CITATION_METADATA_ONLY,,https://doi.org/10.1093/pnasnexus/pgag074
faculty_publications,psychology_behavior,Longitudinal brain connectivity changes associated with successful smoking cessation,10.3389/fpsyg.2025.1734803,,CITATION_METADATA_ONLY,,https://doi.org/10.3389/fpsyg.2025.1734803
faculty_publications,psychology_behavior,Acute Stress Enhances Memory and Preference for Smoking-Related Associations in Smokers,10.1093/ntr/ntad152,,CITATION_METADATA_ONLY,,https://doi.org/10.1093/ntr/ntad152
faculty_publications,psychology_behavior,Neural correlates of model-based behavior in internet gaming disorder and alcohol use disorder,10.1556/2006.2024.00006,,CITATION_METADATA_ONLY,,https://doi.org/10.1556/2006.2024.00006
faculty_publications,psychology_behavior,Anxiety Modulates Preference for Immediate Rewards Among Trait-Impulsive Individuals: A Hierarchical Bayesian Analysis,10.1177/2167702620929636,,CITATION_METADATA_ONLY,,https://doi.org/10.1177/2167702620929636
faculty_publications,psychology_behavior,Machine-learning identifies substance-specific behavioral markers for opiate and stimulant dependence,10.1016/j.drugalcdep.2016.02.008,,CITATION_METADATA_ONLY,,https://doi.org/10.1016/j.drugalcdep.2016.02.008
faculty_publications,psychology_behavior,Utility of Machine-Learning Approaches to Identify Behavioral Markers for Substance Use Disorders: Impulsivity Dimensions as Predictors of Current Cocaine Dependence,10.3389/fpsyt.2016.00034,,CITATION_METADATA_ONLY,,https://doi.org/10.3389/fpsyt.2016.00034
faculty_publications,economics_policy,Industry Variations in Health Plans and Dynamic Employment Substitution,10.1007/s12122-021-09325-8,,CITATION_METADATA_ONLY,,https://doi.org/10.1007/s12122-021-09325-8
faculty_publications,economics_policy,The effect of Medicaid physician fees on take-up of public health insurance among children in poverty,10.1016/j.jhealeco.2013.01.003,,CITATION_METADATA_ONLY,,https://doi.org/10.1016/j.jhealeco.2013.01.003
faculty_publications,economics_policy,Household Inequality and Risk Sharing in Australia,10.1080/1226508x.2020.1862692,,CITATION_METADATA_ONLY,,https://doi.org/10.1080/1226508x.2020.1862692
faculty_publications,economics_policy,Parenting Styles and Long-term Impact on Human Capital Accumulation and Subjective Well-being: Evidence from South Korea,10.60092/kwea.2025.01.21.4.2,,CITATION_METADATA_ONLY,,https://doi.org/10.60092/kwea.2025.01.21.4.2
faculty_publications,economics_policy,Impact of Uncertainty Shocks on Income and Wealth Inequality,10.1111/jmcb.13228,,CITATION_METADATA_ONLY,,https://doi.org/10.1111/jmcb.13228
faculty_publications,economics_policy,Household indebtedness and the macroeconomic effects of tax changes,10.1016/j.jebo.2023.02.022,,CITATION_METADATA_ONLY,,https://doi.org/10.1016/j.jebo.2023.02.022
faculty_publications,economics_policy,Is domestic uncertainty a local pull factor driving foreign capital inflows? New cross-country evidence,10.1016/j.jimonfin.2022.102764,,CITATION_METADATA_ONLY,,https://doi.org/10.1016/j.jimonfin.2022.102764
faculty_publications,economics_policy,Are government spending shocks inflationary at the zero lower bound? New evidence from daily data,10.1016/j.jedc.2022.104423,,CITATION_METADATA_ONLY,,https://doi.org/10.1016/j.jedc.2022.104423
faculty_publications,economics_policy,International bank lending channel of monetary policy,10.1016/j.jimonfin.2019.102124,,CITATION_METADATA_ONLY,,https://doi.org/10.1016/j.jimonfin.2019.102124
faculty_publications,economics_policy,Revisiting the monetary transmission mechanism through an industry-level differential approach,10.1016/j.jmoneco.2024.103556,,CITATION_METADATA_ONLY,,https://doi.org/10.1016/j.jmoneco.2024.103556
faculty_publications,economics_policy,"Uncertainty, Financial Markets, and Monetary Policy over the Last Century",10.1515/bejm-2020-0013,,CITATION_METADATA_ONLY,,https://doi.org/10.1515/bejm-2020-0013
faculty_publications,economics_policy,Oil prices and inflation dynamics: Evidence from advanced and developing economies,10.1016/j.jimonfin.2017.12.004,,CITATION_METADATA_ONLY,,https://doi.org/10.1016/j.jimonfin.2017.12.004
faculty_publications,economics_policy,Heterogeneous gains from countercyclical fiscal policy: new evidence from international industry-level data,10.1093/oep/gpab033,,CITATION_METADATA_ONLY,,https://doi.org/10.1093/oep/gpab033
faculty_publications,economics_policy,Inflation anchoring and growth: The role of credit constraints,10.1016/j.jedc.2021.104279,,CITATION_METADATA_ONLY,,https://doi.org/10.1016/j.jedc.2021.104279
faculty_publications,claim_evidence,FaVIQ: FAct Verification from Information-seeking Questions,10.18653/v1/2022.acl-long.354,,CITATION_METADATA_ONLY,,https://doi.org/10.18653/v1/2022.acl-long.354
faculty_publications,research_workflow,A Study on the Development of the Template for creating the Data Management Plans,10.4275/kslis.2021.55.3.373,,CITATION_METADATA_ONLY,,https://doi.org/10.4275/kslis.2021.55.3.373
faculty_publications,claim_evidence,Spatial Dependency Parsing for Semi-Structured Document Information Extraction,10.18653/v1/2021.findings-acl.28,,CITATION_METADATA_ONLY,,https://doi.org/10.18653/v1/2021.findings-acl.28
faculty_publications,claim_evidence,Sequence tagging for biomedical extractive question answering,10.1093/bioinformatics/btac397,,CITATION_METADATA_ONLY,,https://doi.org/10.1093/bioinformatics/btac397
faculty_publications,ai_evaluation,Can Language Models be Biomedical Knowledge Bases?,10.18653/v1/2021.emnlp-main.388,,CITATION_METADATA_ONLY,,https://doi.org/10.18653/v1/2021.emnlp-main.388
faculty_publications,ai_evaluation,NeedleChain: Measuring Intact Context Comprehension Capability of Large Language Models,10.18653/v1/2026.findings-acl.1637,,CITATION_METADATA_ONLY,,https://doi.org/10.18653/v1/2026.findings-acl.1637
faculty_publications,education_learning,Does greater school autonomy make a difference? Evidence from a randomized natural experiment in South Korea,10.1016/j.jpubeco.2018.03.004,,CITATION_METADATA_ONLY,,https://doi.org/10.1016/j.jpubeco.2018.03.004
faculty_publications,economics_policy,Does Long‐Term Care Subsidy Decrease Healthcare Utilization and Expenditures? Evidence From the Long‐Term Care Insurance in Korea,10.1002/pam.70107,,CITATION_METADATA_ONLY,,https://doi.org/10.1002/pam.70107
faculty_publications,claim_evidence,Explore the Way: Exploring Reasoning Path by Bridging Entities for Effective Cross-Document Relation Extraction,10.18653/v1/2023.findings-emnlp.450,,CITATION_METADATA_ONLY,,https://doi.org/10.18653/v1/2023.findings-emnlp.450
faculty_publications,research_workflow,국내 학회의 연구데이터 공유를 위한 DAS 템플릿 제안에 관한 연구 - 해외 출판사 데이터 공유 정책을 중심으로 -,10.14699/kbiblia.2023.34.1.239,,CITATION_METADATA_ONLY,,https://doi.org/10.14699/kbiblia.2023.34.1.239
faculty_publications,research_workflow,"학문분야별 연구자들의 연구데이터 관리 현황에 관한 연구: 문헌정보학, 통계학, 생태학 및 한국음악학을 중심으로",10.14699/kbiblia.2022.33.4.229,,CITATION_METADATA_ONLY,,https://doi.org/10.14699/kbiblia.2022.33.4.229
faculty_publications,claim_evidence,From Ambiguity to Accuracy: The Transformative Effect of Coreference Resolution on Retrieval-Augmented Generation systems,10.18653/v1/2025.acl-srw.27,,CITATION_METADATA_ONLY,,https://doi.org/10.18653/v1/2025.acl-srw.27
faculty_publications,claim_evidence,ClaimDiff: Comparing and Contrasting Claims on Contentious Issues,10.18653/v1/2023.findings-acl.289,,CITATION_METADATA_ONLY,,https://doi.org/10.18653/v1/2023.findings-acl.289
faculty_publications,provenance,Metadata Design for Ecological Research Data: Focused on DCAT,10.16981/kliss.51.4.202012.249,,CITATION_METADATA_ONLY,,https://doi.org/10.16981/kliss.51.4.202012.249
faculty_publications,provenance,Registry Metadata Quality Assessment by the Example of re3data.org Schema,10.5865/ijkct.2017.7.2.041,,CITATION_METADATA_ONLY,,https://doi.org/10.5865/ijkct.2017.7.2.041
faculty_publications,research_workflow,A Study on the Research Data Management Methods for the Condensed Matter Physics,10.3743/kosim.2020.37.3.077,,CITATION_METADATA_ONLY,,https://doi.org/10.3743/kosim.2020.37.3.077
faculty_publications,claim_evidence,GREG: A Global Level Relation Extraction with Knowledge Graph Embedding,10.3390/app10031181,,CITATION_METADATA_ONLY,,https://doi.org/10.3390/app10031181
faculty_publications,provenance,데이터 리포지터리 인증 체계 분석 및 인증 전략에 관한 연구 - Coretrustseal을 중심으로 -,10.4275/kslis.2022.56.2.209,,CITATION_METADATA_ONLY,,https://doi.org/10.4275/kslis.2022.56.2.209
faculty_publications,research_workflow,Data Life Cycle Proposal for Research Data Management,10.4275/kslis.2019.53.4.309,,CITATION_METADATA_ONLY,,https://doi.org/10.4275/kslis.2019.53.4.309
faculty_publications,research_workflow,연구 데이터 관리 및 서비스를 위한 핵심요소의 기능적 요건,10.4275/kslis.2019.53.3.317,,CITATION_METADATA_ONLY,,https://doi.org/10.4275/kslis.2019.53.3.317
faculty_publications,provenance,한의학 연구 데이터 관리 및 공유를 위한 메타데이터 요소 설계,10.4275/kslis.2019.53.2.223,,CITATION_METADATA_ONLY,,https://doi.org/10.4275/kslis.2019.53.2.223
faculty_publications,research_workflow,DAF(Data Asset Framework)를 활용한 임산공학 분야 연구자들의 연구데이터 관리 개선 방안 – 국립산림과학원을 중심으로 -,10.16981/kliss.51.2.202006.103,,CITATION_METADATA_ONLY,,https://doi.org/10.16981/kliss.51.2.202006.103
faculty_publications,provenance,연구데이터 관리 및 검색을 위한 스키마 클래스 상속 모델,10.3743/kosim.2014.31.2.041,,CITATION_METADATA_ONLY,,https://doi.org/10.3743/kosim.2014.31.2.041
faculty_publications,research_workflow,"생명과학분야 학술논문의 전문에 나타난 연구데이터의 공유, 재이용, 인용 분석",10.4275/kslis.2024.58.4.335,,CITATION_METADATA_ONLY,,https://doi.org/10.4275/kslis.2024.58.4.335
faculty_publications,research_workflow,"The Implications of Current Practices Relating to the Sharing, Reuse, and Citation of Research Software for the Future of Research",10.3743/kosim.2021.38.4.065,,CITATION_METADATA_ONLY,,https://doi.org/10.3743/kosim.2021.38.4.065
faculty_publications,provenance,Users’ Understanding of the Metadata Elements in Linked Data,10.1080/01639374.2025.2534990,,CITATION_METADATA_ONLY,,https://doi.org/10.1080/01639374.2025.2534990
faculty_publications,research_workflow,Open peer review: promoting transparency in open science,10.1007/s11192-020-03488-4,,CITATION_METADATA_ONLY,,https://doi.org/10.1007/s11192-020-03488-4
faculty_publications,research_workflow,데이터 리터러시 역량 강화 방안에 관한 연구 - 연구데이터 관리 교육을 중심으로 -,10.4275/kslis.2023.57.1.115,,CITATION_METADATA_ONLY,,https://doi.org/10.4275/kslis.2023.57.1.115
faculty_publications,research_workflow,과학데이터 보존 및 활용모델에 관한 연구,10.14699/kbiblia.2010.21.4.081,,CITATION_METADATA_ONLY,,https://doi.org/10.14699/kbiblia.2010.21.4.081
faculty_publications,research_workflow,Development of Evaluation Perspective and Criteria for the DataON Platform,10.1633/jistap.2020.8.2.6,,CITATION_METADATA_ONLY,,https://doi.org/10.1633/jistap.2020.8.2.6
faculty_publications,provenance,연구데이터와 관련된 OpenURL의 학술서비스 유형 메타태그의 확장에 대한 연구,10.1633/jim.2011.42.4.039,,CITATION_METADATA_ONLY,,https://doi.org/10.1633/jim.2011.42.4.039
faculty_publications,research_workflow,An examination of research data sharing and re-use: implications for data citation practice,10.1007/s11192-017-2240-2,,CITATION_METADATA_ONLY,,https://doi.org/10.1007/s11192-017-2240-2
