group,field,title,doi,pmcid,year,date,article_type,reference_role,license,source_url,relative_fulltext_path,fulltext_sha256,raw_data_download_status,reproduction_status
candidate50,candidate50,Chromosome-level assembly of the club-legged grasshopper (Gomphocerus sibiricus) genome.,10.1093/g3journal/jkaf231,PMC12693501,2025,,research-article,공개자료 연결 후보,CC BY,https://www.ebi.ac.uk/europepmc/webservices/rest/PMC12693501/fullTextXML,public_papers/fulltext_xml/PMC12693501.xml,75a16d2ad36a4567d0ab55769cdaf50195403d3fc0a12696684f2fa74897b474,NOT_TESTED,NOT_TESTED
candidate50,candidate50,Genetic architecture and mechanisms of host-microbiome interactions from a multi-cohort analysis of outbred laboratory rats.,10.1038/s41467-025-66105-z,PMC12715198,2025,,research-article,공개자료 연결 후보,CC BY,https://www.ebi.ac.uk/europepmc/webservices/rest/PMC12715198/fullTextXML,public_papers/fulltext_xml/PMC12715198.xml,9a3714e0a894ec019af1598c8a1be7befb1f943d19ad3104f9f428a54d09eff2,NOT_TESTED,NOT_TESTED
candidate50,candidate50,De novo genome assembly of the endemic Italian springtail Orchesella dallaii (Collembola: Orchesellidae).,10.1093/g3journal/jkaf240,PMC12693562,2025,,research-article,공개자료 연결 후보,CC BY,https://www.ebi.ac.uk/europepmc/webservices/rest/PMC12693562/fullTextXML,public_papers/fulltext_xml/PMC12693562.xml,bf41a17beaa83aa4b7a4848b7a952b2d9ac8dc54f9aab55f452e6aff3a4988fc,NOT_TESTED,NOT_TESTED
candidate50,candidate50,"Network-based proactive contact tracing: A pre-emptive, degree-based alerting framework for privacy-preserving COVID-19 apps.",10.1371/journal.pdig.0000966,PMC12629462,2025,,research-article,공개자료 연결 후보,CC BY,https://www.ebi.ac.uk/europepmc/webservices/rest/PMC12629462/fullTextXML,public_papers/fulltext_xml/PMC12629462.xml,000588eaada16c3e06c707f8ec32c1066087a354f2633d073d3911d64c63916a,NOT_TESTED,NOT_TESTED
candidate50,candidate50,Less is more: improving cell-type identification with augmentation-free single-cell RNA-Seq contrastive learning.,10.1093/bioinformatics/btaf437,PMC12417077,2025,,research-article,공개자료 연결 후보,CC BY,https://www.ebi.ac.uk/europepmc/webservices/rest/PMC12417077/fullTextXML,public_papers/fulltext_xml/PMC12417077.xml,9dd24963e3435e7c66d8bc18f3e4792a3f1a11e8e3bb18e01f058e8d015a2617,NOT_TESTED,NOT_TESTED
candidate50,candidate50,Climate Change Favors African Malaria Vector Mosquitoes.,10.1111/gcb.70610,PMC12648371,2025,,research-article,공개자료 연결 후보,CC BY,https://www.ebi.ac.uk/europepmc/webservices/rest/PMC12648371/fullTextXML,public_papers/fulltext_xml/PMC12648371.xml,2bbfced87466c4f929cd8817fd8ca1b3c7ded92dce5ba8ef8ca6b984a7cd707f,NOT_TESTED,NOT_TESTED
candidate50,candidate50,G-protein-coupled receptor diversity and evolution in the closest living relatives of metazoa.,10.7554/elife.107467,PMC12716839,2025,,research-article,공개자료 연결 후보,CC BY,https://www.ebi.ac.uk/europepmc/webservices/rest/PMC12716839/fullTextXML,public_papers/fulltext_xml/PMC12716839.xml,b6c4098d9a9fb6760c63d614ba662f6321b4feba0e0623dd4deb865fa318d977,NOT_TESTED,NOT_TESTED
candidate50,candidate50,"Different patterns, but no temporal decline in temperate forest soil meso- and macrofauna over the last decade.",10.1002/ecy.70246,PMC12611797,2025,,research-article,공개자료 연결 후보,CC BY,https://www.ebi.ac.uk/europepmc/webservices/rest/PMC12611797/fullTextXML,public_papers/fulltext_xml/PMC12611797.xml,07f1f0ed119e30ac59a9ea87c505d43323e6d2bfc1a88bfbf76b662b1455bc17,NOT_TESTED,NOT_TESTED
candidate50,candidate50,Whole Body Motor Adaptation in Goldfish Using Fish Operated Vehicle.,10.1111/ejn.70241,PMC12404787,2025,,research-article,공개자료 연결 후보,CC BY,https://www.ebi.ac.uk/europepmc/webservices/rest/PMC12404787/fullTextXML,public_papers/fulltext_xml/PMC12404787.xml,f8fc258eda7cce5c85398adbe01f4d035370a7c65591735ab4917dafe73cb9b3,NOT_TESTED,NOT_TESTED
candidate50,candidate50,Advances in deep reinforcement learning enable better predictions of human behavior in time-continuous tasks.,10.1371/journal.pone.0338034,PMC12677501,2025,,research-article,공개자료 연결 후보,CC BY,https://www.ebi.ac.uk/europepmc/webservices/rest/PMC12677501/fullTextXML,public_papers/fulltext_xml/PMC12677501.xml,5eec54bb7df1534c400138b66b67f6e4781956cc2988ca3bf8f5555cba3d6e9a,NOT_TESTED,NOT_TESTED
candidate50,candidate50,Genome assembly of Bougainvillia cf. muscus (Cnidaria: Hydrozoa).,10.1093/g3journal/jkaf110,PMC12239608,2025,,research-article,공개자료 연결 후보,CC BY,https://www.ebi.ac.uk/europepmc/webservices/rest/PMC12239608/fullTextXML,public_papers/fulltext_xml/PMC12239608.xml,35951aaf09bfaeea322f37556aee86d9c010abcf7a042d6dfffa4bb1945c3e37,NOT_TESTED,NOT_TESTED
candidate50,candidate50,COVID-19-related research data availability and quality according to the FAIR principles: A meta-research study.,10.1371/journal.pone.0313991,PMC11573139,2024,,research-article,공개자료 연결 후보,CC BY,https://www.ebi.ac.uk/europepmc/webservices/rest/PMC11573139/fullTextXML,public_papers/fulltext_xml/PMC11573139.xml,a7f61fe7eac500ced768cf0207197a07edb2214f8a1fb09ff5b76a5572d0f8f4,NOT_TESTED,NOT_TESTED
candidate50,candidate50,Contrasting pathways to tree longevity in gymnosperms and angiosperms.,10.1038/s41467-025-67619-2,PMC12830884,2025,,research-article,공개자료 연결 후보,CC BY,https://www.ebi.ac.uk/europepmc/webservices/rest/PMC12830884/fullTextXML,public_papers/fulltext_xml/PMC12830884.xml,857f656f5274f81babf6bc5d1234cec294862502fb89bca230c292b6e335082b,NOT_TESTED,NOT_TESTED
candidate50,candidate50,Large-scale plant genomic identification and analysis uncover &lt;i&gt;ASMT/COMT&lt;/i&gt; copy number variation driving melatonin dosage balance.,10.1093/hr/uhaf348,PMC13002329,2026,,research-article,공개자료 연결 후보,CC BY,https://www.ebi.ac.uk/europepmc/webservices/rest/PMC13002329/fullTextXML,public_papers/fulltext_xml/PMC13002329.xml,175359b495096d5a7754be1781052c696f601509ad97df3cd22ebe74133193c0,NOT_TESTED,NOT_TESTED
candidate50,candidate50,Evaluating the feasibility of automating dataset retrieval for biodiversity monitoring.,10.7717/peerj.18853,PMC11786708,2025,,research-article,공개자료 연결 후보,CC BY,https://www.ebi.ac.uk/europepmc/webservices/rest/PMC11786708/fullTextXML,public_papers/fulltext_xml/PMC11786708.xml,c15410fe581c94db57991c6a9f91c88697078ae0a34800a7c1ba924883ff84dd,NOT_TESTED,NOT_TESTED
candidate50,candidate50,N2 sleep promotes the occurrence of 'aha' moments in a perceptual insight task.,10.1371/journal.pbio.3003185,PMC12200826,2025,,research-article,공개자료 연결 후보,CC BY,https://www.ebi.ac.uk/europepmc/webservices/rest/PMC12200826/fullTextXML,public_papers/fulltext_xml/PMC12200826.xml,9c1d6182f174655c9162019bef31fbaa49476004732857f3b0d85747271e2308,NOT_TESTED,NOT_TESTED
candidate50,candidate50,Removing facial features from structural MRI images biases visual quality assessment.,10.1371/journal.pbio.3003149,PMC12143891,2025,,research-article,공개자료 연결 후보,CC BY,https://www.ebi.ac.uk/europepmc/webservices/rest/PMC12143891/fullTextXML,public_papers/fulltext_xml/PMC12143891.xml,9996dc4f021245116ffac3be0b019469ec9fc7b54ae019ea0c11bbd2814311b8,NOT_TESTED,NOT_TESTED
candidate50,candidate50,A colorful legacy of hybridization in wood-warblers includes frequent sharing of carotenoid genes among species and genera.,10.1371/journal.pbio.3003501,PMC12698001,2025,,research-article,공개자료 연결 후보,CC BY,https://www.ebi.ac.uk/europepmc/webservices/rest/PMC12698001/fullTextXML,public_papers/fulltext_xml/PMC12698001.xml,f48cc0b78d820da13ff70283be78ebbe948b53a504ead391fbc6540a6e1176fd,NOT_TESTED,NOT_TESTED
candidate50,candidate50,Workplace Gaslighting: Implications for Employees' Mental Health and Work Life in Greece.,10.3390/healthcare13243255,PMC12733234,2025,,research-article,공개자료 연결 후보,CC BY,https://www.ebi.ac.uk/europepmc/webservices/rest/PMC12733234/fullTextXML,public_papers/fulltext_xml/PMC12733234.xml,7f6e2680e5279e085f2112baaea5b67ed2cd8b72dc15c7e268eead1d66f4be85,NOT_TESTED,NOT_TESTED
candidate50,candidate50,Data accessibility in the chemical sciences: an analysis of recent practice in organic chemistry journals.,10.3762/bjoc.21.70,PMC12051459,2025,,research-article,공개자료 연결 후보,CC BY,https://www.ebi.ac.uk/europepmc/webservices/rest/PMC12051459/fullTextXML,public_papers/fulltext_xml/PMC12051459.xml,1968c48dbf86bbdbd990bea8713eabc4be1499288ea060ce0a3ccc177bec99ab,NOT_TESTED,NOT_TESTED
candidate50,candidate50,Phenology-informed decline risk of estuarine fishes and their prey suggests potential for future trophic mismatches.,10.1002/eap.70130,PMC12602011,2025,,research-article,공개자료 연결 후보,CC BY,https://www.ebi.ac.uk/europepmc/webservices/rest/PMC12602011/fullTextXML,public_papers/fulltext_xml/PMC12602011.xml,9b6bb944ce05ad1febaad52a5b84e7b5a196b00312e707b08b0376fca2b5c90d,NOT_TESTED,NOT_TESTED
candidate50,candidate50,"Rethinking large-scale phylogenomics with EukPhylo v.1.0, a flexible toolkit to enable phylogeny-informed data curation and analyses of diverse eukaryotic lineages.",10.1128/mbio.01770-25,PMC12506077,2025,,research-article,공개자료 연결 후보,CC BY,https://www.ebi.ac.uk/europepmc/webservices/rest/PMC12506077/fullTextXML,public_papers/fulltext_xml/PMC12506077.xml,3559cb6074002a21e656620d754c1b66671c58a6229e7d7a9b4229cc3c20ceb3,NOT_TESTED,NOT_TESTED
candidate50,candidate50,Life history induces markedly divergent insect responses to habitat loss.,10.1111/1365-2656.70117,PMC12775549,2026,,research-article,공개자료 연결 후보,CC BY,https://www.ebi.ac.uk/europepmc/webservices/rest/PMC12775549/fullTextXML,public_papers/fulltext_xml/PMC12775549.xml,74c73e282e12db20d88e1e0a437f70efe2d7da5440bb31e4b6150fa9f8c1d4ff,NOT_TESTED,NOT_TESTED
candidate50,candidate50,CHCHD2 mutant mice link mitochondrial deficits to PD pathophysiology.,10.1126/sciadv.adu0726,PMC12617525,2025,,research-article,공개자료 연결 후보,CC BY,https://www.ebi.ac.uk/europepmc/webservices/rest/PMC12617525/fullTextXML,public_papers/fulltext_xml/PMC12617525.xml,5d34c0d2268cf76a083959dc3d699dbc7440e5c0de7773b0c763b0320101c179,NOT_TESTED,NOT_TESTED
candidate50,candidate50,"Standardized effect sizes are far from ""Standardized"": A primer and empirical illustration in depression psychotherapy meta-analyses.",10.1371/journal.pmen.0000347,PMC12798590,2025,,research-article,공개자료 연결 후보,CC BY,https://www.ebi.ac.uk/europepmc/webservices/rest/PMC12798590/fullTextXML,public_papers/fulltext_xml/PMC12798590.xml,36bd81bf0e31e0cbd94f5bb579711b0f8cf90931df8a3a57ffde87cb0c45c00b,NOT_TESTED,NOT_TESTED
candidate50,candidate50,A Prelude to Conservation Genomics: First Chromosome-Level Genome Assembly of a Flying Squirrel (Pteromyini: &lt;i&gt;Pteromys volans&lt;/i&gt;).,10.1002/ece3.71905,PMC12400938,2025,,research-article,공개자료 연결 후보,CC BY,https://www.ebi.ac.uk/europepmc/webservices/rest/PMC12400938/fullTextXML,public_papers/fulltext_xml/PMC12400938.xml,73a8d74beae8abf4943a39e4da3fd5b2f16ea9258ead607f57bedbbaa9813df6,NOT_TESTED,NOT_TESTED
candidate50,candidate50,A preliminary assessment of population genetic structure of the common vampire bat (&lt;i&gt;Desmodus rotundus&lt;/i&gt;) in Colombia.,10.7717/peerj.20306,PMC12614099,2025,,research-article,공개자료 연결 후보,CC BY,https://www.ebi.ac.uk/europepmc/webservices/rest/PMC12614099/fullTextXML,public_papers/fulltext_xml/PMC12614099.xml,018edda52ff6d39cfb76ca2fd4d7a37ca259ab509f81eea4978776be6088de35,NOT_TESTED,NOT_TESTED
candidate50,candidate50,M-polynomial driven machine learning models for predicting physicochemical properties of antibiotics.,10.1371/journal.pone.0338093,PMC12724536,2025,,research-article,공개자료 연결 후보,CC BY,https://www.ebi.ac.uk/europepmc/webservices/rest/PMC12724536/fullTextXML,public_papers/fulltext_xml/PMC12724536.xml,49ceeb96eb3f843ae620bcf73c206b670b93fe551e1b0a96f75ce1d03485fa0e,NOT_TESTED,NOT_TESTED
candidate50,candidate50,Climate-Induced Changes in Habitat Suitability for a Cold-Water Endemic Species in the Lancang River Basin: A Case Study of &lt;i&gt;Schizothorax lantsangensis&lt;/i&gt;.,10.1002/ece3.72753,PMC12719919,2025,,research-article,공개자료 연결 후보,CC BY,https://www.ebi.ac.uk/europepmc/webservices/rest/PMC12719919/fullTextXML,public_papers/fulltext_xml/PMC12719919.xml,48d69373b407fa2f8a8be89f55fa0da59d25093bcc1c7dbcec4b4b2e9bb3e0c6,NOT_TESTED,NOT_TESTED
candidate50,candidate50,"A gapless genome of early-diverging Asteraceae species, &lt;i&gt;Gerbera&lt;/i&gt;, provides insights for ray floret differentiation in the capitula.",10.1093/hr/uhaf357,PMC13101651,2026,,research-article,공개자료 연결 후보,CC BY,https://www.ebi.ac.uk/europepmc/webservices/rest/PMC13101651/fullTextXML,public_papers/fulltext_xml/PMC13101651.xml,e8fcb3e749d01e41999db1f698f1b0ac4eee8554c5f88b91c506c43f56c90b35,NOT_TESTED,NOT_TESTED
candidate50,candidate50,StrataSeq: A Workflow for Rapid Development of Molecular Databases for Hard-To-Identify Species.,10.1002/ece3.72375,PMC12547479,2025,,research-article,공개자료 연결 후보,CC BY,https://www.ebi.ac.uk/europepmc/webservices/rest/PMC12547479/fullTextXML,public_papers/fulltext_xml/PMC12547479.xml,9f9ab58a83a9edd987313c4db8e55349403682c0e2a32d2a8c75d07f67051a98,NOT_TESTED,NOT_TESTED
candidate50,candidate50,Cortical astrocyte histamine-1-receptors regulate intracellular calcium and extracellular adenosine dynamics across sleep and wake.,10.1371/journal.pbio.3003376,PMC12490766,2025,,research-article,공개자료 연결 후보,CC BY,https://www.ebi.ac.uk/europepmc/webservices/rest/PMC12490766/fullTextXML,public_papers/fulltext_xml/PMC12490766.xml,f4a8c973fdc422d15ff14d570b5d8583f55c029093a44486f2f5dfeb6af57c51,NOT_TESTED,NOT_TESTED
candidate50,candidate50,Navigation strategies in Caenorhabditis elegans are differentially altered by learning.,10.1371/journal.pbio.3003005,PMC12135928,2025,,research-article,공개자료 연결 후보,CC BY,https://www.ebi.ac.uk/europepmc/webservices/rest/PMC12135928/fullTextXML,public_papers/fulltext_xml/PMC12135928.xml,ad7112a4d85b2400383660a7c1ce407eafae9bfd22faff58396c1daaf60cfaeb,NOT_TESTED,NOT_TESTED
candidate50,candidate50,Genomic and phenotypic insights into the expanding phylogenetic landscape of the Cryptococcus genus.,10.1371/journal.pgen.1011945,PMC12633873,2025,,research-article,공개자료 연결 후보,CC BY,https://www.ebi.ac.uk/europepmc/webservices/rest/PMC12633873/fullTextXML,public_papers/fulltext_xml/PMC12633873.xml,6e0f652d26808db9f89e8b09f90df4cdffadaae79dd3035be6159074d4456b98,NOT_TESTED,NOT_TESTED
candidate50,candidate50,Evidence-based public health messaging on the non-visual effects of ocular light exposure: a modified Delphi expert consensus.,10.1136/bmjph-2025-003205,PMC12519682,2025,,research-article,공개자료 연결 후보,CC BY,https://www.ebi.ac.uk/europepmc/webservices/rest/PMC12519682/fullTextXML,public_papers/fulltext_xml/PMC12519682.xml,46336688f99114ddd8d56e47ba5ea3404202ef6586f9f2fffd0c34aceaf8b26d,NOT_TESTED,NOT_TESTED
candidate50,candidate50,Expediting hit-to-lead progression in drug discovery through reaction prediction and multi-dimensional optimization.,10.1038/s41467-025-66324-4,PMC12749626,2025,,research-article,공개자료 연결 후보,CC BY,https://www.ebi.ac.uk/europepmc/webservices/rest/PMC12749626/fullTextXML,public_papers/fulltext_xml/PMC12749626.xml,4341e48a4fe567e1e948d3125cc7aed81835c7f76835fc9782df65b0b8585faa,NOT_TESTED,NOT_TESTED
candidate50,candidate50,Phylogenomics provides comprehensive insights into the evolutionary relationships among cultivated buckwheat species.,10.1186/s13059-025-03793-2,PMC12487180,2025,,research-article,공개자료 연결 후보,CC BY,https://www.ebi.ac.uk/europepmc/webservices/rest/PMC12487180/fullTextXML,public_papers/fulltext_xml/PMC12487180.xml,05c3315f7af205a9a49b17233ef1d692be383c688fcfc5a54cdf9c192a4eda96,NOT_TESTED,NOT_TESTED
candidate50,candidate50,Measuring competition coefficients in an ant community: Implications for intraspecific adaptation load.,10.1002/ecy.70274,PMC12683613,2025,,research-article,공개자료 연결 후보,CC BY,https://www.ebi.ac.uk/europepmc/webservices/rest/PMC12683613/fullTextXML,public_papers/fulltext_xml/PMC12683613.xml,d764961082179ef5610e876b75a91f72ddd341e01c102090fb6137453080e157,NOT_TESTED,NOT_TESTED
candidate50,candidate50,&lt;i&gt;ybx1&lt;/i&gt; acts upstream of &lt;i&gt;atoh1a&lt;/i&gt; to promote the rapid regeneration of hair cells in zebrafish lateral-line neuromasts.,10.7717/peerj.19949,PMC12447950,2025,,research-article,공개자료 연결 후보,CC BY,https://www.ebi.ac.uk/europepmc/webservices/rest/PMC12447950/fullTextXML,public_papers/fulltext_xml/PMC12447950.xml,a4801c9acfa2a8e89a92c840e3b4208d2422de419f15c3a96ec2910758994819,NOT_TESTED,NOT_TESTED
candidate50,candidate50,Wearing face masks when no longer mandatory: An exploratory study about attitudinal and psychological health factors in a large Italian sample.,10.1371/journal.pone.0314607,PMC11878940,2025,,research-article,공개자료 연결 후보,CC BY,https://www.ebi.ac.uk/europepmc/webservices/rest/PMC11878940/fullTextXML,public_papers/fulltext_xml/PMC11878940.xml,a06349316251aed2d25c4f8ad82327e329027a94721f62146cec15f5c752cb32,NOT_TESTED,NOT_TESTED
candidate50,candidate50,A metabolic atlas of the Klebsiella pneumoniae species complex reveals lineage-specific metabolism and capacity for intra-species co-operation.,10.1371/journal.pbio.3003559,PMC12700438,2025,,research-article,공개자료 연결 후보,CC BY,https://www.ebi.ac.uk/europepmc/webservices/rest/PMC12700438/fullTextXML,public_papers/fulltext_xml/PMC12700438.xml,e6cb194a5221b3950c133e82b389107e3295e8e4bf5b5e0342cbfdb8e1a8a026,NOT_TESTED,NOT_TESTED
candidate50,candidate50,Afforestation as a mitigation strategy: countering climate-induced risk of forest carbon sink in China.,10.1186/s13021-025-00308-1,PMC12182680,2025,,research-article,공개자료 연결 후보,CC BY,https://www.ebi.ac.uk/europepmc/webservices/rest/PMC12182680/fullTextXML,public_papers/fulltext_xml/PMC12182680.xml,64ca687eb703844c7893cfef7dda410b35ced00fbbd21bac55bc4a33876123dc,NOT_TESTED,NOT_TESTED
candidate50,candidate50,Evolution of Repetitive Genomic Content and Gene Families Over Geo-Climatic Gradients in Brassicaceae.,10.1002/ece3.72462,PMC12689959,2025,,research-article,공개자료 연결 후보,CC BY,https://www.ebi.ac.uk/europepmc/webservices/rest/PMC12689959/fullTextXML,public_papers/fulltext_xml/PMC12689959.xml,3fde0f8be8b2482fd4968c1a73b513d0c9bbc932a22b13e335ebf2de399c75f8,NOT_TESTED,NOT_TESTED
candidate50,candidate50,Human and conservation factors affect spatial variation of reef fish assemblages in Colombian Pacific reefs.,10.7717/peerj.19482,PMC12182057,2025,,research-article,공개자료 연결 후보,CC BY,https://www.ebi.ac.uk/europepmc/webservices/rest/PMC12182057/fullTextXML,public_papers/fulltext_xml/PMC12182057.xml,c79954ef76c982974aa506590b86ce62c43f414223524d00e39696ff9002b18f,NOT_TESTED,NOT_TESTED
candidate50,candidate50,Non-invasive ultrasonic neuromodulation of the human nucleus accumbens impacts reward sensitivity.,10.1038/s41467-025-65080-9,PMC12660320,2025,,research-article,공개자료 연결 후보,CC BY,https://www.ebi.ac.uk/europepmc/webservices/rest/PMC12660320/fullTextXML,public_papers/fulltext_xml/PMC12660320.xml,adbe84f773c25ead04f317f9d21b96061058a422a71d4d16b7e7bbf179851648,NOT_TESTED,NOT_TESTED
candidate50,candidate50,Assessing the Value of Testate Amoebae and their Functional Traits in Detecting Climate Change-Induced Peatland Drying.,10.1007/s00248-025-02682-2,PMC12819454,2025,,research-article,공개자료 연결 후보,CC BY,https://www.ebi.ac.uk/europepmc/webservices/rest/PMC12819454/fullTextXML,public_papers/fulltext_xml/PMC12819454.xml,fa71a56edc8b431cd10d8d5e1b9e5307a9acdd16b733bf23124aef15258dea0d,NOT_TESTED,NOT_TESTED
candidate50,candidate50,Locomotion selectively enhances visual speed encoding in mouse medial higher visual areas.,10.1016/j.isci.2025.114395,PMC12796763,2026,,research-article,공개자료 연결 후보,CC BY,https://www.ebi.ac.uk/europepmc/webservices/rest/PMC12796763/fullTextXML,public_papers/fulltext_xml/PMC12796763.xml,a8147e5834da4d0b79c46d336083c11cb363ca2cc118a56aa66d436055fff681,NOT_TESTED,NOT_TESTED
candidate50,candidate50,Core principles of responsible generative AI usage in research.,10.1007/s43681-025-00768-8,PMC12592249,2025,,research-article,공개자료 연결 후보,CC BY,https://www.ebi.ac.uk/europepmc/webservices/rest/PMC12592249/fullTextXML,public_papers/fulltext_xml/PMC12592249.xml,80f2434a5561c2361a2ebcea379f12494c1a7b99bfdb5fc176e019444b99eb00,NOT_TESTED,NOT_TESTED
candidate50,candidate50,"De novo assembled nuclear, chloroplast, and mitochondrial genomes show high intraspecific variation in the tropical rainforest species Symphonia globulifera.",10.1093/g3journal/jkaf208,PMC12611251,2025,,research-article,공개자료 연결 후보,CC BY,https://www.ebi.ac.uk/europepmc/webservices/rest/PMC12611251/fullTextXML,public_papers/fulltext_xml/PMC12611251.xml,5ea11cce2c96efdcb5174eb068e11843f46b7760eab80d6415817636de666fc0,NOT_TESTED,NOT_TESTED
candidate50,candidate50,Registration and reporting of clinical trials affiliated with California universities and with primary completion date from 2014 to 2017.,10.1186/s13063-025-09270-2,PMC12771935,2025,,research-article,공개자료 연결 후보,CC BY,https://www.ebi.ac.uk/europepmc/webservices/rest/PMC12771935/fullTextXML,public_papers/fulltext_xml/PMC12771935.xml,8e17939acfc36007e90ae722e1a0e149fd2273339e6441e1fe71c846840758dd,NOT_TESTED,NOT_TESTED
technical,claim_evidence,Structured information extraction from scientific text with large language models.,10.1038/s41467-024-45563-x,PMC10869356,2024,2024-02-15,research-article,기술 연구 참고,CC BY,https://www.ebi.ac.uk/europepmc/webservices/rest/PMC10869356/fullTextXML,research_fields/technical/fulltext/PMC10869356.xml,2af2b76f1170f8f87d8eb5d37fe26784e97cb640d5f0267c41ba8b77c7ceec02,NOT_TESTED,NOT_TESTED
technical,claim_evidence,An Empirical Evaluation of Prompting Strategies for Large Language Models in Zero-Shot Clinical Natural Language Processing: Algorithm Development and Validation Study.,10.2196/55318,PMC11036183,2024,2024-04-08,research-article,기술 연구 참고,CC BY,https://www.ebi.ac.uk/europepmc/webservices/rest/PMC11036183/fullTextXML,research_fields/technical/fulltext/PMC11036183.xml,9d9702127d623024c4452c5e48b864c464c5490bf2ff322f5beb3e0cf3a5beb7,NOT_TESTED,NOT_TESTED
technical,claim_evidence,Transfer learning for biomedical named entity recognition with neural networks.,10.1093/bioinformatics/bty449,PMC6247938,2018,2018-12-01,research-article,기술 연구 참고,CC BY,https://www.ebi.ac.uk/europepmc/webservices/rest/PMC6247938/fullTextXML,research_fields/technical/fulltext/PMC6247938.xml,1445244316bcacc689ddd77d15076b79b489d5e7ed51d6a262591808669d1127,NOT_TESTED,NOT_TESTED
technical,claim_evidence,Large Language Model Applications for Health Information Extraction in Oncology: Scoping Review.,10.2196/65984,PMC11970800,2025,2025-03-28,review-article,문헌 검토·설계 배경,CC BY,https://www.ebi.ac.uk/europepmc/webservices/rest/PMC11970800/fullTextXML,research_fields/technical/fulltext/PMC11970800.xml,5662316df41fdec49033acf9c535808b482485294fcaea888a3f5dc527bd90ed,NOT_TESTED,NOT_TESTED
technical,claim_evidence,Coreference annotation and resolution in the Colorado Richly Annotated Full Text (CRAFT) corpus of biomedical journal articles.,10.1186/s12859-017-1775-9,PMC5561560,2017,2017-08-17,research-article,기술 연구 참고,CC0,https://www.ebi.ac.uk/europepmc/webservices/rest/PMC5561560/fullTextXML,research_fields/technical/fulltext/PMC5561560.xml,a6d09af96c1a07bd86d90a2503ab9e6dd081b93993625f093d4bac56ec1e8416,NOT_TESTED,NOT_TESTED
technical,claim_evidence,Disease named entity recognition by combining conditional random fields and bidirectional recurrent neural networks.,10.1093/database/baw140,PMC5088735,2016,2016-10-24,research-article,기술 연구 참고,CC BY,https://www.ebi.ac.uk/europepmc/webservices/rest/PMC5088735/fullTextXML,research_fields/technical/fulltext/PMC5088735.xml,35484c6ed7abe97ddf5a8821ac98e17f1faccb91946bc8603b99d40c5d165b79,NOT_TESTED,NOT_TESTED
technical,claim_evidence,Can we replace curation with information extraction software?,10.1093/database/baw150,PMC5199131,2016,2016-12-26,review-article,문헌 검토·설계 배경,CC BY,https://www.ebi.ac.uk/europepmc/webservices/rest/PMC5199131/fullTextXML,research_fields/technical/fulltext/PMC5199131.xml,5a28a5523aac29b3f9c3e3caab4b692101bf3a545b8257b314f83a965280d39f,NOT_TESTED,NOT_TESTED
technical,claim_evidence,Developing a hybrid dictionary-based bio-entity recognition technique.,10.1186/1472-6947-15-s1-s9,PMC4460617,2015,2015-05-20,research-article,기술 연구 참고,CC0,https://www.ebi.ac.uk/europepmc/webservices/rest/PMC4460617/fullTextXML,research_fields/technical/fulltext/PMC4460617.xml,cb5884781ba889080b7eb4ff7acfac5128e9c70d8e56d07a85e76542783e9e2b,NOT_TESTED,NOT_TESTED
technical,statistics,When and how should multiple imputation be used for handling missing data in randomised clinical trials - a practical guide with flowcharts.,10.1186/s12874-017-0442-1,PMC5717805,2017,2017-12-06,research-article,기술 연구 참고,CC0,https://www.ebi.ac.uk/europepmc/webservices/rest/PMC5717805/fullTextXML,research_fields/technical/fulltext/PMC5717805.xml,e7de2d02297ddb0365d8192f358e543e1f545d396a19f4c7f1183b74f89e157f,NOT_TESTED,NOT_TESTED
technical,statistics,Missing Data in Clinical Research: A Tutorial on Multiple Imputation.,10.1016/j.cjca.2020.11.010,PMC8499698,2020,2020-12-01,review-article,문헌 검토·설계 배경,CC BY,https://www.ebi.ac.uk/europepmc/webservices/rest/PMC8499698/fullTextXML,research_fields/technical/fulltext/PMC8499698.xml,5d9f2fbd5a5619165fdc3a08fbfa98c760ba52f5aaaca77a9fdca3c06040ece0,NOT_TESTED,NOT_TESTED
technical,statistics,The proportion of missing data should not be used to guide decisions on multiple imputation.,10.1016/j.jclinepi.2019.02.016,PMC6547017,2019,2019-03-13,research-article,기술 연구 참고,CC BY,https://www.ebi.ac.uk/europepmc/webservices/rest/PMC6547017/fullTextXML,research_fields/technical/fulltext/PMC6547017.xml,4d9fddce604760d14ef79b67dbda69b27565a72e93a9cfbc540907a7aa991580,NOT_TESTED,NOT_TESTED
technical,statistics,Accounting for missing data in statistical analyses: multiple imputation is not always the answer.,10.1093/ije/dyz032,PMC6693809,2019,2019-08-01,research-article,기술 연구 참고,CC BY,https://www.ebi.ac.uk/europepmc/webservices/rest/PMC6693809/fullTextXML,research_fields/technical/fulltext/PMC6693809.xml,03c2fa9dcd9f5c99535d62cad26440ca29c7e4694f6e0830ec9729c83c9d4c58,NOT_TESTED,NOT_TESTED
technical,statistics,LinkImpute: Fast and Accurate Genotype Imputation for Nonmodel Organisms.,10.1534/g3.115.021667,PMC4632058,2015,2015-09-15,research-article,기술 연구 참고,CC BY,https://www.ebi.ac.uk/europepmc/webservices/rest/PMC4632058/fullTextXML,research_fields/technical/fulltext/PMC4632058.xml,63a92975ad49a87ede848e3dc52be19404ee9f76b152465087750d311a933514,NOT_TESTED,NOT_TESTED
technical,statistics,Framework for the treatment and reporting of missing data in observational studies: The Treatment And Reporting of Missing data in Observational Studies framework.,10.1016/j.jclinepi.2021.01.008,PMC8168830,2021,2021-02-02,research-article,기술 연구 참고,CC BY,https://www.ebi.ac.uk/europepmc/webservices/rest/PMC8168830/fullTextXML,research_fields/technical/fulltext/PMC8168830.xml,fbaeee1dc54121518d927f3b4831ca255e3535ef2366826a904980ac7aab15bc,NOT_TESTED,NOT_TESTED
technical,statistics,Nearest neighbor imputation algorithms: a critical evaluation.,10.1186/s12911-016-0318-z,PMC4959387,2016,2016-07-25,research-article,기술 연구 참고,CC0,https://www.ebi.ac.uk/europepmc/webservices/rest/PMC4959387/fullTextXML,research_fields/technical/fulltext/PMC4959387.xml,8230624b04cd3b897a551f65450bc13d9ae10be2932b20bf3bb2fb9e100d530f,NOT_TESTED,NOT_TESTED
technical,statistics,Colorectal Cancer and the Human Gut Microbiome: Reproducibility with Whole-Genome Shotgun Sequencing.,10.1371/journal.pone.0155362,PMC4865240,2016,2016-05-12,research-article,기술 연구 참고,CC0,https://www.ebi.ac.uk/europepmc/webservices/rest/PMC4865240/fullTextXML,research_fields/technical/fulltext/PMC4865240.xml,721b342a2d1ef538c7ee95ffecc36581dd9ffe15d05e252ce173252ab3dafdb0,NOT_TESTED,NOT_TESTED
technical,statistics,The rise of multiple imputation: a review of the reporting and implementation of the method in medical research.,10.1186/s12874-015-0022-1,PMC4396150,2015,2015-04-07,research-article,기술 연구 참고,CC0,https://www.ebi.ac.uk/europepmc/webservices/rest/PMC4396150/fullTextXML,research_fields/technical/fulltext/PMC4396150.xml,b41fc28526b8b2fb71f9f9503111c7af3acb49e878d11ea097e1c7bace218ed9,NOT_TESTED,NOT_TESTED
technical,statistics,Guidance for DNA methylation studies: statistical insights from the Illumina EPIC array.,10.1186/s12864-019-5761-7,PMC6518823,2019,2019-05-14,research-article,기술 연구 참고,CC0,https://www.ebi.ac.uk/europepmc/webservices/rest/PMC6518823/fullTextXML,research_fields/technical/fulltext/PMC6518823.xml,1a57458910aaa4f57d2fc24051ed31837865f9014d98d93d14b31fa4e20c4402,NOT_TESTED,NOT_TESTED
technical,statistics,A survey on missing data in machine learning.,10.1186/s40537-021-00516-9,PMC8549433,2021,2021-10-27,research-article,기술 연구 참고,CC BY,https://www.ebi.ac.uk/europepmc/webservices/rest/PMC8549433/fullTextXML,research_fields/technical/fulltext/PMC8549433.xml,8cdf9c6d25db87ebeef27efa8d598963c9a6619aa764d85342b8bf8696940cd4,NOT_TESTED,NOT_TESTED
technical,statistics,A comparison of multiple imputation methods for missing data in longitudinal studies.,10.1186/s12874-018-0615-6,PMC6292063,2018,2018-12-12,research-article,기술 연구 참고,CC0,https://www.ebi.ac.uk/europepmc/webservices/rest/PMC6292063/fullTextXML,research_fields/technical/fulltext/PMC6292063.xml,15aeceb9f498a2b15ccb32e4dd05f0d5fb2a30faf7049905aebaec7f9e463898,NOT_TESTED,NOT_TESTED
technical,statistics,Characterization of missing values in untargeted MS-based metabolomics data and evaluation of missing data handling strategies.,10.1007/s11306-018-1420-2,PMC6153696,2018,2018-09-20,research-article,기술 연구 참고,CC BY,https://www.ebi.ac.uk/europepmc/webservices/rest/PMC6153696/fullTextXML,research_fields/technical/fulltext/PMC6153696.xml,32c9318e29500c397018ee49a76ae99f5d7cb2fd7e115855615d77ac23c819f1,NOT_TESTED,NOT_TESTED
technical,statistics,"Statistical significance: p value, 0.05 threshold, and applications to radiomics-reasons for a conservative approach.",10.1186/s41747-020-0145-y,PMC7064671,2020,2020-03-11,research-article,기술 연구 참고,CC BY,https://www.ebi.ac.uk/europepmc/webservices/rest/PMC7064671/fullTextXML,research_fields/technical/fulltext/PMC7064671.xml,3f20e52f819d0d53c63e2406b0b10f637038429159226cb1671f05a7fb46c49c,NOT_TESTED,NOT_TESTED
technical,provenance,"Data quality in online human-subjects research: Comparisons between MTurk, Prolific, CloudResearch, Qualtrics, and SONA.",10.1371/journal.pone.0279720,PMC10013894,2023,2023-03-14,research-article,기술 연구 참고,CC BY,https://www.ebi.ac.uk/europepmc/webservices/rest/PMC10013894/fullTextXML,research_fields/technical/fulltext/PMC10013894.xml,2ab77d064f23c48f3892a5afd0c10f9687edc38510c5a53bfa964fe174b3d39f,NOT_TESTED,NOT_TESTED
technical,provenance,Threats of Bots and Other Bad Actors to Data Quality Following Research Participant Recruitment Through Social Media: Cross-Sectional Questionnaire.,10.2196/23021,PMC7578815,2020,2020-10-07,research-article,기술 연구 참고,CC BY,https://www.ebi.ac.uk/europepmc/webservices/rest/PMC7578815/fullTextXML,research_fields/technical/fulltext/PMC7578815.xml,dba182b3320f51e57c83d9344e6d4a199536922130e999a0af96ce3752e3065f,NOT_TESTED,NOT_TESTED
technical,provenance,Optimization of cell viability assays to improve replicability and reproducibility of cancer drug sensitivity screens.,10.1038/s41598-020-62848-5,PMC7118156,2020,2020-04-02,research-article,기술 연구 참고,CC BY,https://www.ebi.ac.uk/europepmc/webservices/rest/PMC7118156/fullTextXML,research_fields/technical/fulltext/PMC7118156.xml,385b9df235225080773e5bb9ed43696ffea796b28cd9b87d379ff80ec975bc9b,NOT_TESTED,NOT_TESTED
technical,provenance,"Challenges and recommendations for wearable devices in digital health: Data quality, interoperability, health equity, fairness.",10.1371/journal.pdig.0000104,PMC9931360,2022,2022-10-13,review-article,문헌 검토·설계 배경,CC BY,https://www.ebi.ac.uk/europepmc/webservices/rest/PMC9931360/fullTextXML,research_fields/technical/fulltext/PMC9931360.xml,4948e72c99d7c53889fd9945444788d856aff93996b3fa0580d756086e9bcd41,NOT_TESTED,NOT_TESTED
technical,ai_evaluation,Reporting guidelines for clinical trial reports for interventions involving artificial intelligence: the CONSORT-AI extension.,10.1038/s41591-020-1034-x,PMC7598943,2020,2020-09-09,review-article,평가·보고 지침(제목 기준),CC BY,https://www.ebi.ac.uk/europepmc/webservices/rest/PMC7598943/fullTextXML,research_fields/technical/fulltext/PMC7598943.xml,b02d5c1f4c82899675b23d590afc630873d734d9969c0d1af715918caae9f461,NOT_TESTED,NOT_TESTED
technical,ai_evaluation,Evaluation and mitigation of the limitations of large language models in clinical decision-making.,10.1038/s41591-024-03097-1,PMC11405275,2024,2024-07-04,research-article,기술 연구 참고,CC BY,https://www.ebi.ac.uk/europepmc/webservices/rest/PMC11405275/fullTextXML,research_fields/technical/fulltext/PMC11405275.xml,fc2aad123724d6e7b3546737d00d926365f1fb2bdc8105bd384c209e5ff20d2d,NOT_TESTED,NOT_TESTED
technical,ai_evaluation,On evaluation metrics for medical applications of artificial intelligence.,10.1038/s41598-022-09954-8,PMC8993826,2022,2022-04-08,research-article,기술 연구 참고,CC BY,https://www.ebi.ac.uk/europepmc/webservices/rest/PMC8993826/fullTextXML,research_fields/technical/fulltext/PMC8993826.xml,6ebb604f8e4f2005b4abeb5c50d60f5d9c1374b9ba2fd60586e7adec9a963792,NOT_TESTED,NOT_TESTED
technical,ai_evaluation,Guidelines for clinical trial protocols for interventions involving artificial intelligence: the SPIRIT-AI extension.,10.1038/s41591-020-1037-7,PMC7598944,2020,2020-09-09,review-article,평가·보고 지침(제목 기준),CC BY,https://www.ebi.ac.uk/europepmc/webservices/rest/PMC7598944/fullTextXML,research_fields/technical/fulltext/PMC7598944.xml,cf6e10b452fa708c4e620a6f45456c2632f3520425919615f259f31b85b3212b,NOT_TESTED,NOT_TESTED
technical,ai_evaluation,"An Empathy-Driven, Conversational Artificial Intelligence Agent (Wysa) for Digital Mental Well-Being: Real-World Data Evaluation Mixed-Methods Study.",10.2196/12106,PMC6286427,2018,2018-11-23,research-article,기술 연구 참고,CC BY,https://www.ebi.ac.uk/europepmc/webservices/rest/PMC6286427/fullTextXML,research_fields/technical/fulltext/PMC6286427.xml,a9e979703b6dae0b2fd33d72c5900f32dac363a5a278f414885da054f1a75fe2,NOT_TESTED,NOT_TESTED
technical,ai_evaluation,Guidelines and quality criteria for artificial intelligence-based prediction models in healthcare: a scoping review.,10.1038/s41746-021-00549-7,PMC8748878,2022,2022-01-10,review-article,평가·보고 지침(제목 기준),CC BY,https://www.ebi.ac.uk/europepmc/webservices/rest/PMC8748878/fullTextXML,research_fields/technical/fulltext/PMC8748878.xml,1e9f5f40ae6fbbc67d5b20d01a7bf88d580ee88fe0c62dd32b082da50bc00d06,NOT_TESTED,NOT_TESTED
technical,ai_evaluation,Development and evaluation of an artificial intelligence system for COVID-19 diagnosis.,10.1038/s41467-020-18685-1,PMC7547659,2020,2020-10-09,research-article,기술 연구 참고,CC BY,https://www.ebi.ac.uk/europepmc/webservices/rest/PMC7547659/fullTextXML,research_fields/technical/fulltext/PMC7547659.xml,189a4c96e2773e7602e5c1b1df94bf31b2de611f9718eeee0583f4ecdae9088d,NOT_TESTED,NOT_TESTED
technical,ai_evaluation,Evaluation of Combined Artificial Intelligence and Radiologist Assessment to Interpret Screening Mammograms.,10.1001/jamanetworkopen.2020.0265,PMC7052735,2020,2020-03-02,research-article,기술 연구 참고,CC BY,https://www.ebi.ac.uk/europepmc/webservices/rest/PMC7052735/fullTextXML,research_fields/technical/fulltext/PMC7052735.xml,3c95656f7b33462ebe7aad08b45d89e6fd0347984e46285118fcbe272223901e,NOT_TESTED,NOT_TESTED
technical,ai_evaluation,Using artificial intelligence to read chest radiographs for tuberculosis detection: A multi-site evaluation of the diagnostic accuracy of three deep learning systems.,10.1038/s41598-019-51503-3,PMC6802077,2019,2019-10-18,research-article,기술 연구 참고,CC BY,https://www.ebi.ac.uk/europepmc/webservices/rest/PMC6802077/fullTextXML,research_fields/technical/fulltext/PMC6802077.xml,18d1c31497a4a43cc57dd6847cd606ecceea589cebb8611561a4b6fec0763f74,NOT_TESTED,NOT_TESTED
technical,research_workflow,How open science helps researchers succeed.,10.7554/elife.16800,PMC4973366,2016,2016-07-07,research-article,기술 연구 참고,CC BY,https://www.ebi.ac.uk/europepmc/webservices/rest/PMC4973366/fullTextXML,research_fields/technical/fulltext/PMC4973366.xml,bc13bcff716c86a2ef207859496a9340fe4ae39d788dc44b32984356250d167a,NOT_TESTED,NOT_TESTED
technical,research_workflow,Introducing the FAIR Principles for research software.,10.1038/s41597-022-01710-x,PMC9562067,2022,2022-10-14,research-article,기술 연구 참고,CC BY,https://www.ebi.ac.uk/europepmc/webservices/rest/PMC9562067/fullTextXML,research_fields/technical/fulltext/PMC9562067.xml,b2bd0dbe38c2f201a458f76cf720357bdb3b413c411473af4a6304845fd0bef3,NOT_TESTED,NOT_TESTED
technical,research_workflow,"Open science datasets from PREVENT-AD, a longitudinal cohort of pre-symptomatic Alzheimer's disease.",10.1016/j.nicl.2021.102733,PMC8254111,2021,2021-06-17,research-article,기술 연구 참고,CC BY,https://www.ebi.ac.uk/europepmc/webservices/rest/PMC8254111/fullTextXML,research_fields/technical/fulltext/PMC8254111.xml,d4a84bc6bcce826696fbc2e955ceca4b222b2ffca2127f0286a4402ee5b8f8df,NOT_TESTED,NOT_TESTED
technical,research_workflow,A Bayesian Perspective on the Reproducibility Project: Psychology.,10.1371/journal.pone.0149794,PMC4769355,2016,2016-02-26,research-article,기술 연구 참고,CC BY,https://www.ebi.ac.uk/europepmc/webservices/rest/PMC4769355/fullTextXML,research_fields/technical/fulltext/PMC4769355.xml,0d15f7dd46c9f12f4dff7f78bfb2d61143ce68d62593c67042caa9814800192b,NOT_TESTED,NOT_TESTED
technical,research_workflow,"Renin-angiotensin system blockers and susceptibility to COVID-19: an international, open science, cohort analysis.",10.1016/s2589-7500(20)30289-2,PMC7834915,2020,2020-12-17,research-article,기술 연구 참고,CC BY,https://www.ebi.ac.uk/europepmc/webservices/rest/PMC7834915/fullTextXML,research_fields/technical/fulltext/PMC7834915.xml,14f337cab0c3247a94f6ae52a000d2ddc6d8a04ccc80518557c9cec8370a5787,NOT_TESTED,NOT_TESTED
technical,research_workflow,SARS-CoV-2 vaccines: a triumph of science and collaboration.,10.1172/jci.insight.149187,PMC8262277,2021,2021-05-10,review-article,문헌 검토·설계 배경,CC BY,https://www.ebi.ac.uk/europepmc/webservices/rest/PMC8262277/fullTextXML,research_fields/technical/fulltext/PMC8262277.xml,487587bb56012a5ec6f5c0a40c70d2778e760acabdf2ca53cafe63b6b9d7e313,NOT_TESTED,NOT_TESTED
technical,claim_evidence,"Information Extraction from the Text Data on Traditional Chinese Medicine: A Review on Tasks, Challenges, and Methods from 2010 to 2021.",10.1155/2022/1679589,PMC9122692,2022,2022-05-13,review-article,문헌 검토·설계 배경,CC BY,https://www.ebi.ac.uk/europepmc/webservices/rest/PMC9122692/fullTextXML,research_fields/technical/fulltext/PMC9122692.xml,b27df4feb9f65981e1ec41c62f06ffea28e8e3d254cf3a8df7059a7cffc3699a,NOT_TESTED,NOT_TESTED
technical,claim_evidence,CoCoScore: context-aware co-occurrence scoring for text mining applications using distant supervision.,10.1093/bioinformatics/btz490,PMC6956794,2020,2020-01-01,research-article,기술 연구 참고,CC BY,https://www.ebi.ac.uk/europepmc/webservices/rest/PMC6956794/fullTextXML,research_fields/technical/fulltext/PMC6956794.xml,27e75227c6c868a298df91b75be61767f15550460b828047c91445c41deb8210,NOT_TESTED,NOT_TESTED
technical,claim_evidence,A pre-training and self-training approach for biomedical named entity recognition.,10.1371/journal.pone.0246310,PMC7872256,2021,2021-02-09,research-article,기술 연구 참고,CC0,https://www.ebi.ac.uk/europepmc/webservices/rest/PMC7872256/fullTextXML,research_fields/technical/fulltext/PMC7872256.xml,1fcf29c7edc88e86e77f36de1c16c4c52bd734709bf5162117357297104ae816,NOT_TESTED,NOT_TESTED
technical,claim_evidence,OC-2-KB: integrating crowdsourcing into an obesity and cancer knowledge base curation system.,10.1186/s12911-018-0635-5,PMC6069686,2018,2018-07-23,research-article,기술 연구 참고,CC0,https://www.ebi.ac.uk/europepmc/webservices/rest/PMC6069686/fullTextXML,research_fields/technical/fulltext/PMC6069686.xml,1a3216b1d64c23490bdf8ab97d58c73e30b8d7e8ac9c2258cc9505a3546d51f9,NOT_TESTED,NOT_TESTED
technical,claim_evidence,Structured learning for spatial information extraction from biomedical text: bacteria biotopes.,10.1186/s12859-015-0542-z,PMC4426185,2015,2015-04-25,research-article,기술 연구 참고,CC0,https://www.ebi.ac.uk/europepmc/webservices/rest/PMC4426185/fullTextXML,research_fields/technical/fulltext/PMC4426185.xml,426eede935640d55bb48bdac919eb8e2be4caf21972c225f5eba4bff4244377d,NOT_TESTED,NOT_TESTED
technical,claim_evidence,A comparison of conditional random fields and structured support vector machines for chemical entity recognition in biomedical literature.,10.1186/1758-2946-7-s1-s8,PMC4331698,2015,2015-01-19,research-article,기술 연구 참고,CC0,https://www.ebi.ac.uk/europepmc/webservices/rest/PMC4331698/fullTextXML,research_fields/technical/fulltext/PMC4331698.xml,fd1dddf300cdcb62516d46c8f69d1bbd9d3d270f060675c858cdaa7e2aacb8d5,NOT_TESTED,NOT_TESTED
technical,claim_evidence,Health Care Language Models and Their Fine-Tuning for Information Extraction: Scoping Review.,10.2196/60164,PMC11535799,2024,2024-10-21,review-article,문헌 검토·설계 배경,CC BY,https://www.ebi.ac.uk/europepmc/webservices/rest/PMC11535799/fullTextXML,research_fields/technical/fulltext/PMC11535799.xml,59b055c365f8bee679599479f1ae868332690b7ccc23f4922045b0812be0a183,NOT_TESTED,NOT_TESTED
technical,claim_evidence,Exploiting and assessing multi-source data for supervised biomedical named entity recognition.,10.1093/bioinformatics/bty152,PMC6041968,2018,2018-07-01,research-article,기술 연구 참고,CC BY,https://www.ebi.ac.uk/europepmc/webservices/rest/PMC6041968/fullTextXML,research_fields/technical/fulltext/PMC6041968.xml,3c9d419728935ef5b2f18ff68d8dd30b6a1aaee7bed8182a00e7f2410e7d4182,NOT_TESTED,NOT_TESTED
technical,claim_evidence,Distributed smoothed tree kernel for protein-protein interaction extraction from the biomedical literature.,10.1371/journal.pone.0187379,PMC5669485,2017,2017-11-03,research-article,기술 연구 참고,CC BY,https://www.ebi.ac.uk/europepmc/webservices/rest/PMC5669485/fullTextXML,research_fields/technical/fulltext/PMC5669485.xml,a792912276bc7a3e4bfb675d876a72864785598e3f5bf68fad09f7686f5f5fad,NOT_TESTED,NOT_TESTED
technical,claim_evidence,Establishing a baseline for literature mining human genetic variants and their relationships to disease cohorts.,10.1186/s12911-016-0294-3,PMC4959367,2016,2016-07-18,research-article,기술 연구 참고,CC0,https://www.ebi.ac.uk/europepmc/webservices/rest/PMC4959367/fullTextXML,research_fields/technical/fulltext/PMC4959367.xml,47020dda73e7dc819ec5d3e2309de325fef79ff0e2a786c9020aff00c10eb868,NOT_TESTED,NOT_TESTED
technical,claim_evidence,Chemical named entity recognition in patents by domain knowledge and unsupervised feature learning.,10.1093/database/baw049,PMC4834204,2016,2016-04-17,research-article,기술 연구 참고,CC BY,https://www.ebi.ac.uk/europepmc/webservices/rest/PMC4834204/fullTextXML,research_fields/technical/fulltext/PMC4834204.xml,1081c7f1d78fc881c052dc216801aa7c2df6bd40af37f1038e20d9ae57e9f2d4,NOT_TESTED,NOT_TESTED
technical,claim_evidence,Performance of Natural Language Processing for Information Extraction From Electronic Health Records Within Cancer: Systematic Review.,10.2196/68707,PMC12431712,2025,2025-09-12,review-article,문헌 검토·설계 배경,CC BY,https://www.ebi.ac.uk/europepmc/webservices/rest/PMC12431712/fullTextXML,research_fields/technical/fulltext/PMC12431712.xml,c2886868c80df3ccb42d919e6e708959e5328865881bc05363bb4a4be6733d12,NOT_TESTED,NOT_TESTED
technical,statistics,Random forest-based imputation outperforms other methods for imputing LC-MS metabolomics data: a comparative study.,10.1186/s12859-019-3110-0,PMC6788053,2019,2019-10-11,research-article,기술 연구 참고,CC0,https://www.ebi.ac.uk/europepmc/webservices/rest/PMC6788053/fullTextXML,research_fields/technical/fulltext/PMC6788053.xml,076a568d5be69289460c0565f7310541623d740968c18ffd56ea4300d3bfaaf8,NOT_TESTED,NOT_TESTED
technical,statistics,Outcome-sensitive multiple imputation: a simulation study.,10.1186/s12874-016-0281-5,PMC5220613,2017,2017-01-09,research-article,기술 연구 참고,CC0,https://www.ebi.ac.uk/europepmc/webservices/rest/PMC5220613/fullTextXML,research_fields/technical/fulltext/PMC5220613.xml,9d2cb2cd32391b422904bb30451e673a5bd9d6a609de5397c7b9e894134075cd,NOT_TESTED,NOT_TESTED
technical,statistics,False signals induced by single-cell imputation.,10.12688/f1000research.16613.2,PMC6415334,2018,2018-11-02,research-article,기술 연구 참고,CC BY,https://www.ebi.ac.uk/europepmc/webservices/rest/PMC6415334/fullTextXML,research_fields/technical/fulltext/PMC6415334.xml,0bff5dc6d491b3c1ad485bca77d423bcc1417bd859aaf8c3cefb18566966598f,NOT_TESTED,NOT_TESTED
technical,statistics,"Accuracy of random-forest-based imputation of missing data in the presence of non-normality, non-linearity, and interaction.",10.1186/s12874-020-01080-1,PMC7382855,2020,2020-07-25,research-article,기술 연구 참고,CC0,https://www.ebi.ac.uk/europepmc/webservices/rest/PMC7382855/fullTextXML,research_fields/technical/fulltext/PMC7382855.xml,80b12473a4b2aebc3cfdc2b490909ab60c38b97172de606d252aa9305b3aa6bb,NOT_TESTED,NOT_TESTED
technical,statistics,Model checking in multiple imputation: an overview and case study.,10.1186/s12982-017-0062-6,PMC5569512,2017,2017-08-23,research-article,기술 연구 참고,CC0,https://www.ebi.ac.uk/europepmc/webservices/rest/PMC5569512/fullTextXML,research_fields/technical/fulltext/PMC5569512.xml,c6d3b09062dd86d8f8a85baafb159c4a761a624ae6358da5bda2a6fd92ed0b95,NOT_TESTED,NOT_TESTED
technical,statistics,"Power, false discovery rate and Winner's Curse in eQTL studies.",10.1093/nar/gky780,PMC6294523,2018,2018-12-01,research-article,기술 연구 참고,CC BY,https://www.ebi.ac.uk/europepmc/webservices/rest/PMC6294523/fullTextXML,research_fields/technical/fulltext/PMC6294523.xml,ff075c9816971f87a6ac78e6ab1d816cf21470b3d2165aac032dc21bb796dac7,NOT_TESTED,NOT_TESTED
technical,statistics,Characterizing and Managing Missing Structured Data in Electronic Health Records: Data Analysis.,10.2196/medinform.8960,PMC5845101,2018,2018-02-23,research-article,기술 연구 참고,CC BY,https://www.ebi.ac.uk/europepmc/webservices/rest/PMC5845101/fullTextXML,research_fields/technical/fulltext/PMC5845101.xml,c97699c166abbe14c5b18827548eabba9710036c6b09c9029f433ee143a14d4e,NOT_TESTED,NOT_TESTED
technical,statistics,Sample size calculation while controlling false discovery rate for differential expression analysis with RNA-sequencing experiments.,10.1186/s12859-016-0994-9,PMC4815167,2016,2016-03-31,research-article,기술 연구 참고,CC0,https://www.ebi.ac.uk/europepmc/webservices/rest/PMC4815167/fullTextXML,research_fields/technical/fulltext/PMC4815167.xml,8e37c2ac01f43bc1ff7dfde3fe98e484f8b19765c198ec72fec1cb0f8033ed9e,NOT_TESTED,NOT_TESTED
technical,statistics,Avoiding pitfalls when combining multiple imputation and propensity scores.,10.1002/sim.8355,PMC6856837,2019,2019-09-11,research-article,기술 연구 참고,CC BY,https://www.ebi.ac.uk/europepmc/webservices/rest/PMC6856837/fullTextXML,research_fields/technical/fulltext/PMC6856837.xml,56dec2b6f608ff418dee580500a559f1afd215548c6584605e1b9960b4e32aa2,NOT_TESTED,NOT_TESTED
technical,statistics,Linear mixed models to handle missing at random data in trial-based economic evaluations.,10.1002/hec.4510,PMC9325521,2022,2022-04-02,research-article,기술 연구 참고,CC BY,https://www.ebi.ac.uk/europepmc/webservices/rest/PMC9325521/fullTextXML,research_fields/technical/fulltext/PMC9325521.xml,7bc30422a21f6ffa4c39837c9a99e1ec2a5eccd71834e4b0c69064fa9feb2f4b,NOT_TESTED,NOT_TESTED
technical,statistics,A comparison of different methods to handle missing data in the context of propensity score analysis.,10.1007/s10654-018-0447-z,PMC6325992,2018,2018-10-19,research-article,기술 연구 참고,CC BY,https://www.ebi.ac.uk/europepmc/webservices/rest/PMC6325992/fullTextXML,research_fields/technical/fulltext/PMC6325992.xml,0cd0a53119965c553df40d01709a8723d0c47cb085e6fa641f5d027a32dcf95f,NOT_TESTED,NOT_TESTED
technical,statistics,Methods for significance testing of categorical covariates in logistic regression models after multiple imputation: power and applicability analysis.,10.1186/s12874-017-0404-7,PMC5568368,2017,2017-08-22,research-article,기술 연구 참고,CC0,https://www.ebi.ac.uk/europepmc/webservices/rest/PMC5568368/fullTextXML,research_fields/technical/fulltext/PMC5568368.xml,421e71e26d64d036b4cfd9e8eb8dd8a3fb4f20aef471ff157067c82462630f34,NOT_TESTED,NOT_TESTED
technical,statistics,Impact of missing data on bias and precision when estimating change in patient-reported outcomes from a clinical registry.,10.1186/s12955-019-1181-2,PMC6585083,2019,2019-06-20,research-article,기술 연구 참고,CC0,https://www.ebi.ac.uk/europepmc/webservices/rest/PMC6585083/fullTextXML,research_fields/technical/fulltext/PMC6585083.xml,e0e4a808acf1713515fd5d457d236be6695b2e177e549cd68cf3f65925e8dac4,NOT_TESTED,NOT_TESTED
technical,statistics,Appropriate inclusion of interactions was needed to avoid bias in multiple imputation.,10.1016/j.jclinepi.2016.07.004,PMC5176003,2016,2016-07-19,research-article,기술 연구 참고,CC BY,https://www.ebi.ac.uk/europepmc/webservices/rest/PMC5176003/fullTextXML,research_fields/technical/fulltext/PMC5176003.xml,b4b26b566bdab2b474725fafd11767e7d7cd83a5e3b37b7a7dea0560521af080,NOT_TESTED,NOT_TESTED
technical,statistics,A Benchmark for Data Imputation Methods.,10.3389/fdata.2021.693674,PMC8297389,2021,2021-07-08,research-article,기술 연구 참고,CC BY,https://www.ebi.ac.uk/europepmc/webservices/rest/PMC8297389/fullTextXML,research_fields/technical/fulltext/PMC8297389.xml,1de320575a1f9b3ca370b06c758cd2fd6a148fa391b78ac8dd9c26ab7db421b5,NOT_TESTED,NOT_TESTED
technical,statistics,Statistical analysis and handling of missing data in cluster randomized trials: a systematic review.,10.1186/s13063-016-1201-z,PMC4748550,2016,2016-02-09,research-article,기술 연구 참고,CC0,https://www.ebi.ac.uk/europepmc/webservices/rest/PMC4748550/fullTextXML,research_fields/technical/fulltext/PMC4748550.xml,774a26c6abafb1465267853b78004540f2be6680be9ff8d46960833ba143ea89,NOT_TESTED,NOT_TESTED
technical,provenance,Validation of data quality in the Swedish National Register for Breast Cancer.,10.1186/s12889-019-6846-6,PMC6498669,2019,2019-05-02,research-article,기술 연구 참고,CC0,https://www.ebi.ac.uk/europepmc/webservices/rest/PMC6498669/fullTextXML,research_fields/technical/fulltext/PMC6498669.xml,e286550ea305996a0467407971b40d730a58643d21ed577b8b8ecb82e141d61e,NOT_TESTED,NOT_TESTED
technical,provenance,The Danish National Lymphoma Registry: Coverage and Data Quality.,10.1371/journal.pone.0157999,PMC4919044,2016,2016-06-23,research-article,기술 연구 참고,CC BY,https://www.ebi.ac.uk/europepmc/webservices/rest/PMC4919044/fullTextXML,research_fields/technical/fulltext/PMC4919044.xml,45c002c3dad9b404d88cee9ad5f4906799307ed3ed8f637fcdc0c1617cae37bb,NOT_TESTED,NOT_TESTED
technical,provenance,Evaluating Foundational Data Quality in the National Patient-Centered Clinical Research Network (PCORnet®).,10.5334/egems.199,PMC5983028,2018,2018-04-13,research-article,기술 연구 참고,CC BY,https://www.ebi.ac.uk/europepmc/webservices/rest/PMC5983028/fullTextXML,research_fields/technical/fulltext/PMC5983028.xml,6b82b9504fdfb6bdd18df4b41fd2f97fb44eedc90082c5b74a9e47d098c74a88,NOT_TESTED,NOT_TESTED
technical,provenance,"AiiDA 1.0, a scalable computational infrastructure for automated reproducible workflows and data provenance.",10.1038/s41597-020-00638-4,PMC7479590,2020,2020-09-08,research-article,기술 연구 참고,CC BY,https://www.ebi.ac.uk/europepmc/webservices/rest/PMC7479590/fullTextXML,research_fields/technical/fulltext/PMC7479590.xml,587ab0863f127111f067c9412b6c42f7e0ee0486245ef229992b80da3ad3d786,NOT_TESTED,NOT_TESTED
technical,provenance,HARmonized Protocol Template to Enhance Reproducibility of hypothesis evaluating real-world evidence studies on treatment effects: A good practices report of a joint ISPE/ISPOR task force.,10.1002/pds.5507,PMC9771861,2022,2022-10-10,research-article,기술 연구 참고,CC BY,https://www.ebi.ac.uk/europepmc/webservices/rest/PMC9771861/fullTextXML,research_fields/technical/fulltext/PMC9771861.xml,648cd1ee7b5bd3508d66167e5b6dd344324e294a97f8c1d9d93bb2260a1ba892,NOT_TESTED,NOT_TESTED
technical,provenance,Characterizing the clinical relevance of digital phenotyping data quality with applications to a cohort with schizophrenia.,10.1038/s41746-018-0022-8,PMC6550248,2018,2018-04-06,research-article,기술 연구 참고,CC BY,https://www.ebi.ac.uk/europepmc/webservices/rest/PMC6550248/fullTextXML,research_fields/technical/fulltext/PMC6550248.xml,7e05d05b29e9599d0f0de310e9ec332e76df92c12184021d0f81b9d1445ecdf0,NOT_TESTED,NOT_TESTED
technical,provenance,Barriers to data quality resulting from the process of coding health information to administrative data: a qualitative study.,10.1186/s12913-017-2697-y,PMC5700659,2017,2017-11-22,research-article,기술 연구 참고,CC0,https://www.ebi.ac.uk/europepmc/webservices/rest/PMC5700659/fullTextXML,research_fields/technical/fulltext/PMC5700659.xml,0ed36c03fb1ab88e9c0e1cac8f4475ae34c334e5fe7852913ba5554aadaf7a27,NOT_TESTED,NOT_TESTED
technical,provenance,"A Fast, Reproducible, High-throughput Variant Calling Workflow for Population Genomics.",10.1093/molbev/msad270,PMC10764099,2024,2024-01-01,research-article,기술 연구 참고,CC BY,https://www.ebi.ac.uk/europepmc/webservices/rest/PMC10764099/fullTextXML,research_fields/technical/fulltext/PMC10764099.xml,6b58f0a71fd079cad5e536dedd66e8942fd390f309344d789b436a474c0fd631,NOT_TESTED,NOT_TESTED
technical,provenance,A classification of response scale characteristics that affect data quality: a literature review.,10.1007/s11135-017-0533-4,PMC5993837,2017,2017-07-24,research-article,기술 연구 참고,CC BY,https://www.ebi.ac.uk/europepmc/webservices/rest/PMC5993837/fullTextXML,research_fields/technical/fulltext/PMC5993837.xml,32c0299720b3c25d7bcd6e4bd60bb5323bd5ac0134ac80ba51a0dcdcfe421789,NOT_TESTED,NOT_TESTED
technical,provenance,Evaluating CloudResearch's Approved Group as a solution for problematic data quality on MTurk.,10.3758/s13428-022-01999-x,PMC10700412,2022,2022-11-03,research-article,기술 연구 참고,CC BY,https://www.ebi.ac.uk/europepmc/webservices/rest/PMC10700412/fullTextXML,research_fields/technical/fulltext/PMC10700412.xml,1dfaa9f660feb965dc8f341ffabb74c03d092c64a72198d1edd1000e617ccc77,NOT_TESTED,NOT_TESTED
technical,provenance,Innovating to enhance clinical data management using non-commercial and open source solutions across a multi-center network supporting inpatient pediatric care and research in Kenya.,10.1093/jamia/ocv028,PMC4681113,2015,2015-06-10,research-article,기술 연구 참고,CC BY,https://www.ebi.ac.uk/europepmc/webservices/rest/PMC4681113/fullTextXML,research_fields/technical/fulltext/PMC4681113.xml,afe2c8d4d12dfb1a4aacc16fe792e68552f6d140eeb8a16da2058d83accd124a,NOT_TESTED,NOT_TESTED
technical,provenance,Facilitating harmonized data quality assessments. A data quality framework for observational health research data collections with software implementations in R.,10.1186/s12874-021-01252-7,PMC8019177,2021,2021-04-02,research-article,기술 연구 참고,CC0,https://www.ebi.ac.uk/europepmc/webservices/rest/PMC8019177/fullTextXML,research_fields/technical/fulltext/PMC8019177.xml,158b5df0b374078ee5c59dc7150328b19cefaf550b3688eb75fd27dc01e8e554,NOT_TESTED,NOT_TESTED
technical,provenance,Improving data quality across 3 sub-Saharan African countries using the Consolidated Framework for Implementation Research (CFIR): results from the African Health Initiative.,10.1186/s12913-017-2660-y,PMC5763292,2017,2017-12-21,research-article,기술 연구 참고,CC0,https://www.ebi.ac.uk/europepmc/webservices/rest/PMC5763292/fullTextXML,research_fields/technical/fulltext/PMC5763292.xml,73f82e05127d905e500e29eaf6bc85eb4fc1718fb9cb9772ab520b0706ad1e1f,NOT_TESTED,NOT_TESTED
technical,provenance,From patient care to research: a validation study examining the factors contributing to data quality in a primary care electronic medical record database.,10.1186/s12875-015-0223-z,PMC4324413,2015,2015-02-05,research-article,기술 연구 참고,CC0,https://www.ebi.ac.uk/europepmc/webservices/rest/PMC4324413/fullTextXML,research_fields/technical/fulltext/PMC4324413.xml,da44bb86017cb4a7e0aa4ac9ceabf9f051a08072a37ff58da4e174cb121fc29e,NOT_TESTED,NOT_TESTED
technical,provenance,Minimizing confounders and increasing data quality in murine models for studies of the gut microbiome.,10.7717/peerj.5166,PMC6046200,2018,2018-07-12,research-article,기술 연구 참고,CC BY,https://www.ebi.ac.uk/europepmc/webservices/rest/PMC6046200/fullTextXML,research_fields/technical/fulltext/PMC6046200.xml,240663f494e6f4277345986bad03a402466ce89e9a71d1e5e0b040f6f93865d1,NOT_TESTED,NOT_TESTED
technical,provenance,Digital Health Data Quality Issues: Systematic Review.,10.2196/42615,PMC10131725,2023,2023-03-31,review-article,문헌 검토·설계 배경,CC BY,https://www.ebi.ac.uk/europepmc/webservices/rest/PMC10131725/fullTextXML,research_fields/technical/fulltext/PMC10131725.xml,0b9cc19cf983ddf6649ea365d97534bbfc44923556e02413e6e240332da26794,NOT_TESTED,NOT_TESTED
technical,provenance,Assessing the practice of data quality evaluation in a national clinical data research network through a systematic scoping review in the era of real-world data.,10.1093/jamia/ocaa245,PMC7727392,2020,2020-12-01,review-article,문헌 검토·설계 배경,CC BY,https://www.ebi.ac.uk/europepmc/webservices/rest/PMC7727392/fullTextXML,research_fields/technical/fulltext/PMC7727392.xml,55d8dad17e57de153cdcce565b715ed8b332beddac61a6a4ce4823bae098b921,NOT_TESTED,NOT_TESTED
technical,provenance,BioSamples database: FAIRer samples metadata to accelerate research data management.,10.1093/nar/gkab1046,PMC8728232,2022,2022-01-01,research-article,기술 연구 참고,CC BY,https://www.ebi.ac.uk/europepmc/webservices/rest/PMC8728232/fullTextXML,research_fields/technical/fulltext/PMC8728232.xml,4b02f1c2edf4702a1b8c85170a55254da4b2a80005606991caeb53d224eba264,NOT_TESTED,NOT_TESTED
technical,provenance,"Quality control questions on Amazon's Mechanical Turk (MTurk): A randomized trial of impact on the USAUDIT, PHQ-9, and GAD-7.",10.3758/s13428-021-01665-8,PMC8344397,2021,2021-08-06,research-article,기술 연구 참고,CC BY,https://www.ebi.ac.uk/europepmc/webservices/rest/PMC8344397/fullTextXML,research_fields/technical/fulltext/PMC8344397.xml,773868e11aba9785024a03a9a5cb10f24d987b62010ee304abbcd7cf472bc0c8,NOT_TESTED,NOT_TESTED
technical,provenance,Data Quality in Health Research: Integrative Literature Review.,10.2196/41446,PMC10646672,2023,2023-10-31,research-article,기술 연구 참고,CC BY,https://www.ebi.ac.uk/europepmc/webservices/rest/PMC10646672/fullTextXML,research_fields/technical/fulltext/PMC10646672.xml,6f4babace079f31de0f80935926c55179f40bb3479bf7f4fe5b7440efb724c14,NOT_TESTED,NOT_TESTED
technical,provenance,Metadata Stewardship in Nanosafety Research: Community-Driven Organisation of Metadata Schemas to Support FAIR Nanoscience Data.,10.3390/nano10102033,PMC7602672,2020,2020-10-15,research-article,기술 연구 참고,CC BY,https://www.ebi.ac.uk/europepmc/webservices/rest/PMC7602672/fullTextXML,research_fields/technical/fulltext/PMC7602672.xml,352a83d570a11cfd670576293a44f62d63ddf97106dc10bef1072ed2601bd1b0,NOT_TESTED,NOT_TESTED
technical,provenance,Recommendations for measuring and standardizing light for laboratory mammals to improve welfare and reproducibility in animal research.,10.1371/journal.pbio.3002535,PMC10931507,2024,2024-03-12,review-article,문헌 검토·설계 배경,CC0,https://www.ebi.ac.uk/europepmc/webservices/rest/PMC10931507/fullTextXML,research_fields/technical/fulltext/PMC10931507.xml,cd42da2069f7ebcd97cbf19befd859bf1e2b583a71d2f937d9eb2387906b696a,NOT_TESTED,NOT_TESTED
technical,provenance,Evaluating the data quality of iNaturalist termite records.,10.1371/journal.pone.0226534,PMC7197788,2020,2020-05-04,research-article,기술 연구 참고,CC BY,https://www.ebi.ac.uk/europepmc/webservices/rest/PMC7197788/fullTextXML,research_fields/technical/fulltext/PMC7197788.xml,c0354862111818e28bca2074d2488792547f849905a6c78896618081b7fd0beb,NOT_TESTED,NOT_TESTED
technical,provenance,"Child anthropometry data quality from Demographic and Health Surveys, Multiple Indicator Cluster Surveys, and National Nutrition Surveys in the West Central Africa region: are we comparing apples and oranges?",10.1080/16549716.2017.1328185,PMC5496063,2017,2017-01-01,research-article,기술 연구 참고,CC BY,https://www.ebi.ac.uk/europepmc/webservices/rest/PMC5496063/fullTextXML,research_fields/technical/fulltext/PMC5496063.xml,365f805eac45929077b6f92784f0f7882e4442ac006ffd95e053ee96ec2b05d2,NOT_TESTED,NOT_TESTED
technical,provenance,The utility of multivariate outlier detection techniques for data quality evaluation in large studies: an application within the ONDRI project.,10.1186/s12874-019-0737-5,PMC6521365,2019,2019-05-15,research-article,기술 연구 참고,CC0,https://www.ebi.ac.uk/europepmc/webservices/rest/PMC6521365/fullTextXML,research_fields/technical/fulltext/PMC6521365.xml,6c2de7ce55f16296be89d42262174fbfb2b7efde9dd8af831128aa26ccb2067c,NOT_TESTED,NOT_TESTED
technical,provenance,A standardized image processing and data quality platform for rodent fMRI.,10.1038/s41467-024-50826-8,PMC11306392,2024,2024-08-07,research-article,기술 연구 참고,CC BY,https://www.ebi.ac.uk/europepmc/webservices/rest/PMC11306392/fullTextXML,research_fields/technical/fulltext/PMC11306392.xml,d2adec5bc3c501a864d6b705b665c494c5da1afbd3ced34317ad9ac613f91584,NOT_TESTED,NOT_TESTED
technical,ai_evaluation,Role of Artificial Intelligence in Patient Safety Outcomes: Systematic Literature Review.,10.2196/18599,PMC7414411,2020,2020-07-24,review-article,문헌 검토·설계 배경,CC BY,https://www.ebi.ac.uk/europepmc/webservices/rest/PMC7414411/fullTextXML,research_fields/technical/fulltext/PMC7414411.xml,88366c397c803a91d0d37dbdd20ecad73d14a032a0811980b9386814594a717a,NOT_TESTED,NOT_TESTED
technical,ai_evaluation,Towards accurate differential diagnosis with large language models.,10.1038/s41586-025-08869-4,PMC12158753,2025,2025-04-09,research-article,기술 연구 참고,CC BY,https://www.ebi.ac.uk/europepmc/webservices/rest/PMC12158753/fullTextXML,research_fields/technical/fulltext/PMC12158753.xml,df4959ad32920d88faa240eb49ea52ac049ddbe6adda6ae98c8f693ed5362545,NOT_TESTED,NOT_TESTED
technical,research_workflow,The children's brain tumor network (CBTN) - Accelerating research in pediatric central nervous system tumors through collaboration and open science.,10.1016/j.neo.2022.100846,PMC9641002,2022,2022-11-03,research-article,기술 연구 참고,CC BY,https://www.ebi.ac.uk/europepmc/webservices/rest/PMC9641002/fullTextXML,research_fields/technical/fulltext/PMC9641002.xml,7379304faf60e56cd2118c5488c6aac179fb14f216279a86bcd8e53807be2f20,NOT_TESTED,NOT_TESTED
technical,research_workflow,An adversarial collaboration protocol for testing contrasting predictions of global neuronal workspace and integrated information theory.,10.1371/journal.pone.0268577,PMC9916582,2023,2023-02-10,research-article,기술 연구 참고,CC BY,https://www.ebi.ac.uk/europepmc/webservices/rest/PMC9916582/fullTextXML,research_fields/technical/fulltext/PMC9916582.xml,9d4309c680fcc76967764bc55ec016609e935568b1de60b63ed53e7ffc418beb,NOT_TESTED,NOT_TESTED
technical,research_workflow,Open collaborative writing with Manubot.,10.1371/journal.pcbi.1007128,PMC6611653,2019,2019-06-24,research-article,기술 연구 참고,CC BY,https://www.ebi.ac.uk/europepmc/webservices/rest/PMC6611653/fullTextXML,research_fields/technical/fulltext/PMC6611653.xml,217c550f201218f2aa93f5d313a7beed315f3596eff23c18a2ab6e721aa13cca,NOT_TESTED,NOT_TESTED
technical,research_workflow,Dynamics of cumulative advantage and threats to equity in open science: a scoping review.,10.1098/rsos.211032,PMC8767192,2022,2022-01-19,review-article,문헌 검토·설계 배경,CC BY,https://www.ebi.ac.uk/europepmc/webservices/rest/PMC8767192/fullTextXML,research_fields/technical/fulltext/PMC8767192.xml,a0153db39d278a4d4660d857f9493fc0d6d5e815789b714d1e5c65576068f678,NOT_TESTED,NOT_TESTED
technical,research_workflow,"Fair Shares and Sharing Fairly: A Survey of Public Views on Open Science, Informed Consent and Participatory Research in Biobanking.",10.1371/journal.pone.0129893,PMC4495996,2015,2015-07-08,research-article,기술 연구 참고,CC BY,https://www.ebi.ac.uk/europepmc/webservices/rest/PMC4495996/fullTextXML,research_fields/technical/fulltext/PMC4495996.xml,cb331c44e6484bd32b5b48fc35ec5841ef7eb636e27cef66db4593298f85bd30,NOT_TESTED,NOT_TESTED
technical,research_workflow,Towards reproducible radiomics research: introduction of a database for radiomics studies.,10.1007/s00330-023-10095-3,PMC10791815,2023,2023-08-12,research-article,기술 연구 참고,CC BY,https://www.ebi.ac.uk/europepmc/webservices/rest/PMC10791815/fullTextXML,research_fields/technical/fulltext/PMC10791815.xml,a65e302a124d198b97f07068da2021066da57abad7e7ad292972f6a36c53c6ba,NOT_TESTED,NOT_TESTED
technical,research_workflow,How Do Scientists Define Openness? Exploring the Relationship Between Open Science Policies and Research Practice.,10.1177/0270467616668760,PMC5066505,2016,2016-06-01,research-article,기술 연구 참고,CC BY,https://www.ebi.ac.uk/europepmc/webservices/rest/PMC5066505/fullTextXML,research_fields/technical/fulltext/PMC5066505.xml,141958fd788a8c4e8adab8190b3a7c09b601490f61626d4f0cc92764d287dea6,NOT_TESTED,NOT_TESTED
technical,research_workflow,FAIRly big: A framework for computationally reproducible processing of large-scale data.,10.1038/s41597-022-01163-2,PMC8917149,2022,2022-03-11,research-article,기술 연구 참고,CC BY,https://www.ebi.ac.uk/europepmc/webservices/rest/PMC8917149/fullTextXML,research_fields/technical/fulltext/PMC8917149.xml,10649db7245a9af28a20f559aa54e873ab077a539cc37c7efeab88017705a46d,NOT_TESTED,NOT_TESTED
technical,research_workflow,Toward collaborative open data science in metabolomics using Jupyter Notebooks and cloud computing.,10.1007/s11306-019-1588-0,PMC6745024,2019,2019-09-14,review-article,문헌 검토·설계 배경,CC BY,https://www.ebi.ac.uk/europepmc/webservices/rest/PMC6745024/fullTextXML,research_fields/technical/fulltext/PMC6745024.xml,8ed140182d8ffcd3fe737ae4dc52213cc7a3ab32b05a81ece6340e57f55bed64,NOT_TESTED,NOT_TESTED
technical,research_workflow,Building a multi-scaled geospatial temporal ecology database from disparate data sources: fostering open science and data reuse.,10.1186/s13742-015-0067-4,PMC4488039,2015,2015-07-01,research-article,기술 연구 참고,CC0,https://www.ebi.ac.uk/europepmc/webservices/rest/PMC4488039/fullTextXML,research_fields/technical/fulltext/PMC4488039.xml,36e28988365f5f646594a2d2bb0ec7e3c442aec4337644fec9891c60402a0bee,NOT_TESTED,NOT_TESTED
technical,research_workflow,Community consensus on core open science practices to monitor in biomedicine.,10.1371/journal.pbio.3001949,PMC9873153,2023,2023-01-24,review-article,문헌 검토·설계 배경,CC BY,https://www.ebi.ac.uk/europepmc/webservices/rest/PMC9873153/fullTextXML,research_fields/technical/fulltext/PMC9873153.xml,2dfcd1576b890522adf94a0724a249be0d9b230048967314ae9d9a1e95d2913b,NOT_TESTED,NOT_TESTED
technical,research_workflow,A survey on how preregistration affects the research workflow: better science but more work.,10.1098/rsos.211997,PMC9257590,2022,2022-07-06,research-article,기술 연구 참고,CC BY,https://www.ebi.ac.uk/europepmc/webservices/rest/PMC9257590/fullTextXML,research_fields/technical/fulltext/PMC9257590.xml,0868ab2a63fa6914669bab095a52af767f269966f221c3c12546917fb1864de7,NOT_TESTED,NOT_TESTED
technical,research_workflow,"Anthelmintic drug discovery: target identification, screening methods and the role of open science.",10.3762/bjoc.16.105,PMC7277699,2020,2020-06-02,review-article,문헌 검토·설계 배경,CC BY,https://www.ebi.ac.uk/europepmc/webservices/rest/PMC7277699/fullTextXML,research_fields/technical/fulltext/PMC7277699.xml,f837069a018d840da6556a6445d361171fa969bea8705bb570b498cd0af7ee10,NOT_TESTED,NOT_TESTED
technical,research_workflow,When data sharing gets close to 100%: what human paleogenetics can teach the open science movement.,10.1371/journal.pone.0121409,PMC4370607,2015,2015-03-23,research-article,기술 연구 참고,CC BY,https://www.ebi.ac.uk/europepmc/webservices/rest/PMC4370607/fullTextXML,research_fields/technical/fulltext/PMC4370607.xml,d2458c09cd27f58c7a6f14384ebdbc6a1ea053f8efc77d5aa985a8600b46c9c1,NOT_TESTED,NOT_TESTED
technical,research_workflow,When will 'open science' become simply 'science'?,10.1186/s13059-015-0669-2,PMC4436110,2015,2015-05-19,research-article,기술 연구 참고,CC0,https://www.ebi.ac.uk/europepmc/webservices/rest/PMC4436110/fullTextXML,research_fields/technical/fulltext/PMC4436110.xml,89e25b5a993fb188b7737448a8c9eda4d71c8bb343b4cac28682b99caad1df2d,NOT_TESTED,NOT_TESTED
technical,research_workflow,Eleven strategies for making reproducible research and open science training the norm at research institutions.,10.7554/elife.89736,PMC10666927,2023,2023-11-23,review-article,문헌 검토·설계 배경,CC BY,https://www.ebi.ac.uk/europepmc/webservices/rest/PMC10666927/fullTextXML,research_fields/technical/fulltext/PMC10666927.xml,4f5c7a348edb09b4cf790dfddad3835f89e685a2a8091e41f923f4028f0fcaab,NOT_TESTED,NOT_TESTED
technical,research_workflow,Seven steps to enhance Open Science practices in animal science.,10.1093/pnasnexus/pgac106,PMC9896936,2022,2022-07-11,research-article,기술 연구 참고,CC BY,https://www.ebi.ac.uk/europepmc/webservices/rest/PMC9896936/fullTextXML,research_fields/technical/fulltext/PMC9896936.xml,7daae11fe6cf67b4dab668fcc8a50c44578c93bd7da39e11e96b6a9ef4c4762f,NOT_TESTED,NOT_TESTED
technical,research_workflow,"Transparent, Open, and Reproducible Prevention Science.",10.1007/s11121-022-01336-w,PMC9283153,2022,2022-02-17,research-article,기술 연구 참고,CC BY,https://www.ebi.ac.uk/europepmc/webservices/rest/PMC9283153/fullTextXML,research_fields/technical/fulltext/PMC9283153.xml,abfa24d91ffaf44e24e0f3842dd722bb0f70509886fdcbebb49112f9a74e36e2,NOT_TESTED,NOT_TESTED
technical,research_workflow,Ten quick tips for building FAIR workflows.,10.1371/journal.pcbi.1011369,PMC10538699,2023,2023-09-28,research-article,기술 연구 참고,CC BY,https://www.ebi.ac.uk/europepmc/webservices/rest/PMC10538699/fullTextXML,research_fields/technical/fulltext/PMC10538699.xml,e3a3ec4f96be0c2021f8d473eb0547b6bcc1faaa1d9bbfe2a22e19ae15d046a5,NOT_TESTED,NOT_TESTED
technical,research_workflow,A data science roadmap for open science organizations engaged in early-stage drug discovery.,10.1038/s41467-024-49777-x,PMC11224410,2024,2024-07-05,review-article,문헌 검토·설계 배경,CC BY,https://www.ebi.ac.uk/europepmc/webservices/rest/PMC11224410/fullTextXML,research_fields/technical/fulltext/PMC11224410.xml,22d40623c3a66eb060d8038210a8e74c8c4fb5ac79a40a0f548f47ae8b4c1511,NOT_TESTED,NOT_TESTED
technical,research_workflow,Where Do Early Career Researchers Stand on Open Science Practices? A Survey Within the Max Planck Society.,10.3389/frma.2020.586992,PMC8025980,2021,2021-01-22,research-article,기술 연구 참고,CC BY,https://www.ebi.ac.uk/europepmc/webservices/rest/PMC8025980/fullTextXML,research_fields/technical/fulltext/PMC8025980.xml,29220f6e4ec96e57efe7168a25eca07be4cc144a398425860935d7f43fe76638,NOT_TESTED,NOT_TESTED
technical,research_workflow,Closing the knowledge-action gap in conservation with open science.,10.1111/cobi.13835,PMC9300006,2021,2021-11-29,research-article,기술 연구 참고,CC BY,https://www.ebi.ac.uk/europepmc/webservices/rest/PMC9300006/fullTextXML,research_fields/technical/fulltext/PMC9300006.xml,2cc88fafb2021deba47107a5fd4c53985084f62da75af8c3b136524bf3a4a2ec,NOT_TESTED,NOT_TESTED
technical,research_workflow,CyVerse: Cyberinfrastructure for open science.,10.1371/journal.pcbi.1011270,PMC10878509,2024,2024-02-07,research-article,기술 연구 참고,CC BY,https://www.ebi.ac.uk/europepmc/webservices/rest/PMC10878509/fullTextXML,research_fields/technical/fulltext/PMC10878509.xml,88bb5c26c5d066757e9dacfd9caf05a20a3567a8773f838fe46336d4d54c7db6,NOT_TESTED,NOT_TESTED
technical,research_workflow,Open Science 2.0: Towards a truly collaborative research ecosystem.,10.1371/journal.pbio.3002362,PMC10617723,2023,2023-10-19,review-article,문헌 검토·설계 배경,CC BY,https://www.ebi.ac.uk/europepmc/webservices/rest/PMC10617723/fullTextXML,research_fields/technical/fulltext/PMC10617723.xml,842dbd1f798ab8399163653eb8daef931796b3fe764392e04df9adb5665a59ea,NOT_TESTED,NOT_TESTED
technical,claim_evidence,Text Mining for Building Biomedical Networks Using Cancer as a Case Study.,10.3390/biom11101430,PMC8533101,2021,2021-09-29,review-article,문헌 검토·설계 배경,CC BY,https://www.ebi.ac.uk/europepmc/webservices/rest/PMC8533101/fullTextXML,research_fields/technical/fulltext/PMC8533101.xml,8591590789cb520b0f1911869dcf67813debb3f2eb1484fe619d53dde4207f34,NOT_TESTED,NOT_TESTED
technical,claim_evidence,Accelerating annotation of articles via automated approaches: evaluation of the neXtA5 curation-support tool by neXtProt.,10.1093/database/bay129,PMC6301339,2018,2018-01-01,research-article,기술 연구 참고,CC BY,https://www.ebi.ac.uk/europepmc/webservices/rest/PMC6301339/fullTextXML,research_fields/technical/fulltext/PMC6301339.xml,f3762149228ea483d9cec3a662e4d70b527e462d7712c632682a22889ae47606,NOT_TESTED,NOT_TESTED
technical,claim_evidence,BelSmile: a biomedical semantic role labeling approach for extracting biological expression language from text.,10.1093/database/baw064,PMC4865328,2016,2016-05-12,research-article,기술 연구 참고,CC BY,https://www.ebi.ac.uk/europepmc/webservices/rest/PMC4865328/fullTextXML,research_fields/technical/fulltext/PMC4865328.xml,e1ca86734c4fbab91f6b52a41f391a6e97b47f8adb3909c6ca4370a093f0ff67,NOT_TESTED,NOT_TESTED
technical,claim_evidence,Named entity recognition of pharmacokinetic parameters in the scientific literature.,10.1038/s41598-024-73338-3,PMC11461509,2024,2024-10-08,research-article,기술 연구 참고,CC BY,https://www.ebi.ac.uk/europepmc/webservices/rest/PMC11461509/fullTextXML,research_fields/technical/fulltext/PMC11461509.xml,19c8c087630f6c6063b56bcabaa8118573fe005328f2b8c9959d176f8302306b,NOT_TESTED,NOT_TESTED
technical,claim_evidence,Humans and machines in biomedical knowledge curation: hypertrophic cardiomyopathy molecular mechanisms' representation.,10.1186/s13040-021-00279-2,PMC8487578,2021,2021-10-02,research-article,기술 연구 참고,CC0,https://www.ebi.ac.uk/europepmc/webservices/rest/PMC8487578/fullTextXML,research_fields/technical/fulltext/PMC8487578.xml,1202c2766b9abfd5de4f72241a9e7c1bea932a8ef1530ea53b090d55520920d6,NOT_TESTED,NOT_TESTED
technical,claim_evidence,Leveraging Retrieval-Augmented Large Language Models for Dietary Recommendations With Traditional Chinese Medicine's Medicine Food Homology: Algorithm Development and Validation.,10.2196/75279,PMC12370266,2025,2025-08-21,research-article,기술 연구 참고,CC BY,https://www.ebi.ac.uk/europepmc/webservices/rest/PMC12370266/fullTextXML,research_fields/technical/fulltext/PMC12370266.xml,eb62de1c0f19cbaa10f70fdfacfd7a3ab58e32698dc5ec0b228ef8cfa879a33e,NOT_TESTED,NOT_TESTED
technical,claim_evidence,Relation Extraction in Biomedical Texts Based on Multi-Head Attention Model With Syntactic Dependency Feature: Modeling Study.,10.2196/41136,PMC9634522,2022,2022-10-20,research-article,기술 연구 참고,CC BY,https://www.ebi.ac.uk/europepmc/webservices/rest/PMC9634522/fullTextXML,research_fields/technical/fulltext/PMC9634522.xml,b75b035604ea161fed4d43622a5445608c1e7ab9c67fea2d6813f318d4de18f1,NOT_TESTED,NOT_TESTED
technical,claim_evidence,PubMedPortable: A Framework for Supporting the Development of Text Mining Applications.,10.1371/journal.pone.0163794,PMC5051953,2016,2016-10-05,research-article,기술 연구 참고,CC BY,https://www.ebi.ac.uk/europepmc/webservices/rest/PMC5051953/fullTextXML,research_fields/technical/fulltext/PMC5051953.xml,247e366c79bfb3ed775807c3880c7817d29739c68194001f95812f18605ad2d5,NOT_TESTED,NOT_TESTED
technical,claim_evidence,Sieve-based relation extraction of gene regulatory networks from biological literature.,10.1186/1471-2105-16-s16-s1,PMC4642041,2015,2015-10-30,research-article,기술 연구 참고,CC0,https://www.ebi.ac.uk/europepmc/webservices/rest/PMC4642041/fullTextXML,research_fields/technical/fulltext/PMC4642041.xml,3d618f178701eccbc3748aca0d4d07bc3ad0fba3efa60bec8889aab69b8f99f5,NOT_TESTED,NOT_TESTED
technical,claim_evidence,A comparative analysis of large language models versus traditional information extraction methods for real-world evidence of patient symptomatology in acute and post-acute sequelae of SARS-CoV-2.,10.1371/journal.pone.0323535,PMC12080813,2025,2025-05-15,research-article,기술 연구 참고,CC BY,https://www.ebi.ac.uk/europepmc/webservices/rest/PMC12080813/fullTextXML,research_fields/technical/fulltext/PMC12080813.xml,bd2b31be9bced9c0e3cd636fe1e579496af4580803851c4adf17b603ebd7ddd7,NOT_TESTED,NOT_TESTED
technical,claim_evidence,Natural language processing to automate a web-based model of care and modernize skin cancer multidisciplinary team meetings.,10.1093/bjs/znad347,PMC10782209,2024,2024-01-01,research-article,기술 연구 참고,CC BY,https://www.ebi.ac.uk/europepmc/webservices/rest/PMC10782209/fullTextXML,research_fields/technical/fulltext/PMC10782209.xml,8873630d9811094f0bf72cd8ea88db8b1590d7f9739a81d3edbe8fb80ca25a35,NOT_TESTED,NOT_TESTED
technical,statistics,HarmonizR enables data harmonization across independent proteomic datasets with appropriate handling of missing values.,10.1038/s41467-022-31007-x,PMC9209422,2022,2022-06-20,research-article,기술 연구 참고,CC BY,https://www.ebi.ac.uk/europepmc/webservices/rest/PMC9209422/fullTextXML,research_fields/technical/fulltext/PMC9209422.xml,aa374a6b1ee479d6ea1d3bd7400818ce4dce2cf8ee914f871f2b4b565df69a16,NOT_TESTED,NOT_TESTED
technical,statistics,Bootstrap inference for multiple imputation under uncongeniality and misspecification.,10.1177/0962280220932189,PMC7682506,2020,2020-06-30,research-article,기술 연구 참고,CC BY,https://www.ebi.ac.uk/europepmc/webservices/rest/PMC7682506/fullTextXML,research_fields/technical/fulltext/PMC7682506.xml,d51782ca61c36816e2cd4ae7def6dd9ab7875638f3da2351b1de3334533730e4,NOT_TESTED,NOT_TESTED
technical,statistics,Canonical Causal Diagrams to Guide the Treatment of Missing Data in Epidemiologic Studies.,10.1093/aje/kwy173,PMC6269242,2018,2018-12-01,research-article,기술 연구 참고,CC BY,https://www.ebi.ac.uk/europepmc/webservices/rest/PMC6269242/fullTextXML,research_fields/technical/fulltext/PMC6269242.xml,1255c01615bbef5a05eafea77a36727737e28f5e085885b1508f1d1d6b69073c,NOT_TESTED,NOT_TESTED
technical,statistics,Assessment of predictive performance in incomplete data by combining internal validation and multiple imputation.,10.1186/s12874-016-0239-7,PMC5080703,2016,2016-10-26,research-article,기술 연구 참고,CC0,https://www.ebi.ac.uk/europepmc/webservices/rest/PMC5080703/fullTextXML,research_fields/technical/fulltext/PMC5080703.xml,aa9bce94c5e6a2330c468c98b0800ef2765ebaa5d48b209e2accb8d34115a05b,NOT_TESTED,NOT_TESTED
technical,statistics,Comparison of the effects of imputation methods for missing data in predictive modelling of cohort study datasets.,10.1186/s12874-024-02173-x,PMC10870437,2024,2024-02-16,research-article,기술 연구 참고,CC0,https://www.ebi.ac.uk/europepmc/webservices/rest/PMC10870437/fullTextXML,research_fields/technical/fulltext/PMC10870437.xml,488dd4cade96704a4cce7f986ddf04426b0377f0eb252e2c62bae2c02d1f4068,NOT_TESTED,NOT_TESTED
technical,statistics,The current practice of handling and reporting missing outcome data in eight widely used PROMs in RCT publications: a review of the current literature.,10.1007/s11136-015-1206-1,PMC4893363,2016,2016-01-28,review-article,문헌 검토·설계 배경,CC BY,https://www.ebi.ac.uk/europepmc/webservices/rest/PMC4893363/fullTextXML,research_fields/technical/fulltext/PMC4893363.xml,273a9975699b4596371bf4ccc257b1577042ce0fdc8041d9143ae5e5f858bc6b,NOT_TESTED,NOT_TESTED
technical,statistics,Genomic data imputation with variational auto-encoders.,10.1093/gigascience/giaa082,PMC7407276,2020,2020-08-01,research-article,기술 연구 참고,CC BY,https://www.ebi.ac.uk/europepmc/webservices/rest/PMC7407276/fullTextXML,research_fields/technical/fulltext/PMC7407276.xml,f8696d65ea1ca7b9ec02f2cacb3e785d1efbd4fee3868abb93f8bd2bc51bd754,NOT_TESTED,NOT_TESTED
technical,statistics,"Multiple imputation for patient reported outcome measures in randomised controlled trials: advantages and disadvantages of imputing at the item, subscale or composite score level.",10.1186/s12874-018-0542-6,PMC6114240,2018,2018-08-28,research-article,기술 연구 참고,CC0,https://www.ebi.ac.uk/europepmc/webservices/rest/PMC6114240/fullTextXML,research_fields/technical/fulltext/PMC6114240.xml,af9375647877ef5a1ae7ce07b3eca53b8f454c2d844812b8445b559b543b64bc,NOT_TESTED,NOT_TESTED
technical,statistics,Sensitive and reproducible MEG resting-state metrics of functional connectivity in Alzheimer's disease.,10.1186/s13195-022-00970-4,PMC8881826,2022,2022-02-26,research-article,기술 연구 참고,CC0,https://www.ebi.ac.uk/europepmc/webservices/rest/PMC8881826/fullTextXML,research_fields/technical/fulltext/PMC8881826.xml,8ff7c29179cf0ca535d81ef19fff64e8b9aa3d0da7c5c10c0c705a8f1ee97722,NOT_TESTED,NOT_TESTED
technical,statistics,Analyses of Sensitivity to the Missing-at-Random Assumption Using Multiple Imputation With Delta Adjustment: Application to a Tuberculosis/HIV Prevalence Survey With Incomplete HIV-Status Data.,10.1093/aje/kww107,PMC5860630,2017,2017-02-01,research-article,기술 연구 참고,CC BY,https://www.ebi.ac.uk/europepmc/webservices/rest/PMC5860630/fullTextXML,research_fields/technical/fulltext/PMC5860630.xml,6098c4a057e12304c5464941a05da148db46bd0e385896c08be381fbc9553a5e,NOT_TESTED,NOT_TESTED
technical,statistics,Handling trial participants with missing outcome data when conducting a meta-analysis: a systematic survey of proposed approaches.,10.1186/s13643-015-0083-6,PMC4511978,2015,2015-07-23,research-article,기술 연구 참고,CC0,https://www.ebi.ac.uk/europepmc/webservices/rest/PMC4511978/fullTextXML,research_fields/technical/fulltext/PMC4511978.xml,0e42bd223bb37ebc7a7c58e5da5678997b286b7f279131e374faca5089d29d9d,NOT_TESTED,NOT_TESTED
technical,statistics,Multiple Imputation for General Missing Data Patterns in the Presence of High-dimensional Data.,10.1038/srep21689,PMC4751511,2016,2016-02-12,research-article,기술 연구 참고,CC BY,https://www.ebi.ac.uk/europepmc/webservices/rest/PMC4751511/fullTextXML,research_fields/technical/fulltext/PMC4751511.xml,dad1aae90bfe416abe6930b66996b6b2f6b3927b0d190a694fa1696305b07c8c,NOT_TESTED,NOT_TESTED
technical,statistics,Addressing Missing Data in Patient-Reported Outcome Measures (PROMS): Implications for the Use of PROMS for Comparing Provider Performance.,10.1002/hec.3173,PMC4973682,2015,2015-03-05,research-article,기술 연구 참고,CC BY,https://www.ebi.ac.uk/europepmc/webservices/rest/PMC4973682/fullTextXML,research_fields/technical/fulltext/PMC4973682.xml,8dc9d146fa2ad699545f5f2ca340f1c978a19e4adf075cd29e3e1461f16bf999,NOT_TESTED,NOT_TESTED
technical,statistics,Estimating and reporting treatment effects in clinical trials for weight management: using estimands to interpret effects of intercurrent events and missing data.,10.1038/s41366-020-00733-x,PMC8081661,2021,2021-01-18,review-article,문헌 검토·설계 배경,CC BY,https://www.ebi.ac.uk/europepmc/webservices/rest/PMC8081661/fullTextXML,research_fields/technical/fulltext/PMC8081661.xml,2d12f1ef1f56c1620ea782fe806ac79041dc149ab0d71b7b6d20bea84de9f29f,NOT_TESTED,NOT_TESTED
technical,statistics,"""Wish You Were Here"": Examining Characteristics, Outcomes, and Statistical Solutions for Missing Cases in Web-Based Psychotherapeutic Trials.",10.2196/mental.8363,PMC5938693,2018,2018-04-19,research-article,기술 연구 참고,CC BY,https://www.ebi.ac.uk/europepmc/webservices/rest/PMC5938693/fullTextXML,research_fields/technical/fulltext/PMC5938693.xml,febbc422bd590a706f2141a6a8e749fe92822f390270a37c7324c016e895828d,NOT_TESTED,NOT_TESTED
technical,statistics,A comparison of multiple testing adjustment methods with block-correlation positively-dependent tests.,10.1371/journal.pone.0176124,PMC5409054,2017,2017-04-28,research-article,기술 연구 참고,CC BY,https://www.ebi.ac.uk/europepmc/webservices/rest/PMC5409054/fullTextXML,research_fields/technical/fulltext/PMC5409054.xml,276ebdb5c62d647ecc1ea336362c11db08512985049dbf38e9a0d095303f5456,NOT_TESTED,NOT_TESTED
technical,statistics,The impact of imputation quality on machine learning classifiers for datasets with missing values.,10.1038/s43856-023-00356-z,PMC10558448,2023,2023-10-06,research-article,기술 연구 참고,CC BY,https://www.ebi.ac.uk/europepmc/webservices/rest/PMC10558448/fullTextXML,research_fields/technical/fulltext/PMC10558448.xml,4c61734f31f8397383474226e91c916231df866fccd14f699c833afc346c49dc,NOT_TESTED,NOT_TESTED
technical,statistics,Missing data in trial-based cost-effectiveness analysis: An incomplete journey.,10.1002/hec.3654,PMC5947820,2018,2018-03-24,research-article,기술 연구 참고,CC BY,https://www.ebi.ac.uk/europepmc/webservices/rest/PMC5947820/fullTextXML,research_fields/technical/fulltext/PMC5947820.xml,9830c5c1b40d8eff492fe5efa7038439edfcf6790eb75274b0affa94856def4b,NOT_TESTED,NOT_TESTED
technical,statistics,Reporting and dealing with missing quality of life data in RCTs: has the picture changed in the last decade?,10.1007/s11136-016-1411-6,PMC5102945,2016,2016-09-20,review-article,문헌 검토·설계 배경,CC BY,https://www.ebi.ac.uk/europepmc/webservices/rest/PMC5102945/fullTextXML,research_fields/technical/fulltext/PMC5102945.xml,bf995314d2fee0fddca4345af412923f15329621143df9675e87b02e89b6c6e3,NOT_TESTED,NOT_TESTED
technical,statistics,METHimpute: imputation-guided construction of complete methylomes from WGBS data.,10.1186/s12864-018-4641-x,PMC5992726,2018,2018-06-07,research-article,기술 연구 참고,CC0,https://www.ebi.ac.uk/europepmc/webservices/rest/PMC5992726/fullTextXML,research_fields/technical/fulltext/PMC5992726.xml,1b1867bf37e601af23d48f6a85b058cf692e40e5398e672f84b5f076a7439739,NOT_TESTED,NOT_TESTED
technical,provenance,Exploring data quality and use of the routine health information system in Ethiopia: a mixed-methods study.,10.1136/bmjopen-2021-050356,PMC8710857,2021,2021-12-23,research-article,기술 연구 참고,CC BY,https://www.ebi.ac.uk/europepmc/webservices/rest/PMC8710857/fullTextXML,research_fields/technical/fulltext/PMC8710857.xml,32a0efee0470228b05a942986dc99216643e00bf53ff220e1744163a15c66771,NOT_TESTED,NOT_TESTED
technical,provenance,Reproducible MS/MS library cleaning pipeline in matchms.,10.1186/s13321-024-00878-1,PMC11285329,2024,2024-07-29,research-article,기술 연구 참고,CC0,https://www.ebi.ac.uk/europepmc/webservices/rest/PMC11285329/fullTextXML,research_fields/technical/fulltext/PMC11285329.xml,7319d85198bfd3825288a2c55536751787efac5a22c00015910e4a06e33b806f,NOT_TESTED,NOT_TESTED
technical,provenance,Automating Electronic Health Record Data Quality Assessment.,10.1007/s10916-022-01892-2,PMC9925537,2023,2023-02-13,review-article,문헌 검토·설계 배경,CC BY,https://www.ebi.ac.uk/europepmc/webservices/rest/PMC9925537/fullTextXML,research_fields/technical/fulltext/PMC9925537.xml,69f0ed8bf62d67017e2c882374176cbd3a4141cec7c2f72cc4bc97d746217ffe,NOT_TESTED,NOT_TESTED
technical,provenance,Instrumental Drift in Untargeted Metabolomics: Optimizing Data Quality with Intrastudy QC Samples.,10.3390/metabo13050665,PMC10222478,2023,2023-05-16,review-article,문헌 검토·설계 배경,CC BY,https://www.ebi.ac.uk/europepmc/webservices/rest/PMC10222478/fullTextXML,research_fields/technical/fulltext/PMC10222478.xml,42a5a8c377f63cac885d1d5a6949a849b401fc1797fb54cf5960c6c1c660c9d4,NOT_TESTED,NOT_TESTED
technical,provenance,Implementation of FAIR principles in the IPCC: the WGI AR6 Atlas repository.,10.1038/s41597-022-01739-y,PMC9569379,2022,2022-10-15,research-article,기술 연구 참고,CC BY,https://www.ebi.ac.uk/europepmc/webservices/rest/PMC9569379/fullTextXML,research_fields/technical/fulltext/PMC9569379.xml,25ecc846041e90f39ed4d37e4c1e712f3b2f545829ab639719e327247d43374d,NOT_TESTED,NOT_TESTED
technical,provenance,"Leveraging Comprehensive Cancer Registry Data to Enable a Broad Range of Research, Audit and Patient Support Activities.",10.3390/cancers14174131,PMC9454529,2022,2022-08-26,review-article,문헌 검토·설계 배경,CC BY,https://www.ebi.ac.uk/europepmc/webservices/rest/PMC9454529/fullTextXML,research_fields/technical/fulltext/PMC9454529.xml,2a9793d1631a7170e51466c3396a75d1e189784cc9f425c031aa52418a412657,NOT_TESTED,NOT_TESTED
technical,provenance,Data Quality of Longitudinally Collected Patient-Reported Outcomes After Thoracic Surgery: Comparison of Paper- and Web-Based Assessments.,10.2196/28915,PMC8663677,2021,2021-11-09,research-article,기술 연구 참고,CC BY,https://www.ebi.ac.uk/europepmc/webservices/rest/PMC8663677/fullTextXML,research_fields/technical/fulltext/PMC8663677.xml,b261837ce9fbe1bee9319e273b7d248fb0970a973f3d45c5d14c8fc9b800cb82,NOT_TESTED,NOT_TESTED
technical,provenance,Effects of age and cognitive function on data quality of standardized surveys in nursing home populations.,10.1186/s12877-019-1258-0,PMC6724313,2019,2019-09-03,research-article,기술 연구 참고,CC0,https://www.ebi.ac.uk/europepmc/webservices/rest/PMC6724313/fullTextXML,research_fields/technical/fulltext/PMC6724313.xml,499bb6e080ce4cfc614691089e3647489382d7e94f836e37ca3c9d35e73faf4a,NOT_TESTED,NOT_TESTED
technical,provenance,"fNIRS reproducibility varies with data quality, analysis pipelines, and researcher experience.",10.1038/s42003-025-08412-1,PMC12322209,2025,2025-08-04,research-article,기술 연구 참고,CC BY,https://www.ebi.ac.uk/europepmc/webservices/rest/PMC12322209/fullTextXML,research_fields/technical/fulltext/PMC12322209.xml,7fcd4de88cb9637e972d13f9a6f05c65861ea6aeb81144a9b370604e6c169555,NOT_TESTED,NOT_TESTED
technical,provenance,Quantifying the Impact of Anonymization-Induced Clinical Data Quality Loss: Methodological Quantitative Case Study Using Primary Diagnosis Codes and Hospital Length of Stay.,10.2196/97661,PMC13566071,2026,2026-09-11,research-article,기술 연구 참고,CC BY,https://www.ebi.ac.uk/europepmc/webservices/rest/PMC13566071/fullTextXML,research_fields/technical/fulltext/PMC13566071.xml,b8c3ae62f3b25d6132da63eedfa8ed9d24b21505597a6d6a7728236d99ec50bf,NOT_TESTED,NOT_TESTED
technical,provenance,Considerations for FAIR data catalogs from DAPHNE4NFDI.,10.1107/s2052252526006871,PMC13548827,2026,2026-09-01,review-article,문헌 검토·설계 배경,CC BY,https://www.ebi.ac.uk/europepmc/webservices/rest/PMC13548827/fullTextXML,research_fields/technical/fulltext/PMC13548827.xml,30eaf45e450548f14ae108025c7b6f369744cf26c63197086f60ba7e8e7449f0,NOT_TESTED,NOT_TESTED
technical,provenance,The SARS-CoV-2 Integrated Genomic Epidemiology Database (IGED): Linking viral genomes with patient-level metadata to advance statewide genomic surveillance in California.,10.1371/journal.pdig.0001473,PMC13528992,2026,2026-08-31,research-article,기술 연구 참고,CC BY,https://www.ebi.ac.uk/europepmc/webservices/rest/PMC13528992/fullTextXML,research_fields/technical/fulltext/PMC13528992.xml,a4f3cb57492bbdeb92e10b08f66419e4e79eea7ee17c8dbeb6c788308db7d14c,NOT_TESTED,NOT_TESTED
technical,provenance,Inclusive mobile brain-body imaging achieves equivalent EEG data quality across racial groups.,10.1371/journal.pdig.0001638,PMC13450788,2026,2026-08-07,research-article,기술 연구 참고,CC BY,https://www.ebi.ac.uk/europepmc/webservices/rest/PMC13450788/fullTextXML,research_fields/technical/fulltext/PMC13450788.xml,b8d4917aa3083a249f224e504b49a518d6e3cf1a719a3d2847be7810061e873a,NOT_TESTED,NOT_TESTED
technical,provenance,FAIRness at all costs? Practical limitations in applying the FAIR principles to plant genetic resources data.,10.3389/fpls.2026.1888670,PMC13490073,2026,2026-08-06,research-article,기술 연구 참고,CC BY,https://www.ebi.ac.uk/europepmc/webservices/rest/PMC13490073/fullTextXML,research_fields/technical/fulltext/PMC13490073.xml,33cd114ebea4b8eb60cdfd87de08b569e14b961f4293ed52e49c84efc2698b2e,NOT_TESTED,NOT_TESTED
technical,provenance,Data Management Workflow for FAIR Sharing of Bioimaging Datasets in Plasma Medicine.,10.1038/s41597-026-07982-x,PMC13439526,2026,2026-08-04,research-article,기술 연구 참고,CC BY,https://www.ebi.ac.uk/europepmc/webservices/rest/PMC13439526/fullTextXML,research_fields/technical/fulltext/PMC13439526.xml,eabb8fdccbc836894f95498d46e95aaca002d6bbd54dc95e4fbe6b71d8cdb8db,NOT_TESTED,NOT_TESTED
technical,provenance,Curating and sharing XAS data - Metadata and Scientific quality control.,10.1038/s41597-026-07966-x,PMC13428736,2026,2026-08-01,research-article,기술 연구 참고,CC BY,https://www.ebi.ac.uk/europepmc/webservices/rest/PMC13428736/fullTextXML,research_fields/technical/fulltext/PMC13428736.xml,105c33bd2bdb1efb42533fd5f3960ea034f9442f19a2754f1c59ca744e9b287f,NOT_TESTED,NOT_TESTED
technical,provenance,FRED enables standardized FAIR metadata generation and management for omics research.,10.1038/s41598-026-61886-9,PMC13400734,2026,2026-07-24,research-article,기술 연구 참고,CC BY,https://www.ebi.ac.uk/europepmc/webservices/rest/PMC13400734/fullTextXML,research_fields/technical/fulltext/PMC13400734.xml,86220772f425c06569b3b2f5549dc7fd9993bb8b7eea658970a6564892d10865,NOT_TESTED,NOT_TESTED
technical,provenance,Managing complexity in research data management for heterogeneous biotechnological data: a perspective on interacting as data steward.,10.1007/s00449-026-03380-0,PMC13582134,2026,2026-07-20,review-article,문헌 검토·설계 배경,CC BY,https://www.ebi.ac.uk/europepmc/webservices/rest/PMC13582134/fullTextXML,research_fields/technical/fulltext/PMC13582134.xml,fd262e5cf190920506c984c544a0414c7849dbe24199b622e500bdd543335237,NOT_TESTED,NOT_TESTED
technical,provenance,"Advancing FAIR data towards comparable, organized, predictive AI-ready data for community validation.",10.1038/s42003-026-10694-y,PMC13380610,2026,2026-07-18,review-article,문헌 검토·설계 배경,CC BY,https://www.ebi.ac.uk/europepmc/webservices/rest/PMC13380610/fullTextXML,research_fields/technical/fulltext/PMC13380610.xml,d64449cd772264bca7f96ac95520fc65f7dd0d811fc41fba594fb9dce6fd572c,NOT_TESTED,NOT_TESTED
technical,provenance,"The Swiss Personalized Health Network Metadata Catalog: Platform for Health Data Discovery and Exploration Based on Findable, Accessible, Interoperable, and Reusable Principles.",10.2196/90146,PMC13367950,2026,2026-07-14,research-article,기술 연구 참고,CC BY,https://www.ebi.ac.uk/europepmc/webservices/rest/PMC13367950/fullTextXML,research_fields/technical/fulltext/PMC13367950.xml,b6941b7877d409e9e49234d83cc9f3ee575bb5d1b1e31a89e11324ebbeb7bab4,NOT_TESTED,NOT_TESTED
technical,ai_evaluation,"Evaluating Artificial Intelligence, Peer, and Instructor Feedback Across Scientific Communication Assignments in Undergraduate Biology.",10.1002/ece3.74365,PMC13590280,2026,2026-09-20,research-article,기술 연구 참고,CC BY,https://www.ebi.ac.uk/europepmc/webservices/rest/PMC13590280/fullTextXML,research_fields/technical/fulltext/PMC13590280.xml,a3c583f046714575ef6f9902895ece8c1bf812830e1774e9f048255e494cff5d,NOT_TESTED,NOT_TESTED
technical,ai_evaluation,Multimodal large language models for bladder tumor detection in cystoscopy: a retrospective benchmarking study.,10.1007/s00345-026-06761-y,PMC13585802,2026,2026-09-17,research-article,기술 연구 참고,CC BY,https://www.ebi.ac.uk/europepmc/webservices/rest/PMC13585802/fullTextXML,research_fields/technical/fulltext/PMC13585802.xml,a68f58d7d5f9cf26b44e81db2531efeb9018fe0d3797f5134a86405f261b20d2,NOT_TESTED,NOT_TESTED
technical,ai_evaluation,Comparative evaluation of ChatGPT and gemini responses to patient-oriented questions on breast cancer.,10.1371/journal.pone.0358325,PMC13580998,2026,2026-09-16,research-article,기술 연구 참고,CC BY,https://www.ebi.ac.uk/europepmc/webservices/rest/PMC13580998/fullTextXML,research_fields/technical/fulltext/PMC13580998.xml,db08ed497103a490faf3064a8496b08d6cea6bcbf8bde9f845f5b402a3e6d5b9,NOT_TESTED,NOT_TESTED
technical,ai_evaluation,Sino-US-DrugQA: A benchmark for evaluating large language models in cross-jurisdictional pharmaceutical regulation.,10.1371/journal.pone.0343858,PMC13577527,2026,2026-09-15,research-article,기술 연구 참고,CC BY,https://www.ebi.ac.uk/europepmc/webservices/rest/PMC13577527/fullTextXML,research_fields/technical/fulltext/PMC13577527.xml,71971aa01648ef8943fb2b88b94974f4afc343979c72e727c7ed97d7440c0248,NOT_TESTED,NOT_TESTED
technical,ai_evaluation,Bridging trust and performance in intelligent systems: Hybrid explainable AI approaches for interpreting large language models.,10.1371/journal.pone.0343472,PMC13577463,2026,2026-09-15,research-article,기술 연구 참고,CC BY,https://www.ebi.ac.uk/europepmc/webservices/rest/PMC13577463/fullTextXML,research_fields/technical/fulltext/PMC13577463.xml,603a74de23296038976a938d38c102a310a74e90e08429a9d6f52bc0d09359ab,NOT_TESTED,NOT_TESTED
technical,ai_evaluation,"Frameworks, Methodologies, and Tools for Evaluating Large Language Models in Digital Mental Health Interventions: Protocol for a Scoping Review.",10.2196/91677,PMC13574329,2026,2026-09-14,research-article,기술 연구 참고,CC BY,https://www.ebi.ac.uk/europepmc/webservices/rest/PMC13574329/fullTextXML,research_fields/technical/fulltext/PMC13574329.xml,2e9ecc657d78018faee56393b8de8676896745caf2fc687669cd14362d57f5b8,NOT_TESTED,NOT_TESTED
technical,ai_evaluation,Anonymization of Portuguese Clinical Notes Using Large Language Models and Quantum-Enhanced Hybrid Architectures: Comparative Evaluation Study.,10.2196/91513,PMC13575808,2026,2026-09-14,research-article,기술 연구 참고,CC BY,https://www.ebi.ac.uk/europepmc/webservices/rest/PMC13575808/fullTextXML,research_fields/technical/fulltext/PMC13575808.xml,b71941ab61d8e747d96464cc46fad69363a9a77e11b2d4e1e9113561741b3fc1,NOT_TESTED,NOT_TESTED
technical,ai_evaluation,Real-world use and evaluation of a generative AI chatbot for Parkinson's disease information: a prospective observational study.,10.1016/j.lanepe.2026.101866,PMC13587714,2026,2026-09-12,research-article,기술 연구 참고,CC BY,https://www.ebi.ac.uk/europepmc/webservices/rest/PMC13587714/fullTextXML,research_fields/technical/fulltext/PMC13587714.xml,638de1c542247348fb53b5640c776438b230809d15405a211db7e3113153beca,NOT_TESTED,NOT_TESTED
technical,ai_evaluation,Evaluating Large Language Models in Clinical Audiology (AUDIOLOGYBENCH): Benchmark Development and Validation Study.,10.2196/94755,PMC13568690,2026,2026-09-11,research-article,기술 연구 참고,CC BY,https://www.ebi.ac.uk/europepmc/webservices/rest/PMC13568690/fullTextXML,research_fields/technical/fulltext/PMC13568690.xml,7c57ef4ffb8a57cd715e1506e2388888f1751c71e48f795e4bcb7ee3ca2718c8,NOT_TESTED,NOT_TESTED
technical,ai_evaluation,"A pilot study to implement artificial intelligence-enabled, point-of-care obstetric ultrasound for gestational age estimation in Zambia: An evaluation protocol.",10.1371/journal.pone.0357962,PMC13567750,2026,2026-09-11,research-article,기술 연구 참고,CC BY,https://www.ebi.ac.uk/europepmc/webservices/rest/PMC13567750/fullTextXML,research_fields/technical/fulltext/PMC13567750.xml,6c0a09754146ef1a4d39ff3ef772992952deda98ae46989b3aa9ac0e69059696,NOT_TESTED,NOT_TESTED
technical,ai_evaluation,Fine-Tuning Large Language Models for Structured Extraction of Infectious Disease-Related Information From Clinical Notes in Japanese Primary Care: Development and Internal Validation Study.,10.2196/84974,PMC13561044,2026,2026-09-10,research-article,기술 연구 참고,CC BY,https://www.ebi.ac.uk/europepmc/webservices/rest/PMC13561044/fullTextXML,research_fields/technical/fulltext/PMC13561044.xml,00700b074725a52aafe05f62cc0ea3a72a6a672cbe4ec60d85e0fc9fb9f8cf54,NOT_TESTED,NOT_TESTED
technical,ai_evaluation,Large language models show high clinical safety but differences in completeness for reproductive counselling in women with inflammatory rheumatic and musculoskeletal diseases: a comparative expert evaluation.,10.1007/s00296-026-06271-5,PMC13562313,2026,2026-09-10,research-article,기술 연구 참고,CC BY,https://www.ebi.ac.uk/europepmc/webservices/rest/PMC13562313/fullTextXML,research_fields/technical/fulltext/PMC13562313.xml,8b442c81bfb3fc256d9020e29ee62ff2628dbc2e0586928c73435b49670e40c8,NOT_TESTED,NOT_TESTED
technical,research_workflow,Centring the voices of birth mothers who faced infant removal through the co-production of the MUMS@RISC artwork: an arts-based evaluation of trauma-informed research collaboration and participation.,10.1186/s40900-026-00966-6,PMC13584445,2026,2026-09-17,research-article,기술 연구 참고,CC BY,https://www.ebi.ac.uk/europepmc/webservices/rest/PMC13584445/fullTextXML,research_fields/technical/fulltext/PMC13584445.xml,864a5c19cad44bdbc2757f34cb4e5bcb270a9908f36eec2e758158e8ef6af354,NOT_TESTED,NOT_TESTED
technical,research_workflow,FAIR by design (TRACE): A Trusted Research Access &amp; Collaboration Environment.,10.1186/s12911-026-03840-3,PMC13576130,2026,2026-09-15,research-article,기술 연구 참고,CC BY,https://www.ebi.ac.uk/europepmc/webservices/rest/PMC13576130/fullTextXML,research_fields/technical/fulltext/PMC13576130.xml,99969943ae0f7d779755ec47ff497b68ba69dc004d28939b8a74bd21c80cc772,NOT_TESTED,NOT_TESTED
technical,research_workflow,"Cataloguing and Theorising Open Research Practices in the Arts, Humanities and Social Sciences: Problematising and Diversifying 'Open Science'.",10.12688/f1000research.178353.2,PMC13287985,2026,2026-08-20,research-article,기술 연구 참고,CC BY,https://www.ebi.ac.uk/europepmc/webservices/rest/PMC13287985/fullTextXML,research_fields/technical/fulltext/PMC13287985.xml,3a6a22bb8e07ba4050427e681200425cd9555a3f7b37beda88e6f57d87fee740,NOT_TESTED,NOT_TESTED
technical,research_workflow,The Team Science Readiness Framework for scientific research collaboration.,10.3389/fpsyg.2026.1792280,PMC13533812,2026,2026-08-19,research-article,기술 연구 참고,CC BY,https://www.ebi.ac.uk/europepmc/webservices/rest/PMC13533812/fullTextXML,research_fields/technical/fulltext/PMC13533812.xml,928c34e9274392ff28df807d0218c8cf4b9393606d11a8e93f35d0c30257a95b,NOT_TESTED,NOT_TESTED
technical,research_workflow,Disclosure is not documentation: an open science framework for documenting generative AI use in scholarly research and publication workflows.,10.1186/s41073-026-00245-8,PMC13483690,2026,2026-08-15,research-article,기술 연구 참고,CC BY,https://www.ebi.ac.uk/europepmc/webservices/rest/PMC13483690/fullTextXML,research_fields/technical/fulltext/PMC13483690.xml,6a670c235f65048dc68f119fe29c132ad2d9bd25ff942b3cbeaa5413df67f7f4,NOT_TESTED,NOT_TESTED
technical,research_workflow,Context of data sharing practices in collaborative human genomic research in low and middle income countries: A systematic review.,10.1371/journal.pone.0354471,PMC13450839,2026,2026-08-07,research-article,기술 연구 참고,CC BY,https://www.ebi.ac.uk/europepmc/webservices/rest/PMC13450839/fullTextXML,research_fields/technical/fulltext/PMC13450839.xml,e719fcce99b99f3d6c1c15099b53805c707c944f6b491163f5cdeb0da877e9bf,NOT_TESTED,NOT_TESTED
technical,research_workflow,"Bioinformatics in &lt;i&gt;Español&lt;/i&gt;: expanding open, diverse, and collaborative science through SEH2Bioinfo.",10.1093/bioadv/vbag182,PMC13455081,2026,2026-08-06,research-article,기술 연구 참고,CC BY,https://www.ebi.ac.uk/europepmc/webservices/rest/PMC13455081/fullTextXML,research_fields/technical/fulltext/PMC13455081.xml,5a4aa3d4c346974378ed6ddd029e78455e29a718ea3ae1cd9ac1990d0d5c3375,NOT_TESTED,NOT_TESTED
technical,research_workflow,Beijing Roundtable Addresses Research Integrity's Role in Advancing Open Science.,10.1002/hcs2.70089,PMC13433148,2026,2026-08-03,research-article,기술 연구 참고,CC BY,https://www.ebi.ac.uk/europepmc/webservices/rest/PMC13433148/fullTextXML,research_fields/technical/fulltext/PMC13433148.xml,12a70b9c88679a074fb0f83dbdf7c680dbc7a8c2bdbb4e914e1956e20a7777db,NOT_TESTED,NOT_TESTED
technical,research_workflow,Strengthening India's pandemic preparedness with the four zonal institutes of virology: stakeholder consultations for outbreak response and collaborative research priorities.,10.1186/s40249-026-01484-z,PMC13411115,2026,2026-07-28,research-article,기술 연구 참고,CC0,https://www.ebi.ac.uk/europepmc/webservices/rest/PMC13411115/fullTextXML,research_fields/technical/fulltext/PMC13411115.xml,e2511bcba187bb38cea99447bc96b04edfa1847d9f18da4f384d35f7ff9acb04,NOT_TESTED,NOT_TESTED
technical,research_workflow,Open Science Practices in Systematic Reviews From 2014 to 2024: A Cohort Study of 300 Systematic Reviews.,10.1002/cesm.70096,PMC13387410,2026,2026-07-18,research-article,기술 연구 참고,CC BY,https://www.ebi.ac.uk/europepmc/webservices/rest/PMC13387410/fullTextXML,research_fields/technical/fulltext/PMC13387410.xml,f3e38a8d1acd3e6813ab014230cd189a230a0bc4e79d03223528636c9098e9e5,NOT_TESTED,NOT_TESTED
technical,research_workflow,"Factors Supporting Translational, Participatory Ecology Projects-Observations from Ten Years of Collaborative Research on Invasive Fish.",10.1007/s00267-026-02461-w,PMC13375656,2026,2026-07-16,research-article,기술 연구 참고,CC BY,https://www.ebi.ac.uk/europepmc/webservices/rest/PMC13375656/fullTextXML,research_fields/technical/fulltext/PMC13375656.xml,24a0efbf11ae6658ba212e8d9513f303ac38b9918f4491d0c6a2ea795e6b949d,NOT_TESTED,NOT_TESTED
technical,research_workflow,From manual entry to machine precision: challenges and evolution of metadata schema development in collaborative research centers.,10.1186/s13104-026-07937-w,PMC13339696,2026,2026-07-06,research-article,기술 연구 참고,CC BY,https://www.ebi.ac.uk/europepmc/webservices/rest/PMC13339696/fullTextXML,research_fields/technical/fulltext/PMC13339696.xml,68f4e6dd843983e1cb9f06a9c469f996fcf6d6f2ae2f83544c50b8fb2298fb63,NOT_TESTED,NOT_TESTED
technical,research_workflow,Global trends in dysmenorrhea research: A bibliometric analysis informing pain research collaboration and clinical translation.,10.1097/md.0000000000049824,PMC13406072,2026,2026-07-01,research-article,기술 연구 참고,CC BY,https://www.ebi.ac.uk/europepmc/webservices/rest/PMC13406072/fullTextXML,research_fields/technical/fulltext/PMC13406072.xml,416c6e74f1537254ed7ba78796e0b1de775bb6cbb08c2419988cf49872b67b15,NOT_TESTED,NOT_TESTED
technical,research_workflow,Accelerating Research on Brain Aging: Enabling Brain Imaging Data Sharing in the Open Science Landscape.,10.1111/ene.70672,PMC13397866,2026,2026-07-01,review-article,문헌 검토·설계 배경,CC BY,https://www.ebi.ac.uk/europepmc/webservices/rest/PMC13397866/fullTextXML,research_fields/technical/fulltext/PMC13397866.xml,6d90016c7e46aafec88716f664bb2492584c362bf292a6187e684964812030a5,NOT_TESTED,NOT_TESTED
technical,research_workflow,"Galaxy for accessible, reproducible, and collaborative data analyses: 2026 update.",10.1093/nar/gkag469,PMC13355071,2026,2026-07-01,research-article,기술 연구 참고,CC BY,https://www.ebi.ac.uk/europepmc/webservices/rest/PMC13355071/fullTextXML,research_fields/technical/fulltext/PMC13355071.xml,2bbebee2162134849718cdb8f0bfb66d4a45f14c61bbe00905dc50db1b49b710,NOT_TESTED,NOT_TESTED
technical,research_workflow,Mobile-Based Ecological Momentary Interventions for Grief in China and Switzerland: Protocol for a Collaborative and Iterative Qualitative App Development Study.,10.2196/87021,PMC13249120,2026,2026-06-09,research-article,기술 연구 참고,CC BY,https://www.ebi.ac.uk/europepmc/webservices/rest/PMC13249120/fullTextXML,research_fields/technical/fulltext/PMC13249120.xml,938da68af7564fef316094ceac2903c4b50c54dc475ef829f5c73c41ffd4eeeb,NOT_TESTED,NOT_TESTED
technical,research_workflow,The prognostic value of red cell distribution width-to-albumin ratio for 28-day mortality in sepsis patients: a multicenter analysis based on the eICU Collaborative Research Database.,10.3389/fmed.2026.1816709,PMC13253725,2026,2026-05-28,research-article,기술 연구 참고,CC BY,https://www.ebi.ac.uk/europepmc/webservices/rest/PMC13253725/fullTextXML,research_fields/technical/fulltext/PMC13253725.xml,7087fb696854f07be97da00bdb3cb9a1fdbe59828ff44d5afc68358cf47fc411,NOT_TESTED,NOT_TESTED
technical,research_workflow,IntegriLAB: a blockchain-enabled electronic lab notebook for reproducible neuroimaging research.,10.3389/fninf.2026.1753937,PMC13233703,2026,2026-05-21,research-article,기술 연구 참고,CC BY,https://www.ebi.ac.uk/europepmc/webservices/rest/PMC13233703/fullTextXML,research_fields/technical/fulltext/PMC13233703.xml,df403a5392200ec675b960c195d152ad459df0af779795db84e640f9181509c9,NOT_TESTED,NOT_TESTED
technical,research_workflow,A reproducible systematic map of research on the illusory truth effect.,10.3758/s13423-021-01995-w,PMC9166874,2021,2021-10-27,research-article,기술 연구 참고,CC BY,https://www.ebi.ac.uk/europepmc/webservices/rest/PMC9166874/fullTextXML,research_fields/technical/fulltext/PMC9166874.xml,0cceeb46f1ae8b6ba13e21bf2df035e1c269798ae3e3523d89174ddfeeef0249,NOT_TESTED,NOT_TESTED
technical,research_workflow,Open science and modified funding lotteries can impede the natural selection of bad science.,10.1098/rsos.190194,PMC6689639,2019,2019-07-10,research-article,기술 연구 참고,CC BY,https://www.ebi.ac.uk/europepmc/webservices/rest/PMC6689639/fullTextXML,research_fields/technical/fulltext/PMC6689639.xml,73ced0961bc097cc4d89879b2680e33ced410fa8cc214834958f8d67e3742bdd,NOT_TESTED,NOT_TESTED
technical,claim_evidence,"A Secure, Scalable Large Language Model-Based System (CIDER) for High-Throughput Clinical Data Extraction From Medical Reports: Retrospective Validation Study.",10.2196/95780,PMC13583534,2026,2026-09-02,research-article,기술 연구 참고,CC BY,https://www.ebi.ac.uk/europepmc/webservices/rest/PMC13583534/fullTextXML,research_fields/technical/fulltext/PMC13583534.xml,ea549d316069b43d2e6bfc811c4b43ed4542a45b6336e33d9c6bdd604416f973,NOT_TESTED,NOT_TESTED
technical,claim_evidence,A FAIR gold-standard benchmark for geographic entity recognition in cancer genomics literature for biomedical NLP.,10.1093/bioadv/vbag225,PMC13575932,2026,2026-08-27,research-article,기술 연구 참고,CC BY,https://www.ebi.ac.uk/europepmc/webservices/rest/PMC13575932/fullTextXML,research_fields/technical/fulltext/PMC13575932.xml,4a3eeca962fb298acfdfb57acb51dc14d5f9fe9c76fd4f273cd1caac608f4e8a,NOT_TESTED,NOT_TESTED
technical,claim_evidence,Clinical temporal relation extraction with long-context transformers: a robustness study on MIMIC-III and MIMIC-IV.,10.3389/fdgth.2026.1878461,PMC13553868,2026,2026-08-26,research-article,기술 연구 참고,CC BY,https://www.ebi.ac.uk/europepmc/webservices/rest/PMC13553868/fullTextXML,research_fields/technical/fulltext/PMC13553868.xml,83edae168e5871cae71b7c2e59acfbe6d4f6e36c340fc41ddbac22f9d3ab4135,NOT_TESTED,NOT_TESTED
technical,claim_evidence,A text mining and ontology-based approach using phenotypes to obtain relevant literature for rare diseases.,10.1016/j.isci.2026.117183,PMC13495350,2026,2026-08-13,research-article,기술 연구 참고,CC BY,https://www.ebi.ac.uk/europepmc/webservices/rest/PMC13495350/fullTextXML,research_fields/technical/fulltext/PMC13495350.xml,01459f1f172cf09cd97ada6cff03e9b38c0bf31d811734866163932be1bebc55,NOT_TESTED,NOT_TESTED
technical,claim_evidence,Quantifying the Intensity of Online Social Support via Large Language Model-Based Evidence Extraction: Development and Validation Study.,10.2196/95025,PMC13466868,2026,2026-08-12,research-article,기술 연구 참고,CC BY,https://www.ebi.ac.uk/europepmc/webservices/rest/PMC13466868/fullTextXML,research_fields/technical/fulltext/PMC13466868.xml,9dddea23a76a9ef030b3ac25eaca2e39098c1c15cb6542ba412ddad88f090ecb,NOT_TESTED,NOT_TESTED
technical,claim_evidence,Artificial intelligence can match domain experts in evidence extraction and critical appraisal of microbial oncogenesis research publications.,10.3389/fcimb.2026.1876326,PMC13531347,2026,2026-08-06,research-article,기술 연구 참고,CC BY,https://www.ebi.ac.uk/europepmc/webservices/rest/PMC13531347/fullTextXML,research_fields/technical/fulltext/PMC13531347.xml,aada49ffb7a031aa62585f95215e56ac54690a26ee2c320c65ed72732754c8e6,NOT_TESTED,NOT_TESTED
technical,claim_evidence,A computer vision-based approach for automatically extracting data from bar chart raster images to facilitate meta-analysis of biomedical literature.,10.1371/journal.pone.0347081,PMC13426920,2026,2026-07-31,research-article,기술 연구 참고,CC BY,https://www.ebi.ac.uk/europepmc/webservices/rest/PMC13426920/fullTextXML,research_fields/technical/fulltext/PMC13426920.xml,9bd57d0430ee556fd55bf97b9cd376e84abad7287091af619656e1581feb2e64,NOT_TESTED,NOT_TESTED
technical,claim_evidence,Toward the automation of family semantic grids: a pilot exploration of text mining for evidence-informed systemic-relational psychotherapy.,10.3389/frcha.2026.1800848,PMC13443033,2026,2026-07-23,research-article,기술 연구 참고,CC BY,https://www.ebi.ac.uk/europepmc/webservices/rest/PMC13443033/fullTextXML,research_fields/technical/fulltext/PMC13443033.xml,15d599b4f254334ef403b8b80b20be0709206487b3ac80d7f9e16eb8847bd369,NOT_TESTED,NOT_TESTED
technical,claim_evidence,Natural Language Processing Applied to Psychiatric Clinical Notes: Scoping Review.,10.2196/91249,PMC13354137,2026,2026-07-10,review-article,문헌 검토·설계 배경,CC BY,https://www.ebi.ac.uk/europepmc/webservices/rest/PMC13354137/fullTextXML,research_fields/technical/fulltext/PMC13354137.xml,901f7f469d5e155619287e615afb93097ac29569e1e06c8744f6a8cddf8ed93b,NOT_TESTED,NOT_TESTED
technical,claim_evidence,Large Language Models in Preclinical Spine Research: A Scoping Review and Expert Perspective on Evidence-Aware Experimental Workflows.,10.1002/jsp2.70203,PMC13344227,2026,2026-07-08,research-article,기술 연구 참고,CC BY,https://www.ebi.ac.uk/europepmc/webservices/rest/PMC13344227/fullTextXML,research_fields/technical/fulltext/PMC13344227.xml,2020d4f42158566fdf3eac8b9e76161e086ce9e8e8441813adb60cdf9666cdca,NOT_TESTED,NOT_TESTED
technical,claim_evidence,Literature-informed gene extraction and ranking for multimodal data fusion.,10.1093/bib/bbag348,PMC13333087,2026,2026-07-01,research-article,기술 연구 참고,CC BY,https://www.ebi.ac.uk/europepmc/webservices/rest/PMC13333087/fullTextXML,research_fields/technical/fulltext/PMC13333087.xml,3d9d80522cf35c77949ec5438c0872045b83af9c0ec2f2ce194b3b3e88862199,NOT_TESTED,NOT_TESTED
technical,claim_evidence,Automated Extraction of Multicomponent Alloy Data Using Large Language Models for Sustainable Design.,10.1002/advs.75916,PMC13336656,2026,2026-06-09,research-article,기술 연구 참고,CC BY,https://www.ebi.ac.uk/europepmc/webservices/rest/PMC13336656/fullTextXML,research_fields/technical/fulltext/PMC13336656.xml,32f214d9087a6cd54f7484078940abe995940e2b77631b132fd4813c1b977a81,NOT_TESTED,NOT_TESTED
technical,claim_evidence,Quinex: Quantitative information extraction from text using open and lightweight LLMs.,10.1016/j.xinn.2026.101391,PMC13556337,2026,2026-04-15,research-article,기술 연구 참고,CC BY,https://www.ebi.ac.uk/europepmc/webservices/rest/PMC13556337/fullTextXML,research_fields/technical/fulltext/PMC13556337.xml,8b772826862665825e243ff7a1a4570622f39c82bf821a86371127b81d9b7043,NOT_TESTED,NOT_TESTED
technical,claim_evidence,Natural Language Processing for Substance Use Disorder Information Extraction: A Systematic Literature Review.,10.1007/s40429-026-00733-3,PMC13070045,2026,2026-04-11,review-article,문헌 검토·설계 배경,CC BY,https://www.ebi.ac.uk/europepmc/webservices/rest/PMC13070045/fullTextXML,research_fields/technical/fulltext/PMC13070045.xml,0260d0a0dfffc55a8e1420091804e087e01ca8e81e6b1d75c7c232780693eb29,NOT_TESTED,NOT_TESTED
technical,claim_evidence,Mining Two Decades of Soybean Genomics Literature Using Rule-Based Text Mining: Chromosome-Resolved Patterns of &lt;i&gt;Glyma&lt;/i&gt; Gene Mentions.,10.3390/ijms27083398,PMC13115798,2026,2026-04-10,research-article,기술 연구 참고,CC BY,https://www.ebi.ac.uk/europepmc/webservices/rest/PMC13115798/fullTextXML,research_fields/technical/fulltext/PMC13115798.xml,6937744d54c6b870f69727915b085b553cd941ef99222337fe91bcaebf8deb61,NOT_TESTED,NOT_TESTED
technical,ai_evaluation,"Effectiveness, Safety, and Workflow Burden of Large Language Model-Based Medical Report Generation: Systematic Review.",10.2196/97007,PMC13557449,2026,2026-09-09,review-article,문헌 검토·설계 배경,CC BY,https://www.ebi.ac.uk/europepmc/webservices/rest/PMC13557449/fullTextXML,research_fields/technical/fulltext/PMC13557449.xml,4db1d8db46c6c503b0f193deff308c7adf55b183e85c18b283a8bef7a67e1afd,NOT_TESTED,NOT_TESTED
technical,ai_evaluation,Conditional Perplexity Scoring for Large Language Model-Generated Differential Diagnoses in Case Reports: Preliminary Computational Evaluation.,10.2196/98819,PMC13557325,2026,2026-09-09,research-article,기술 연구 참고,CC BY,https://www.ebi.ac.uk/europepmc/webservices/rest/PMC13557325/fullTextXML,research_fields/technical/fulltext/PMC13557325.xml,5d51bdcb64d555a33686c65fbadc69a8e801fa5283b0298802d1fac066c4721e,NOT_TESTED,NOT_TESTED
technical,ai_evaluation,Large Language Models for Distress Rating in Korean Psycho-Oncology Interviews: Exploratory Clinician-Benchmarked Evaluation Study.,10.2196/91405,PMC13557317,2026,2026-09-09,research-article,기술 연구 참고,CC BY,https://www.ebi.ac.uk/europepmc/webservices/rest/PMC13557317/fullTextXML,research_fields/technical/fulltext/PMC13557317.xml,1b8efa1fe1002d3d7cf5dfa75efdaceb84c41e67bd9c9820b33377cc1dd70fa4,NOT_TESTED,NOT_TESTED
technical,ai_evaluation,"Performance, Failures, and Oversight of a Large Language Model Agent for Clinical Data Analysis: Evaluation Study.",10.2196/99597,PMC13552643,2026,2026-09-08,research-article,기술 연구 참고,CC BY,https://www.ebi.ac.uk/europepmc/webservices/rest/PMC13552643/fullTextXML,research_fields/technical/fulltext/PMC13552643.xml,d24f734be228b595ce41c0778af0b11221bef3f4c68fe2bf0adc629ebc1f5684,NOT_TESTED,NOT_TESTED
technical,ai_evaluation,Benchmarking Zero-Shot Open-Vocabulary and Fine-Tuned Object Detectors for Underground Mine Personnel Detection.,10.3390/s26175646,PMC13568132,2026,2026-09-05,research-article,기술 연구 참고,CC BY,https://www.ebi.ac.uk/europepmc/webservices/rest/PMC13568132/fullTextXML,research_fields/technical/fulltext/PMC13568132.xml,9a2f4e0a9764cdd02c58b2420cfefd62a9cbb0a83ef41abf1041ea99fd643e02,NOT_TESTED,NOT_TESTED
technical,ai_evaluation,From zero-shot to fine-tuning: optimize large language models for error detection of ultrasound reports.,10.1186/s13244-026-02394-2,PMC13546399,2026,2026-09-05,research-article,기술 연구 참고,CC BY,https://www.ebi.ac.uk/europepmc/webservices/rest/PMC13546399/fullTextXML,research_fields/technical/fulltext/PMC13546399.xml,35f3dee554d9bb259cef21cc8c92b42c30950a15fd5b4a8ec8e8c686da05d066,NOT_TESTED,NOT_TESTED
technical,ai_evaluation,Detecting temporal clinical change in sequential chest radiography reports: a multi-model and multi-prompt evaluation of large language models.,10.3389/fdgth.2026.1919939,PMC13585932,2026,2026-09-04,research-article,기술 연구 참고,CC BY,https://www.ebi.ac.uk/europepmc/webservices/rest/PMC13585932/fullTextXML,research_fields/technical/fulltext/PMC13585932.xml,6e74bbcc94f64ceae50aa91a00d4ba47c76608a258c128d1eb4cd219b5aa5293,NOT_TESTED,NOT_TESTED
technical,ai_evaluation,Large Language Models in Perioperative Antithrombotic Management: A Blinded Scenario-Based Expert Evaluation.,10.3390/diagnostics16172848,PMC13564537,2026,2026-09-04,research-article,기술 연구 참고,CC BY,https://www.ebi.ac.uk/europepmc/webservices/rest/PMC13564537/fullTextXML,research_fields/technical/fulltext/PMC13564537.xml,04d7a6dcfff0703560379c1ab66b72ebf59bef39f1dba10779460f59303fc135,NOT_TESTED,NOT_TESTED
technical,ai_evaluation,Multimodal Large Language Models for Dental Chart Image Interpretation: Cross-Sectional Benchmarking Study With Students and Clinicians.,10.2196/91809,PMC13544698,2026,2026-09-04,research-article,기술 연구 참고,CC BY,https://www.ebi.ac.uk/europepmc/webservices/rest/PMC13544698/fullTextXML,research_fields/technical/fulltext/PMC13544698.xml,163cef54daccac46d407eb7d7c64c2975fc468c839ef9b2197274161176ad276,NOT_TESTED,NOT_TESTED
technical,ai_evaluation,Evaluating a Guideline-Integrated Clinical Interaction Framework Vs a Standard Large Language Model Interaction for Dietary Recommendations in Recurrent Urolithiasis: In Silico Study.,10.2196/95162,PMC13544699,2026,2026-09-04,research-article,평가·보고 지침(제목 기준),CC BY,https://www.ebi.ac.uk/europepmc/webservices/rest/PMC13544699/fullTextXML,research_fields/technical/fulltext/PMC13544699.xml,4e9b2d2b85ddbb0339e40f3bb5dcfe38ee4711601ad9e9bd9f23add3d59216bd,NOT_TESTED,NOT_TESTED
technical,ai_evaluation,Large Language Models for Heterogeneous Data Mining in Liver Disease: Framework Development and Retrospective Validation Study.,10.2196/92921,PMC13544415,2026,2026-09-04,research-article,기술 연구 참고,CC BY,https://www.ebi.ac.uk/europepmc/webservices/rest/PMC13544415/fullTextXML,research_fields/technical/fulltext/PMC13544415.xml,2395b248bf65beffdebaa8ef737c9097516c293b596446d29843bd3b9c17211d,NOT_TESTED,NOT_TESTED
technical,ai_evaluation,"A comparative evaluation of generative AI chatbots for patient-oriented advice on painful diabetic peripheral neuropathy: safety, accuracy, guideline concordance, actionability, and readability.",10.3389/fpubh.2026.1942799,PMC13584960,2026,2026-09-03,research-article,평가·보고 지침(제목 기준),CC BY,https://www.ebi.ac.uk/europepmc/webservices/rest/PMC13584960/fullTextXML,research_fields/technical/fulltext/PMC13584960.xml,f880d5b9847b3b4c41712d674ff7dfc6d0151c4f7bfc31b8e753f968f430479a,NOT_TESTED,NOT_TESTED
technical,ai_evaluation,The impact of artificial intelligence with multi-head self-attention based deep learning model for students' academic performance monitoring.,10.3389/frai.2026.1904923,PMC13582602,2026,2026-09-03,research-article,기술 연구 참고,CC BY,https://www.ebi.ac.uk/europepmc/webservices/rest/PMC13582602/fullTextXML,research_fields/technical/fulltext/PMC13582602.xml,906f6f0de116edd28980c06bdcc4d6a817f72588e628c6437bc857dbdbf51551,NOT_TESTED,NOT_TESTED
technical,ai_evaluation,Performance evaluation of large language models in bladder cancer patient education Q&amp;A: a cross-sectional study.,10.3389/fonc.2026.1909227,PMC13581702,2026,2026-09-03,research-article,기술 연구 참고,CC BY,https://www.ebi.ac.uk/europepmc/webservices/rest/PMC13581702/fullTextXML,research_fields/technical/fulltext/PMC13581702.xml,c51e7606620000e1259a9dfb0a87471e230120e1a19b05a66a7909a896f6bc17,NOT_TESTED,NOT_TESTED
technical,ai_evaluation,Evaluation of clinical performance of artificial intelligence-assisted measurement of thoracic aortic diameter on non-contrast CT.,10.1097/md.0000000000050702,PMC13593237,2026,2026-09-01,research-article,기술 연구 참고,CC BY,https://www.ebi.ac.uk/europepmc/webservices/rest/PMC13593237/fullTextXML,research_fields/technical/fulltext/PMC13593237.xml,a2a8a2ea66d2de5b96082782eb2a1a0f731b1dd285ec8e3e2b3f40e361ca956b,NOT_TESTED,NOT_TESTED
technical,ai_evaluation,Development and Crossover Evaluation of an Artificial Intelligence-Assisted System for Solid Pancreatic Lesion Detection and Pancreatic Parenchyma Recognition in Endoscopic Ultrasonography (With Video).,10.1111/den.70282,PMC13560611,2026,2026-09-01,research-article,기술 연구 참고,CC BY,https://www.ebi.ac.uk/europepmc/webservices/rest/PMC13560611/fullTextXML,research_fields/technical/fulltext/PMC13560611.xml,f92af7c04e9dad306240e890712dc18347adba499c18d199d701a0dd286740f6,NOT_TESTED,NOT_TESTED
technical,ai_evaluation,"Evaluation of artificial intelligence for pulmonary embolism detection on CTPA: A single-center retrospective study comparing AI, radiologists, and AI-assisted interpretation.",10.1097/md.0000000000050543,PMC13549522,2026,2026-09-01,research-article,기술 연구 참고,CC BY,https://www.ebi.ac.uk/europepmc/webservices/rest/PMC13549522/fullTextXML,research_fields/technical/fulltext/PMC13549522.xml,35b5802e76fd1b56df3d386f3c067a58a5535de295f44b2b3efa2b884eea4d85,NOT_TESTED,NOT_TESTED
technical,ai_evaluation,A comparative evaluation of ChatGPT-assisted and traditional methods of teaching diagnostic assessments to medical students: A randomized controlled study.,10.1097/md.0000000000050512,PMC13549642,2026,2026-09-01,research-article,기술 연구 참고,CC BY,https://www.ebi.ac.uk/europepmc/webservices/rest/PMC13549642/fullTextXML,research_fields/technical/fulltext/PMC13549642.xml,475149d224dcdc3f87a2c26b9bde154208eb766659456a1163ad84915e30fa54,NOT_TESTED,NOT_TESTED
technical,ai_evaluation,Artificial intelligence detection of heart failure on coronary computed tomography angiography: external validation in patients with non-ST-segment elevation acute coronary syndrome.,10.1093/ehjdh/ztag133,PMC13543916,2026,2026-09-01,research-article,기술 연구 참고,CC BY,https://www.ebi.ac.uk/europepmc/webservices/rest/PMC13543916/fullTextXML,research_fields/technical/fulltext/PMC13543916.xml,79e914087cc35fd0d0b0ee24313b9b754976545eadd2ff63b474bf4d610d15f3,NOT_TESTED,NOT_TESTED
technical,ai_evaluation,Benchmarking Vision Encoders for Image Classification in Ophthalmology.,10.34133/csbj.0178,PMC13530374,2026,2026-09-01,research-article,기술 연구 참고,CC BY,https://www.ebi.ac.uk/europepmc/webservices/rest/PMC13530374/fullTextXML,research_fields/technical/fulltext/PMC13530374.xml,df1c399e8b7acebe329ab0393beebe808e838f5cf897376416d93ece8a61784c,NOT_TESTED,NOT_TESTED
technical,ai_evaluation,Large Language Model-Based Behavioral Activation Chatbot for Young People With Depression Using Artificial Users and Clinical Experts: Mixed Methods Evaluation.,10.2196/94781,PMC13533316,2026,2026-09-01,research-article,기술 연구 참고,CC BY,https://www.ebi.ac.uk/europepmc/webservices/rest/PMC13533316/fullTextXML,research_fields/technical/fulltext/PMC13533316.xml,9b2156d33715cf74c2cb4a24a14f9a8096bcb44c950edbbc9c405841788afb62,NOT_TESTED,NOT_TESTED
technical,ai_evaluation,Performance and Hallucination Analysis of Large Language Models on European Anesthesiology Examinations: Cross-Sectional Comparative Study.,10.2196/95859,PMC13532392,2026,2026-09-01,research-article,기술 연구 참고,CC BY,https://www.ebi.ac.uk/europepmc/webservices/rest/PMC13532392/fullTextXML,research_fields/technical/fulltext/PMC13532392.xml,c219b0f806ceac01ef819c5cda77516c0eb41254ebe6fe6a8c8064d2e135f51b,NOT_TESTED,NOT_TESTED
technical,ai_evaluation,Toward Automating the Selection of Articles Reporting EQ-5D Data for Systematic Literature Reviews Using Large Language Models: Algorithm Development and Evaluation Study.,10.2196/86647,PMC13528701,2026,2026-08-31,research-article,기술 연구 참고,CC BY,https://www.ebi.ac.uk/europepmc/webservices/rest/PMC13528701/fullTextXML,research_fields/technical/fulltext/PMC13528701.xml,735669887541ec657f2dad5efc4f1174d6286e1897a69823c6cd1d62b62b789d,NOT_TESTED,NOT_TESTED
technical,ai_evaluation,Prospective economic evaluation of a predictive artificial intelligence model for sepsis: Effects on hospital costs and return on investment.,10.1371/journal.pgph.0006059,PMC13528994,2026,2026-08-31,research-article,기술 연구 참고,CC BY,https://www.ebi.ac.uk/europepmc/webservices/rest/PMC13528994/fullTextXML,research_fields/technical/fulltext/PMC13528994.xml,937962aff48df17e6e128f1ab5956a0c30e852783c800b200af0bdced0cc5128,NOT_TESTED,NOT_TESTED
technical,ai_evaluation,"From Single-Modal to Multi-Modal Artificial Intelligence in Alzheimer's Disease: A Systematic Review of Databases, Modalities, Diagnostic Performance, and Clinical Translation Challenges.",10.3390/s26175489,PMC13568021,2026,2026-08-29,review-article,문헌 검토·설계 배경,CC BY,https://www.ebi.ac.uk/europepmc/webservices/rest/PMC13568021/fullTextXML,research_fields/technical/fulltext/PMC13568021.xml,ad6d92d2f22eb0a2d7bec03258c6e4da6bf3f6b4a6055437a33df67ba7c6cd5f,NOT_TESTED,NOT_TESTED
technical,ai_evaluation,"Artificial Intelligence-Assisted CBCT Evaluation of Maxillary Sinus, Nasal Cavity, and Nasolacrimal Duct Volumes in Unilateral and Bilateral Cleft Lip and Palate Patients.",10.3390/jcm15176680,PMC13566317,2026,2026-08-28,research-article,기술 연구 참고,CC BY,https://www.ebi.ac.uk/europepmc/webservices/rest/PMC13566317/fullTextXML,research_fields/technical/fulltext/PMC13566317.xml,47fffa7eaee9ccf019248534adc08c941715003173e7b28c54d37715bebcb5ef,NOT_TESTED,NOT_TESTED
technical,ai_evaluation,Diagnostic Accuracy of Multimodal Large Language Models for Four-Class Benchmark of Oral Autoimmune Blistering Diseases: A Multicenter Paired Study.,10.3390/diagnostics16172761,PMC13564754,2026,2026-08-28,research-article,기술 연구 참고,CC BY,https://www.ebi.ac.uk/europepmc/webservices/rest/PMC13564754/fullTextXML,research_fields/technical/fulltext/PMC13564754.xml,2ae23968e1834b3dc6029015cdacf7afec56b9b9761ddc655c7c74cd71c65902,NOT_TESTED,NOT_TESTED
technical,claim_evidence,Assessing the performance of multimodal large language models in experimental information extraction from liquid-liquid phase separation literature.,10.1038/s41598-026-47277-0,PMC13230596,2026,2026-04-10,research-article,기술 연구 참고,CC BY,https://www.ebi.ac.uk/europepmc/webservices/rest/PMC13230596/fullTextXML,research_fields/technical/fulltext/PMC13230596.xml,5b55760ec2b24c1fd2f321bae11fb5121d85f40cc0d111f5674b121d3d48ed8a,NOT_TESTED,NOT_TESTED
technical,claim_evidence,Intestinal Dysbiosis Relating to Gut-Brain Axis and Behavior in Dogs: A Systematic Review with Text Mining Approach.,10.3390/ani16060986,PMC13023595,2026,2026-03-21,review-article,문헌 검토·설계 배경,CC BY,https://www.ebi.ac.uk/europepmc/webservices/rest/PMC13023595/fullTextXML,research_fields/technical/fulltext/PMC13023595.xml,8ef1b7bbe44ba7722bb1f2d20977d61791d2f26d5e80f7db603345055f401bfb,NOT_TESTED,NOT_TESTED
technical,claim_evidence,Text Mining of CVD Synthesis Recipes for 2D Materials.,10.1002/adma.202509132,PMC13054107,2026,2026-03-12,research-article,기술 연구 참고,CC BY,https://www.ebi.ac.uk/europepmc/webservices/rest/PMC13054107/fullTextXML,research_fields/technical/fulltext/PMC13054107.xml,84005c6f5d97f8f298ec5c5832cc0a66fa4242a2ce2abdfaa09ed601039a9f2c,NOT_TESTED,NOT_TESTED
technical,claim_evidence,"An Integrated Text Mining Approach for Discovering Pharmacological Effects, Drug Combinations, and Repurposing Opportunities of ACE Inhibitors.",10.3390/ijms27042044,PMC12940818,2026,2026-02-22,research-article,기술 연구 참고,CC BY,https://www.ebi.ac.uk/europepmc/webservices/rest/PMC12940818/fullTextXML,research_fields/technical/fulltext/PMC12940818.xml,b36b685bb538bda7e8d8b4e32484763a39cc68ae68d508043fe46a4967ecd1d0,NOT_TESTED,NOT_TESTED
applied,clinical_treatment,Tigecycline versus doxycycline for scrub typhus: a preliminary randomized trial.,10.1186/s41182-026-01073-8,PMC13579949,2026,2026-09-16,research-article,응용 연구 후보,CC BY,https://www.ebi.ac.uk/europepmc/webservices/rest/PMC13579949/fullTextXML,research_fields/applied/fulltext/PMC13579949.xml,8e6e930d24c5c7e120ab333d8c6368e788b09d522772012b6fb98c0de4873470,NOT_TESTED,NOT_TESTED
applied,clinical_treatment,Effects of a Group-Based Cognitive Behavioral Therapy for Sleep in Nursing Students: Pilot Randomized Controlled Trial.,10.2196/85021,PMC13581143,2026,2026-09-16,research-article,응용 연구 후보,CC BY,https://www.ebi.ac.uk/europepmc/webservices/rest/PMC13581143/fullTextXML,research_fields/applied/fulltext/PMC13581143.xml,a5c96516f8e4dab2095232c2c4f27bef5d2ee1c86db40708bca681f2173fe791,NOT_TESTED,NOT_TESTED
applied,clinical_treatment,Comparative evaluation of Giomer varnish versus fluoride varnish as desensitizing agents among a group of children with molar incisor hypomineralization: a randomized clinical trial.,10.1186/s12903-026-09760-y,PMC13576101,2026,2026-09-15,research-article,응용 연구 후보,CC BY,https://www.ebi.ac.uk/europepmc/webservices/rest/PMC13576101/fullTextXML,research_fields/applied/fulltext/PMC13576101.xml,9c788aaeb96e3cd1389b3ede915b7078c4b12862dea381cc753c98c0b1a52885,NOT_TESTED,NOT_TESTED
applied,clinical_treatment,Assessing the accuracy and efficiency of an electronic platform for managing childhood illnesses in rural China: A cluster randomized controlled trial.,10.1371/journal.pone.0352583,PMC13577394,2026,2026-09-15,research-article,응용 연구 후보,CC BY,https://www.ebi.ac.uk/europepmc/webservices/rest/PMC13577394/fullTextXML,research_fields/applied/fulltext/PMC13577394.xml,fa5e7a58ce7c74eb3a4ebce5974eacfce606953b15debac62f1a3c53e6ff82ba,NOT_TESTED,NOT_TESTED
applied,clinical_treatment,Oral belzutifan treatment in von hippel-lindau-associated retinal hemangioblastoma: a promising approach.,10.1186/s40942-026-00932-0,PMC13579817,2026,2026-09-14,research-article,응용 연구 후보,CC0,https://www.ebi.ac.uk/europepmc/webservices/rest/PMC13579817/fullTextXML,research_fields/applied/fulltext/PMC13579817.xml,a30af51019301ba03e393e9b556b9f0fcf662eb0861f5f67a32898b70e69a818,NOT_TESTED,NOT_TESTED
applied,clinical_treatment,Effect of empagliflozin with or without carvedilol on tricuspid regurgitation and right ventricular remodeling: PROVE trial.,10.1186/s44348-026-00095-4,PMC13573426,2026,2026-09-14,research-article,응용 연구 후보,CC BY,https://www.ebi.ac.uk/europepmc/webservices/rest/PMC13573426/fullTextXML,research_fields/applied/fulltext/PMC13573426.xml,cec9685b83d0af5b7ed6ca6ebdc1ac311a7ca6d40da570deb52f25832f5135bb,NOT_TESTED,NOT_TESTED
applied,clinical_treatment,Albumin versus crystalloid and microcirculatory blood flow in ischaemia/reperfusion-induced spinal cord injury: a randomised porcine trial.,10.1016/j.bjao.2026.100860,PMC13584136,2026,2026-09-12,research-article,응용 연구 후보,CC BY,https://www.ebi.ac.uk/europepmc/webservices/rest/PMC13584136/fullTextXML,research_fields/applied/fulltext/PMC13584136.xml,4af3641bbc5d6a4973c019dc09fd0fe0e2cdd48b5bd69a4d8f240dcbbaec823b,NOT_TESTED,NOT_TESTED
applied,clinical_treatment,Association Between the Atherogenic Index of Plasma and the Occurrence of Slow Flow/No-Reflow in Patients With Acute Myocardial Infarction Undergoing Emergency Percutaneous Coronary Intervention.,10.1155/crp/4736031,PMC13570492,2026,2026-09-12,research-article,응용 연구 후보,CC BY,https://www.ebi.ac.uk/europepmc/webservices/rest/PMC13570492/fullTextXML,research_fields/applied/fulltext/PMC13570492.xml,2b175cf581be364e1b8aeb6b1a4ae86cc48202a1659e03df302f4906233ef5de,NOT_TESTED,NOT_TESTED
applied,clinical_treatment,Effectiveness of structured lactation support and human donor milk banking in German NICUs: a stepped-wedge cluster-randomized trial.,10.1186/s12916-026-05211-1,PMC13587408,2026,2026-09-11,research-article,응용 연구 후보,CC BY,https://www.ebi.ac.uk/europepmc/webservices/rest/PMC13587408/fullTextXML,research_fields/applied/fulltext/PMC13587408.xml,b368dab3f9eff0c655dfb01ce6cd1c873da8ffcf4e00ee472ee04907f28533d7,NOT_TESTED,NOT_TESTED
applied,clinical_treatment,Quality of Life and Toxicities Following Whole-Palm Versus Involved-Field Radiation Therapy for Dupuytren's Disease: A Substudy From a Randomized Trial.,10.1016/j.adro.2026.102083,PMC13576699,2026,2026-09-11,research-article,응용 연구 후보,CC BY,https://www.ebi.ac.uk/europepmc/webservices/rest/PMC13576699/fullTextXML,research_fields/applied/fulltext/PMC13576699.xml,e44cce800df72b4e61666ede39d8afb09c3fc3e5ea5984700fffdcf0f1bcdc29,NOT_TESTED,NOT_TESTED
applied,clinical_treatment,Inhibition of the Constructive Aggression Behavioral System (CABS) is associated with poor short- and long-term treatment outcomes and readmission among patients with major depression: a naturalistic study.,10.1186/s12888-026-08490-3,PMC13576321,2026,2026-09-11,research-article,응용 연구 후보,CC BY,https://www.ebi.ac.uk/europepmc/webservices/rest/PMC13576321/fullTextXML,research_fields/applied/fulltext/PMC13576321.xml,a40726fa0028f9391a27254d1c416176832ee184b4987ae7a63ad9f7c77e759a,NOT_TESTED,NOT_TESTED
applied,clinical_treatment,"Comparative changes in cardiovascular measures following speed, agility, and quickness training and small-sided games in youth football players: a randomized trial.",10.1186/s13102-026-02048-2,PMC13576338,2026,2026-09-10,research-article,응용 연구 후보,CC BY,https://www.ebi.ac.uk/europepmc/webservices/rest/PMC13576338/fullTextXML,research_fields/applied/fulltext/PMC13576338.xml,a42e1c7977acf5a22309dcf7724697107910f9961559f1a10129c60ed4fdb08f,NOT_TESTED,NOT_TESTED
applied,clinical_treatment,"Biomarkers and arterial stiffness. A sub-analysis of the ""Exercise training in heart failure with reduced ejection fraction and permanent atrial fibrillation: A randomized clinical trial"".",10.1016/j.clinsp.2026.101142,PMC13583978,2026,2026-09-10,research-article,응용 연구 후보,CC BY,https://www.ebi.ac.uk/europepmc/webservices/rest/PMC13583978/fullTextXML,research_fields/applied/fulltext/PMC13583978.xml,9e755b085971f1e4fc006f49f60bd8b7d5fd4bef8e734fb739c9cba8c36f6cfb,NOT_TESTED,NOT_TESTED
applied,clinical_treatment,Remote Ischemic Preconditioning Does Not Alleviate Post-Electroconvulsive Therapy Cognitive Dysfunction.,10.1097/yct.0000000000001150,PMC13561096,2026,2026-09-10,research-article,응용 연구 후보,CC BY,https://www.ebi.ac.uk/europepmc/webservices/rest/PMC13561096/fullTextXML,research_fields/applied/fulltext/PMC13561096.xml,dfeb7146075c36dd5dc6dba2117a2e96c074987d554cbcce6b088074b996a7ff,NOT_TESTED,NOT_TESTED
applied,clinical_treatment,Process evaluation of a nurse-led transitional care model (Cardiolotse) within a randomized controlled trial aiming to improve care coordination for patients with cardiovascular diseases in Germany.,10.1186/s12913-026-15555-2,PMC13560212,2026,2026-09-09,research-article,응용 연구 후보,CC BY,https://www.ebi.ac.uk/europepmc/webservices/rest/PMC13560212/fullTextXML,research_fields/applied/fulltext/PMC13560212.xml,ad2bf3973eb3e6a50c3af24f6e9578f33ffdedcaeed4f006446fa7ad12c89c8f,NOT_TESTED,NOT_TESTED
applied,clinical_treatment,Diagnosis of localized cutaneous leishmaniasis and treatment outcomes following carbon dioxide cryotherapy performed by health centre staff: A pilot implementation study in Ethiopia.,10.1371/journal.pgph.0006930,PMC13557335,2026,2026-09-09,research-article,응용 연구 후보,CC BY,https://www.ebi.ac.uk/europepmc/webservices/rest/PMC13557335/fullTextXML,research_fields/applied/fulltext/PMC13557335.xml,48364e15e427e19938f561ac5dbae75e6875a3170d5cd55076951b14e52e06a9,NOT_TESTED,NOT_TESTED
applied,clinical_treatment,Optimizing peer-led health interventions: A social network analysis approach for identifying influential fishermen in Malawi.,10.1371/journal.pgph.0007185,PMC13557381,2026,2026-09-09,research-article,응용 연구 후보,CC BY,https://www.ebi.ac.uk/europepmc/webservices/rest/PMC13557381/fullTextXML,research_fields/applied/fulltext/PMC13557381.xml,dee6ecf26aa823ff602bf8433678722e7e1f7607f03975954a3db21f9c8b294a,NOT_TESTED,NOT_TESTED
applied,clinical_treatment,"Discovery and Optimization of AMT-676, a CDH17-Targeting ADC for the Treatment of Advanced Gastrointestinal Cancers.",10.1002/advs.77521,PMC13555363,2026,2026-09-09,research-article,응용 연구 후보,CC BY,https://www.ebi.ac.uk/europepmc/webservices/rest/PMC13555363/fullTextXML,research_fields/applied/fulltext/PMC13555363.xml,0b6030f06ba071dc96d950f5820be1c43fd35d4d6629b24ce136528baa0c89f4,NOT_TESTED,NOT_TESTED
applied,clinical_treatment,Effect of a digitally augmented general health promotion intervention on abstinence from health-risk behaviors among emergency department discharge patients: A randomized controlled trial.,10.1371/journal.pmed.1004916,PMC13568513,2026,2026-09-08,research-article,응용 연구 후보,CC BY,https://www.ebi.ac.uk/europepmc/webservices/rest/PMC13568513/fullTextXML,research_fields/applied/fulltext/PMC13568513.xml,3b52aa0287adbe11eb7353b26ac2ecdb795fff79b79fe111b22e50c751232c36,NOT_TESTED,NOT_TESTED
applied,clinical_treatment,Effect of Various Types of Remineralizing Agents on the Remineralization of Mild and Moderate Defects Caused by Molar-Incisor Hypomineralization in Mexican Schoolchildren: A 12-month Follow-up Randomized Clinical Trial.,10.3290/j.ohpd.c_2796,PMC13554834,2026,2026-09-08,research-article,응용 연구 후보,CC BY,https://www.ebi.ac.uk/europepmc/webservices/rest/PMC13554834/fullTextXML,research_fields/applied/fulltext/PMC13554834.xml,87eab01ab9b0462473d203dbf8d8b8f485fee23e804e19bfab42044e7ba9599e,NOT_TESTED,NOT_TESTED
applied,clinical_treatment,Gingival crevicular fluid levels of prolactin in periodontitis patients with controlled versus uncontrolled type 2 diabetes. a controlled clinical trial.,10.1038/s41598-026-68268-1,PMC13550468,2026,2026-09-07,research-article,응용 연구 후보,CC BY,https://www.ebi.ac.uk/europepmc/webservices/rest/PMC13550468/fullTextXML,research_fields/applied/fulltext/PMC13550468.xml,75969ea5835405a71bd44479edb09874bbb787b9e9fb29ac8afd486721d1a941,NOT_TESTED,NOT_TESTED
applied,clinical_treatment,Constructing an External Control Arm Using the French REALYSA Cohort to Replicate Outcomes of a Randomized Trial Arm in Advanced Hodgkin Lymphoma.,10.1002/cpt.70470,PMC13548820,2026,2026-09-07,research-article,응용 연구 후보,CC BY,https://www.ebi.ac.uk/europepmc/webservices/rest/PMC13548820/fullTextXML,research_fields/applied/fulltext/PMC13548820.xml,815b35efc46f0d95465699b14ca2d5b5e14e91b487ebcfbdd003f7c49042d7cb,NOT_TESTED,NOT_TESTED
applied,clinical_treatment,Bio-Inspired Skin Reconstruction Using Intraoperative Autologous Epidermal Stem Cell-Enhanced Composite Grafts: A Randomized Trial.,10.1002/mco2.70973,PMC13547091,2026,2026-09-06,research-article,응용 연구 후보,CC BY,https://www.ebi.ac.uk/europepmc/webservices/rest/PMC13547091/fullTextXML,research_fields/applied/fulltext/PMC13547091.xml,287bb155e02bb63c9ecbb02d7285630e6b99a8a3fc3ed4c970aba3c283ac58ed,NOT_TESTED,NOT_TESTED
applied,clinical_treatment,"Dapagliflozin as an adjunct to insulin improves glycemic control, weight, and lipid profile with a superior safety profile in type 2 diabetes: a randomized trial.",10.1016/j.clinsp.2026.101116,PMC13579280,2026,2026-09-05,research-article,응용 연구 후보,CC BY,https://www.ebi.ac.uk/europepmc/webservices/rest/PMC13579280/fullTextXML,research_fields/applied/fulltext/PMC13579280.xml,dfc40dcd8fc14b4af98d3f480ae68951cf5a9432370470863757bf6969743c3e,NOT_TESTED,NOT_TESTED
applied,clinical_treatment,Clinical efficacy and cortical network modulation of a multimodal sensory feedback upper-limb rehabilitation robot for post-stroke upper-limb recovery: a randomized controlled trial.,10.3389/fneur.2026.1820579,PMC13585541,2026,2026-09-04,research-article,응용 연구 후보,CC BY,https://www.ebi.ac.uk/europepmc/webservices/rest/PMC13585541/fullTextXML,research_fields/applied/fulltext/PMC13585541.xml,dbaca728ab6a58beee31a258a1f99ba02bfbf7545496c80020178b91ac478dd2,NOT_TESTED,NOT_TESTED
applied,clinical_treatment,Acceptability of alcohol-based hand rub during neonatal care in rural Ugandan households: a qualitative study nested within the BabyGel trial.,10.1080/16549716.2026.2727791,PMC13552334,2026,2026-09-04,research-article,응용 연구 후보,CC BY,https://www.ebi.ac.uk/europepmc/webservices/rest/PMC13552334/fullTextXML,research_fields/applied/fulltext/PMC13552334.xml,49e18ee78e390ba92a003916987068eec81c73efe4204dba526dea6a3d3c3e44,NOT_TESTED,NOT_TESTED
applied,clinical_treatment,Transfer effects of animal-assisted therapy on socioemotional skills in adult inpatient rehabilitation after acquired brain injury: a randomized controlled trial.,10.3389/fresc.2026.1818862,PMC13584825,2026,2026-09-03,research-article,응용 연구 후보,CC BY,https://www.ebi.ac.uk/europepmc/webservices/rest/PMC13584825/fullTextXML,research_fields/applied/fulltext/PMC13584825.xml,e3804f97f031ea1b9c04d5decb7838096fb1ed015efcca351a933948ab536d41,NOT_TESTED,NOT_TESTED
applied,clinical_treatment,Acceptability and feasibility of the Ushirikiano treatment model for Kenyan adolescents: a pilot randomized controlled trial.,10.3389/frcha.2026.1890788,PMC13582663,2026,2026-09-03,research-article,응용 연구 후보,CC BY,https://www.ebi.ac.uk/europepmc/webservices/rest/PMC13582663/fullTextXML,research_fields/applied/fulltext/PMC13582663.xml,7f6d673c9dca751ba62c180e2d767a4553f6c0d462cc72ee26a22f2949f981c4,NOT_TESTED,NOT_TESTED
applied,clinical_treatment,Function-based personalization of dietary fiber selection enhances gut microbial fermentation: a proof-of-concept crossover trial.,10.3389/fnut.2026.1907988,PMC13582658,2026,2026-09-03,research-article,응용 연구 후보,CC BY,https://www.ebi.ac.uk/europepmc/webservices/rest/PMC13582658/fullTextXML,research_fields/applied/fulltext/PMC13582658.xml,f5dc8a8c8c8fd60f1adb4fd739e3ce804d09878afa049901b943c86d0dc1a77a,NOT_TESTED,NOT_TESTED
applied,clinical_treatment,Paeoniflorin adjunct to scar release surgery for postoperative anorectal stenosis: a randomized controlled trial.,10.3389/fsurg.2026.1843542,PMC13582448,2026,2026-09-03,research-article,응용 연구 후보,CC BY,https://www.ebi.ac.uk/europepmc/webservices/rest/PMC13582448/fullTextXML,research_fields/applied/fulltext/PMC13582448.xml,1529e6a94d2ff3e02f1a7f98e99721b8c75fe09bb157f2f9000c59d1978cf1ee,NOT_TESTED,NOT_TESTED
applied,epidemiology,"Central gland detachment following prostate artery embolization: incidence, risk factors and clinical outcomes.",10.1186/s42155-026-00774-9,PMC13589725,2026,2026-09-19,research-article,응용 연구 후보,CC BY,https://www.ebi.ac.uk/europepmc/webservices/rest/PMC13589725/fullTextXML,research_fields/applied/fulltext/PMC13589725.xml,890071048ba747f945ead1e7a0ce44b86e7e8e16eba7587f3ec5f101e325eee4,NOT_TESTED,NOT_TESTED
applied,epidemiology,Laparoscopic versus open emergency colonic resection for obstruction: a multicentre retrospective cohort study.,10.1186/s12893-026-04220-4,PMC13587340,2026,2026-09-18,research-article,응용 연구 후보,CC BY,https://www.ebi.ac.uk/europepmc/webservices/rest/PMC13587340/fullTextXML,research_fields/applied/fulltext/PMC13587340.xml,f55e026c7e5c34fef529a45ed6f55befabfdbcb1595dcf085405df2360042d51,NOT_TESTED,NOT_TESTED
applied,epidemiology,"Machine learning for predicting mortality in women diagnosed with breast cancer in the State of Mato Grosso, Brazil using linked population-based cancer registry and mortality data.",10.1371/journal.pone.0356621,PMC13588536,2026,2026-09-18,research-article,응용 연구 후보,CC BY,https://www.ebi.ac.uk/europepmc/webservices/rest/PMC13588536/fullTextXML,research_fields/applied/fulltext/PMC13588536.xml,d83e06bb7e73b669b83cc7a38df9f10e67ac05310c6d449c278fac855a7656ad,NOT_TESTED,NOT_TESTED
applied,epidemiology,Trends in trajectories and incidence of functional impairment in middle-aged Americans.,10.1371/journal.pone.0358337,PMC13588377,2026,2026-09-18,research-article,응용 연구 후보,CC0,https://www.ebi.ac.uk/europepmc/webservices/rest/PMC13588377/fullTextXML,research_fields/applied/fulltext/PMC13588377.xml,04096adb80eaa8b3b7fd654443c8595bac1e50d1b6e9d82c9df0db4873dbdd05,NOT_TESTED,NOT_TESTED
applied,epidemiology,COVID-19 mortality risk among people with HIV in Florida before and after the introduction of COVID-19 vaccines: A population-based study.,10.1371/journal.pone.0358543,PMC13588381,2026,2026-09-18,research-article,응용 연구 후보,CC BY,https://www.ebi.ac.uk/europepmc/webservices/rest/PMC13588381/fullTextXML,research_fields/applied/fulltext/PMC13588381.xml,a6d8a1bb8ed07480ccfb6016ade427d50ad03d370096542e1450e89951a209a4,NOT_TESTED,NOT_TESTED
applied,epidemiology,"Why only one-quarter of placental fetal growth restriction triggers preeclampsia? Clinical risk factors in 2060 cases in a 24-year cohort of 90,000 births.",10.1371/journal.pone.0354687,PMC13588347,2026,2026-09-18,research-article,응용 연구 후보,CC BY,https://www.ebi.ac.uk/europepmc/webservices/rest/PMC13588347/fullTextXML,research_fields/applied/fulltext/PMC13588347.xml,e45202bcdf7ad0544402f3f8a420af8814a0ae38a64c276660cac34b28e99e19,NOT_TESTED,NOT_TESTED
applied,epidemiology,Sex Differences in Early Functional Outcomes After Acute Stroke: A Retrospective Cohort Study at a United Kingdom Tertiary Stroke Centre.,10.7759/cureus.116427,PMC13588606,2026,2026-09-17,research-article,응용 연구 후보,CC BY,https://www.ebi.ac.uk/europepmc/webservices/rest/PMC13588606/fullTextXML,research_fields/applied/fulltext/PMC13588606.xml,5372110820bb8d7c34a5a2ac2032ac8957e235d5e289e794033e1695c98f7c1a,NOT_TESTED,NOT_TESTED
applied,epidemiology,Association between number of previous malaria episodes and treatment failure among children and adults with laboratory-confirmed Plasmodium infection treated with pyronaridine-artesunate in Gabon: a retrospective cohort study.,10.1186/s12936-026-06147-w,PMC13587473,2026,2026-09-17,research-article,응용 연구 후보,CC BY,https://www.ebi.ac.uk/europepmc/webservices/rest/PMC13587473/fullTextXML,research_fields/applied/fulltext/PMC13587473.xml,8ba71b4251c987ff8b4455f216999d1e03d1a49ad91a7ea23820990620063234,NOT_TESTED,NOT_TESTED
applied,epidemiology,"Cervical Cancer Survival in Mali: A 21-Year Retrospective Cohort Study of Trends, Determinants, and Outcomes at Gabriel Touré Teaching Hospital (2003-2024).",10.1155/ogi/9966827,PMC13584334,2026,2026-09-17,research-article,응용 연구 후보,CC BY,https://www.ebi.ac.uk/europepmc/webservices/rest/PMC13584334/fullTextXML,research_fields/applied/fulltext/PMC13584334.xml,d1cff091172481c71ca08939442d741155a78c83b67d7cef33019fd6533be632,NOT_TESTED,NOT_TESTED
applied,epidemiology,"Prevalence, risk factors and adverse outcomes of intrapartum related asphyxia amongst newborns from mothers with low-risk deliveries in peri-urban Gambian health facilities: a retrospective cohort study.",10.1186/s12884-026-09674-1,PMC13587270,2026,2026-09-17,research-article,응용 연구 후보,CC BY,https://www.ebi.ac.uk/europepmc/webservices/rest/PMC13587270/fullTextXML,research_fields/applied/fulltext/PMC13587270.xml,3f106c8c29ab1075c2155aead99c0b94acb11d523b2b57c716e51120641c5602,NOT_TESTED,NOT_TESTED
applied,epidemiology,Epidemiology of spinal fractures in polytrauma patients.,10.1007/s00068-026-03318-x,PMC13585787,2026,2026-09-17,research-article,응용 연구 후보,CC BY,https://www.ebi.ac.uk/europepmc/webservices/rest/PMC13585787/fullTextXML,research_fields/applied/fulltext/PMC13585787.xml,9374968e427b730df44601c7fbfa99b3a8a1042d6de0a306d7a0c20321cf3bcc,NOT_TESTED,NOT_TESTED
applied,epidemiology,"Epidemiology of human RSV in Taiwan, 2018-2024.",10.1371/journal.pone.0357769,PMC13585227,2026,2026-09-17,research-article,응용 연구 후보,CC BY,https://www.ebi.ac.uk/europepmc/webservices/rest/PMC13585227/fullTextXML,research_fields/applied/fulltext/PMC13585227.xml,0be0279b45dd0e753f92e1536678487e6308991c50f39dfa9e811e348af719ef,NOT_TESTED,NOT_TESTED
applied,epidemiology,Accelerometer-derived real-world sleep stages and risk of incident diseases: A UK Biobank cohort study and phenome-wide association analysis.,10.1371/journal.pmed.1005213,PMC13585268,2026,2026-09-17,research-article,응용 연구 후보,CC BY,https://www.ebi.ac.uk/europepmc/webservices/rest/PMC13585268/fullTextXML,research_fields/applied/fulltext/PMC13585268.xml,fcfb9f0e50a7f78e070202f964270c4319326a2707b28bc10a710a60cb785e7c,NOT_TESTED,NOT_TESTED
applied,epidemiology,"Marked Increase in Influenza-Associated Acute Myositis Among Children During the 2024-2025 Season: A Two-Season Retrospective Cohort Study From Riyadh, Saudi Arabia.",10.7759/cureus.116385,PMC13584176,2026,2026-09-16,research-article,응용 연구 후보,CC BY,https://www.ebi.ac.uk/europepmc/webservices/rest/PMC13584176/fullTextXML,research_fields/applied/fulltext/PMC13584176.xml,2460680e746e61acc5a41110e641b836c3211494515e5189a39648fcac744f43,NOT_TESTED,NOT_TESTED
applied,epidemiology,Predictors of Short- and Long-Term Major Adverse Cardiac and Cerebrovascular Events (MACCE) After Percutaneous Coronary Intervention: A Cohort Study on the Data of National Persian Registry of Cardiovascular Disease (N-PROVE).,10.1002/hsr2.73272,PMC13583171,2026,2026-09-16,research-article,응용 연구 후보,CC BY,https://www.ebi.ac.uk/europepmc/webservices/rest/PMC13583171/fullTextXML,research_fields/applied/fulltext/PMC13583171.xml,60e6cc5ca41d3298d0fa33084e41a4ec0325a7cbd42c5e9e2b285e176458a66e,NOT_TESTED,NOT_TESTED
applied,epidemiology,Dynamic Changes of Neutrophil Nuclear Membrane CD63 as a Potential Biomarker for Early Adjunctive Diagnosis and Prognostic Evaluation of Sepsis in Critically Ill Patients: A Prospective Cohort Study.,10.1002/mco2.71007,PMC13583469,2026,2026-09-16,research-article,응용 연구 후보,CC BY,https://www.ebi.ac.uk/europepmc/webservices/rest/PMC13583469/fullTextXML,research_fields/applied/fulltext/PMC13583469.xml,59a70b0df3e8648ea66063db6e3321f05ef9d43ba8b6462e34cc84385e6ea7f8,NOT_TESTED,NOT_TESTED
applied,epidemiology,Antibiofilm-coated intramedullary nailing for tibial and femoral diaphyseal fractures at high-risk infection: outcomes of 103 consecutive patients.,10.1186/s10195-026-00967-x,PMC13586100,2026,2026-09-16,research-article,응용 연구 후보,CC BY,https://www.ebi.ac.uk/europepmc/webservices/rest/PMC13586100/fullTextXML,research_fields/applied/fulltext/PMC13586100.xml,7b2400d1fe168a94d0685292e10fd66ef63282e1bd725efb5baedebdfcac2f01,NOT_TESTED,NOT_TESTED
applied,epidemiology,Treatment Outcomes of Excisional Versus Conservative Surgery for Endogenous Cesarean Scar Pregnancy: A Retrospective Cohort Study.,10.1155/ogi/5246199,PMC13579242,2026,2026-09-16,research-article,응용 연구 후보,CC BY,https://www.ebi.ac.uk/europepmc/webservices/rest/PMC13579242/fullTextXML,research_fields/applied/fulltext/PMC13579242.xml,4a2f2c21a264da0c9aff269dc61aea533e6b027f036aa0073bc623d3ea7128ec,NOT_TESTED,NOT_TESTED
applied,epidemiology,"Development and Temporal External Validation of a Parsimonious, Interpretable Machine Learning Model for Predicting 6-Month Mortality in Long-Term Care Facilities: A Retrospective Cohort Study.",10.2196/94567,PMC13581260,2026,2026-09-16,research-article,응용 연구 후보,CC BY,https://www.ebi.ac.uk/europepmc/webservices/rest/PMC13581260/fullTextXML,research_fields/applied/fulltext/PMC13581260.xml,61acf79feb9a6c9a4e3b3a8ba1c6fab6340e40f0bfc04989ace4bc1bc03b1a63,NOT_TESTED,NOT_TESTED
applied,epidemiology,Persistent critical illness in acute hypoxic respiratory failure: A retrospective cohort study.,10.1371/journal.pone.0358431,PMC13580957,2026,2026-09-16,research-article,응용 연구 후보,CC BY,https://www.ebi.ac.uk/europepmc/webservices/rest/PMC13580957/fullTextXML,research_fields/applied/fulltext/PMC13580957.xml,710a01f38c454609e60d96af5b61d187d684a679466234a996d7b849e8cd83e2,NOT_TESTED,NOT_TESTED
applied,epidemiology,Longer hospital stay but similar one-year mortality and readmission after combined proximal humerus and proximal femur fragility fractures: a Propensity-Score-Matched Cohort Study.,10.1007/s00402-026-06474-2,PMC13582116,2026,2026-09-16,research-article,응용 연구 후보,CC BY,https://www.ebi.ac.uk/europepmc/webservices/rest/PMC13582116/fullTextXML,research_fields/applied/fulltext/PMC13582116.xml,41a71d591b04b85ddf5ada72a42141b7dbb8dd5f3b19e711bdd4545914213d90,NOT_TESTED,NOT_TESTED
applied,epidemiology,Comparative outcomes of bioabsorbable poly-4-hydroxybutyrate versus synthetic mesh in ventral hernia repair: A propensity-matched cohort study.,10.1007/s10029-026-03848-8,PMC13582305,2026,2026-09-16,research-article,응용 연구 후보,CC BY,https://www.ebi.ac.uk/europepmc/webservices/rest/PMC13582305/fullTextXML,research_fields/applied/fulltext/PMC13582305.xml,4d5acc52729d47e30239454fd236c9ea211ea220426cb54f7814e322dc67af94,NOT_TESTED,NOT_TESTED
applied,epidemiology,"Indirect technique to estimate neonatal, infant, and under-five mortality rates for India and its states: A population-based cross-sectional study.",10.1371/journal.pone.0353613,PMC13577410,2026,2026-09-15,research-article,응용 연구 후보,CC BY,https://www.ebi.ac.uk/europepmc/webservices/rest/PMC13577410/fullTextXML,research_fields/applied/fulltext/PMC13577410.xml,33cfd22770decd92afeab4b9f0d1c9598918b77c29d85d04c62ee6148956d4d0,NOT_TESTED,NOT_TESTED
applied,epidemiology,Clinical outcomes and risk factors in the surgical treatment of distal femur fractures.,10.1007/s00068-026-03328-9,PMC13577981,2026,2026-09-15,research-article,응용 연구 후보,CC BY,https://www.ebi.ac.uk/europepmc/webservices/rest/PMC13577981/fullTextXML,research_fields/applied/fulltext/PMC13577981.xml,e120ab7740c9b3054c029d909b059108b5b7a72be967b50546a758e9c8ddbb47,NOT_TESTED,NOT_TESTED
applied,epidemiology,Hip fracture surgery within 24 hours: no association between time to surgery and mortality in a real-world cohort.,10.1007/s00068-026-03331-0,PMC13577985,2026,2026-09-15,research-article,응용 연구 후보,CC BY,https://www.ebi.ac.uk/europepmc/webservices/rest/PMC13577985/fullTextXML,research_fields/applied/fulltext/PMC13577985.xml,19325c669ca3aeb2606319c1e04cb49f7e2e6902e57be3b722674587f9f36610,NOT_TESTED,NOT_TESTED
applied,epidemiology,Risk factors for future exacerbations in patients with COPD treated with dual LABA/LAMA.,10.1080/07853890.2026.2722722,PMC13580378,2026,2026-09-15,research-article,응용 연구 후보,CC BY,https://www.ebi.ac.uk/europepmc/webservices/rest/PMC13580378/fullTextXML,research_fields/applied/fulltext/PMC13580378.xml,2ac49d89df5421741298af97beffd05b15db7305376cf2af73b7cba9a256c756,NOT_TESTED,NOT_TESTED
applied,epidemiology,Early antibiotic review and AWaRe prescribing in respiratory infections before vs during COVID-19: a two-hospital retrospective cohort study.,10.1080/20523211.2026.2719528,PMC13577274,2026,2026-09-14,research-article,응용 연구 후보,CC BY,https://www.ebi.ac.uk/europepmc/webservices/rest/PMC13577274/fullTextXML,research_fields/applied/fulltext/PMC13577274.xml,62952ddc9479aee519ea1c03b1e953f48c428d1fb0f3b594c0031a434d66ec96,NOT_TESTED,NOT_TESTED
applied,epidemiology,Association between spinal manipulative therapy and cervical artery dissection in patients with neck pain or headache: a retrospective cohort study.,10.1186/s12998-026-00678-4,PMC13576314,2026,2026-09-14,research-article,응용 연구 후보,CC0,https://www.ebi.ac.uk/europepmc/webservices/rest/PMC13576314/fullTextXML,research_fields/applied/fulltext/PMC13576314.xml,940c97a6eff0b22ec4d172a4fc3f123d1938d60a003587caef9bf36e918bc083,NOT_TESTED,NOT_TESTED
applied,epidemiology,Clinical epidemiology of easily recognisable congenital malformations in Gambian newborns: a descriptive cohort study embedded in a clinical trial.,10.1186/s12884-026-09673-2,PMC13573321,2026,2026-09-14,research-article,응용 연구 후보,CC BY,https://www.ebi.ac.uk/europepmc/webservices/rest/PMC13573321/fullTextXML,research_fields/applied/fulltext/PMC13573321.xml,d318eb432487fdb7543b92cf0bd6275d846cbc5f395e2581f1fbe62b820fd3d6,NOT_TESTED,NOT_TESTED
applied,epidemiology,Cardiac surgery-associated AKI and the risk of progression to end-stage renal disease. A retrospective cohort study.,10.1080/0886022x.2026.2719277,PMC13577249,2026,2026-09-14,research-article,응용 연구 후보,CC BY,https://www.ebi.ac.uk/europepmc/webservices/rest/PMC13577249/fullTextXML,research_fields/applied/fulltext/PMC13577249.xml,193d0506b2e837af0fe6ea2ab0c070e82d2fe490e8b6cdb9ef06e07c86515f24,NOT_TESTED,NOT_TESTED
applied,psychology_behavior,"Anxiety and Depressive Symptoms Among Early-Year Medical Students in Pakistan: Prevalence, Associated Factors, and Mental Health Service Implications-A Multicenter Cross-Sectional Study.",10.1002/hsr2.73250,PMC13589265,2026,2026-09-19,research-article,응용 연구 후보,CC BY,https://www.ebi.ac.uk/europepmc/webservices/rest/PMC13589265/fullTextXML,research_fields/applied/fulltext/PMC13589265.xml,976f100803e65db4589787e28248c139f54efad1d056f7d2091da7376f7cabf9,NOT_TESTED,NOT_TESTED
applied,psychology_behavior,Measuring body checking and avoidance in adolescents: validation of a behavioral questionnaire.,10.1186/s40359-026-05614-y,PMC13589350,2026,2026-09-18,research-article,응용 연구 후보,CC BY,https://www.ebi.ac.uk/europepmc/webservices/rest/PMC13589350/fullTextXML,research_fields/applied/fulltext/PMC13589350.xml,0f53e6a515e34e250e5e6611d31d292aa41cee3eae6ba4d4ecf833e6c27fcfc9,NOT_TESTED,NOT_TESTED
applied,psychology_behavior,Is C-reactive protein the answer to antibiotics over-prescribing in primary care? A behavioural experiment in two European countries.,10.1093/jacamr/dlag209,PMC13583623,2026,2026-09-17,research-article,응용 연구 후보,CC BY,https://www.ebi.ac.uk/europepmc/webservices/rest/PMC13583623/fullTextXML,research_fields/applied/fulltext/PMC13583623.xml,c43be76fb1ea29619b0418dbd2228cb2c31db294b7ecf3600148869392433b5d,NOT_TESTED,NOT_TESTED
applied,psychology_behavior,How perceiving pace of social change affects loneliness: psychological obsolescence as predictor for loneliness in late-life sample.,10.1007/s10433-026-00951-8,PMC13586106,2026,2026-09-17,research-article,응용 연구 후보,CC BY,https://www.ebi.ac.uk/europepmc/webservices/rest/PMC13586106/fullTextXML,research_fields/applied/fulltext/PMC13586106.xml,f6092ef631c7f037a495fb96c7e923e446148592522670de650dfd5c3c97a901,NOT_TESTED,NOT_TESTED
applied,psychology_behavior,"Improving Cardiometabolic Health in Adolescent Girls With Elevated Anxiety: Web-Based Multisite, Pilot, and Feasibility Randomized Controlled Trial.",10.2196/82781,PMC13585365,2026,2026-09-17,research-article,응용 연구 후보,CC BY,https://www.ebi.ac.uk/europepmc/webservices/rest/PMC13585365/fullTextXML,research_fields/applied/fulltext/PMC13585365.xml,a5a77e9d207281dbafb2a7552b16d3ad776033a73ef9906254b37c3c2c2cc741,NOT_TESTED,NOT_TESTED
applied,psychology_behavior,Assessment of anxiety risk association with PAHs and aluminum co-exposure in an aluminum production facility.,10.1186/s42506-026-00233-2,PMC13586090,2026,2026-09-17,research-article,응용 연구 후보,CC BY,https://www.ebi.ac.uk/europepmc/webservices/rest/PMC13586090/fullTextXML,research_fields/applied/fulltext/PMC13586090.xml,e871e2ce9934fce4272cca4fecc844e2ca50730086bc8da6505b8fba4354c552,NOT_TESTED,NOT_TESTED
applied,psychology_behavior,Patterns and determinants of formal healthcare utilisation among individuals with and without proxy-identified mental health need in Tanzania: A cross-sectional analysis of the National Panel Survey.,10.1371/journal.pmen.0000644,PMC13585274,2026,2026-09-17,research-article,응용 연구 후보,CC BY,https://www.ebi.ac.uk/europepmc/webservices/rest/PMC13585274/fullTextXML,research_fields/applied/fulltext/PMC13585274.xml,d5a818f8878e75b0c2a6fea10060383e7752911f13425a66528acc06804dc9ef,NOT_TESTED,NOT_TESTED
applied,psychology_behavior,Inflammation is associated with altered functional connectivity of the cingulate cortex in individuals with subthreshold depression.,10.1371/journal.pdig.0001665,PMC13585250,2026,2026-09-17,research-article,응용 연구 후보,CC BY,https://www.ebi.ac.uk/europepmc/webservices/rest/PMC13585250/fullTextXML,research_fields/applied/fulltext/PMC13585250.xml,2bf717244ba0440e8523e0a5d7ccce7424b0eddf8a865710ea8e65782b08e6db,NOT_TESTED,NOT_TESTED
applied,psychology_behavior,"A multimodal manual therapy, exercise, and psychological intervention for painful diabetic neuropathy: the NeuOst feasibility randomised controlled trial.",10.1097/pr9.0000000000001498,PMC13585324,2026,2026-09-16,research-article,응용 연구 후보,CC BY,https://www.ebi.ac.uk/europepmc/webservices/rest/PMC13585324/fullTextXML,research_fields/applied/fulltext/PMC13585324.xml,11d539661c8a6068a59adbbe5d8c4e6d58a9cbf0b2b9daceb153192cb528bb67,NOT_TESTED,NOT_TESTED
applied,psychology_behavior,Estimating presenteeism from repeated smartphone-based multimodal behavioral responses.,10.1371/journal.pone.0354342,PMC13581304,2026,2026-09-16,research-article,응용 연구 후보,CC BY,https://www.ebi.ac.uk/europepmc/webservices/rest/PMC13581304/fullTextXML,research_fields/applied/fulltext/PMC13581304.xml,aed34ee7ab0242ec6c77849d51fcbcaa42016782b0624b31e00fb5204d3ab8ff,NOT_TESTED,NOT_TESTED
applied,psychology_behavior,Bringing the Green Environment From Outdoors to Indoors Through Virtual Reality for Psychological Well-Being: Quasi-Experimental Study.,10.2196/93494,PMC13581148,2026,2026-09-16,research-article,응용 연구 후보,CC BY,https://www.ebi.ac.uk/europepmc/webservices/rest/PMC13581148/fullTextXML,research_fields/applied/fulltext/PMC13581148.xml,0265b5c0daeca1dff563524fcce759a25e3e6e0fc60a1c2ef2f94cee65f28365,NOT_TESTED,NOT_TESTED
applied,psychology_behavior,Revision of the perceived parental-educational-anxiety scale and its application among Chinese college freshmen.,10.1371/journal.pone.0358097,PMC13580987,2026,2026-09-16,research-article,응용 연구 후보,CC BY,https://www.ebi.ac.uk/europepmc/webservices/rest/PMC13580987/fullTextXML,research_fields/applied/fulltext/PMC13580987.xml,c78b1b29fa857586e07bf88742c102935bd26a5dcd5939d795ff0f0b8c738bd3,NOT_TESTED,NOT_TESTED
applied,psychology_behavior,Association between alcohol-Induced mental and behavioral disorders and comorbidities: Evidence from the Korea National Hospital Discharge In-depth Injury survey data.,10.1371/journal.pone.0356598,PMC13580963,2026,2026-09-16,research-article,응용 연구 후보,CC BY,https://www.ebi.ac.uk/europepmc/webservices/rest/PMC13580963/fullTextXML,research_fields/applied/fulltext/PMC13580963.xml,5525fdf71d47101621ef7bbe39f3f317dae8cf3f036366fca5bd6f4b5d1540fe,NOT_TESTED,NOT_TESTED
applied,psychology_behavior,Virtual Reality-Assisted Therapy Compared to Cognitive Behavioral Therapy for Patients With Treatment-Resistant Schizophrenia: Assessor-Blind Randomized Controlled Trial.,10.2196/106791,PMC13580698,2026,2026-09-16,research-article,응용 연구 후보,CC BY,https://www.ebi.ac.uk/europepmc/webservices/rest/PMC13580698/fullTextXML,research_fields/applied/fulltext/PMC13580698.xml,54bfad116491fb6b06edbcb11c75db77c63a72517ea0de448b7670ba7384a5cc,NOT_TESTED,NOT_TESTED
applied,psychology_behavior,Psychological Therapy in the Age of Large Language Models: Framework for Therapist-Delivered and AI-Supported Functions.,10.2196/103712,PMC13580604,2026,2026-09-16,research-article,응용 연구 후보,CC BY,https://www.ebi.ac.uk/europepmc/webservices/rest/PMC13580604/fullTextXML,research_fields/applied/fulltext/PMC13580604.xml,727a7f5670f254e43d18c315c814c4ea6e3005458d4aea07eac60055ddf4be81,NOT_TESTED,NOT_TESTED
applied,psychology_behavior,Interdental brushing behaviour in adults: Influence of periodontal status and socioeconomic factors.,10.1007/s00784-026-07129-7,PMC13582308,2026,2026-09-16,research-article,응용 연구 후보,CC BY,https://www.ebi.ac.uk/europepmc/webservices/rest/PMC13582308/fullTextXML,research_fields/applied/fulltext/PMC13582308.xml,7d12a63d32bad1eec6a5540390755905dd6295fd6e02ac6b4cdebd1186ed0157,NOT_TESTED,NOT_TESTED
applied,psychology_behavior,"Ethnic and income-related inequalities in mental health among adolescents: a cross-sectional study in Bradford, UK.",10.1136/bmjph-2025-004528,PMC13583858,2026,2026-09-15,research-article,응용 연구 후보,CC BY,https://www.ebi.ac.uk/europepmc/webservices/rest/PMC13583858/fullTextXML,research_fields/applied/fulltext/PMC13583858.xml,e74fbc59456299df5e137944456de73f1b6e97905a58be4d9d6794562614d4f3,NOT_TESTED,NOT_TESTED
applied,psychology_behavior,Mutual wellbeing in an equine-assisted intervention: experimental evidence for the two-way hypothesis and the importance of interaction method.,10.1038/s41598-026-65168-2,PMC13578761,2026,2026-09-15,research-article,응용 연구 후보,CC BY,https://www.ebi.ac.uk/europepmc/webservices/rest/PMC13578761/fullTextXML,research_fields/applied/fulltext/PMC13578761.xml,13c167d4ac1fed0a3c4c0f2c673a8ea1f167756b28d44f9b6475375c08d5c509,NOT_TESTED,NOT_TESTED
applied,psychology_behavior,No evidence of higher peak heat tolerance in the afternoon or with opportunity for thermal behaviour during low-intensity work in uncompensable heat.,10.1113/ep092803,PMC13577609,2026,2026-09-15,research-article,응용 연구 후보,CC BY,https://www.ebi.ac.uk/europepmc/webservices/rest/PMC13577609/fullTextXML,research_fields/applied/fulltext/PMC13577609.xml,b2cbc5d568a83387ef36a9ce0c05d6b89033e4696234150b3aeb032323b5982e,NOT_TESTED,NOT_TESTED
applied,psychology_behavior,The effect of manuscript characteristics on quality assessment of scientific manuscripts in psychology.,10.1371/journal.pone.0355938,PMC13577479,2026,2026-09-15,research-article,응용 연구 후보,CC BY,https://www.ebi.ac.uk/europepmc/webservices/rest/PMC13577479/fullTextXML,research_fields/applied/fulltext/PMC13577479.xml,c159ccb25483c3e584dd39ffc410a3b92415e1808133bd8c1ab3ca249f54aa32,NOT_TESTED,NOT_TESTED
applied,psychology_behavior,Census-based adolescent depression risk assessment: A novel method and reflections.,10.1371/journal.pone.0357661,PMC13577525,2026,2026-09-15,research-article,응용 연구 후보,CC0,https://www.ebi.ac.uk/europepmc/webservices/rest/PMC13577525/fullTextXML,research_fields/applied/fulltext/PMC13577525.xml,dd5d7daad3c001e5f0af1b064343169a7a888012d0e576b384e34d8ce9466df5,NOT_TESTED,NOT_TESTED
applied,psychology_behavior,Prevalence and associated factors of anxiety and depression among women seeking digital mental health services in Bangladesh.,10.1371/journal.pmen.0000715,PMC13577547,2026,2026-09-15,research-article,응용 연구 후보,CC BY,https://www.ebi.ac.uk/europepmc/webservices/rest/PMC13577547/fullTextXML,research_fields/applied/fulltext/PMC13577547.xml,f0dd63450d4f56d2d3873edeeef8becec9cd5f947c5943108af784fc17aa7aeb,NOT_TESTED,NOT_TESTED
applied,psychology_behavior,"Beyond the Scalpel: A Cross-Sectional Study of Psychological Well-Being and Quality of Life in Women With a History of Cosmetic Surgery, Surgical Candidates, and a Comparison Group.",10.1002/hsr2.73245,PMC13572902,2026,2026-09-14,research-article,응용 연구 후보,CC BY,https://www.ebi.ac.uk/europepmc/webservices/rest/PMC13572902/fullTextXML,research_fields/applied/fulltext/PMC13572902.xml,c4d889cc00e18d4fc6c375be4fa94a09cc44b51f6b1bf957c5124190e8a26498,NOT_TESTED,NOT_TESTED
applied,psychology_behavior,Digital Phenotyping of Lifestyle Profiles and Mental Well-Being in German Adults: Prospective Longitudinal Cohort Study.,10.2196/101850,PMC13574308,2026,2026-09-14,research-article,응용 연구 후보,CC BY,https://www.ebi.ac.uk/europepmc/webservices/rest/PMC13574308/fullTextXML,research_fields/applied/fulltext/PMC13574308.xml,2b36205ccfb63a58f3e0f3f156050a9978859c80fac550cd32505108768e58d0,NOT_TESTED,NOT_TESTED
applied,psychology_behavior,Digitally Adapting LGBTQ-Affirmative Cognitive Behavioral Therapy for Chinese Men Who Have Sex With Men Living With HIV: User-Centered Design Approach.,10.2196/98541,PMC13573822,2026,2026-09-14,research-article,응용 연구 후보,CC BY,https://www.ebi.ac.uk/europepmc/webservices/rest/PMC13573822/fullTextXML,research_fields/applied/fulltext/PMC13573822.xml,b9073faaf49c31cb345778e3934ca70bd1c049919de2dde6e7e5a3982e1fd5ca,NOT_TESTED,NOT_TESTED
applied,psychology_behavior,"Longitudinal Study on Post-Traumatic Stress Disorder, Anxiety, and Depression Among Medical Staff in China.",10.1002/hcs2.70101,PMC13571159,2026,2026-09-13,research-article,응용 연구 후보,CC BY,https://www.ebi.ac.uk/europepmc/webservices/rest/PMC13571159/fullTextXML,research_fields/applied/fulltext/PMC13571159.xml,fe645012c100e836686e577ecb586bb374dd42a76074c8e31e925b0faf5712ca,NOT_TESTED,NOT_TESTED
applied,psychology_behavior,Time-resolved aperiodic dynamics in event segmentation in attention-deficit/hyperactivity disorder.,10.1093/braincomms/fcag351,PMC13590235,2026,2026-09-12,research-article,응용 연구 후보,CC BY,https://www.ebi.ac.uk/europepmc/webservices/rest/PMC13590235/fullTextXML,research_fields/applied/fulltext/PMC13590235.xml,ceacc4e87bfe4cbd043e907bad6c48a63e79a1e271b40c2f492b1085f8776244,NOT_TESTED,NOT_TESTED
applied,psychology_behavior,"Mapping Sex Differences in Depression, Anxiety, and Co-Occurring Symptoms in Adults Under Stress: A Bayesian Network Approach.",10.1155/da/6640438,PMC13570569,2026,2026-09-12,research-article,응용 연구 후보,CC BY,https://www.ebi.ac.uk/europepmc/webservices/rest/PMC13570569/fullTextXML,research_fields/applied/fulltext/PMC13570569.xml,3859975e04acae3cc9a47bb3e9bdf21a210d44ced0462a640efccf96680cb524,NOT_TESTED,NOT_TESTED
applied,psychology_behavior,Behavioural and psychological symptom determinants of carer burden across clinical syndromes associated with frontotemporal lobar degeneration and Alzheimer's disease: a transdiagnostic analysis.,10.1007/s00415-026-14132-1,PMC13570929,2026,2026-09-12,research-article,응용 연구 후보,CC BY,https://www.ebi.ac.uk/europepmc/webservices/rest/PMC13570929/fullTextXML,research_fields/applied/fulltext/PMC13570929.xml,bfa7d77c37746552a5257b0cc63ecaf8ef6287734aca84a7b440a1af627ef550,NOT_TESTED,NOT_TESTED
applied,education_learning,Gameful Experience and Perceived Educational Value in a Student-Designed Medical Escape Room for Preclinical Medical Education: Cross-Sectional Study.,10.2196/96011,PMC13592745,2026,2026-09-21,research-article,응용 연구 후보,CC BY,https://www.ebi.ac.uk/europepmc/webservices/rest/PMC13592745/fullTextXML,research_fields/applied/fulltext/PMC13592745.xml,7a4f7e2a11a27c8012a695c94486bf3c4d2902daa149c09c72ce64eca0b98509,NOT_TESTED,NOT_TESTED
applied,education_learning,Case-based pharmacotherapeutic learning structured around the prescribing optimization method and the WHO 6-step model: Medical students' views from an exploratory questionnaire study.,10.1007/s00228-026-04184-7,PMC13589751,2026,2026-09-19,research-article,응용 연구 후보,CC BY,https://www.ebi.ac.uk/europepmc/webservices/rest/PMC13589751/fullTextXML,research_fields/applied/fulltext/PMC13589751.xml,6029dfaaf841554a2353a219f1a42f8903077ea1f188287fa6c87a65e3b8e32c,NOT_TESTED,NOT_TESTED
applied,education_learning,Recurrent and system-specific model-attribution patterns in PISA 2022 science performance across nine education systems.,10.1371/journal.pone.0351534,PMC13588497,2026,2026-09-18,research-article,응용 연구 후보,CC BY,https://www.ebi.ac.uk/europepmc/webservices/rest/PMC13588497/fullTextXML,research_fields/applied/fulltext/PMC13588497.xml,bff81591d83cb11f42bbaeb3ce4cf6252705b66ef332bdf1c7a4a3ab1d7001f9,NOT_TESTED,NOT_TESTED
applied,education_learning,Assessment of clinical education (ASSCE): a scoping review of use and experiences of the tool.,10.1186/s12912-026-05379-0,PMC13587395,2026,2026-09-17,research-article,응용 연구 후보,CC BY,https://www.ebi.ac.uk/europepmc/webservices/rest/PMC13587395/fullTextXML,research_fields/applied/fulltext/PMC13587395.xml,82a050299ceefb3f5ba533fc6701133dbb38b51f61ca8d3480768fc4480d608d,NOT_TESTED,NOT_TESTED
applied,education_learning,From Pieces to Processes: Teaching Health Care Process Optimization and Quality Improvement Through a Building Brick Simulation.,10.15766/mep_2374-8265.11637,PMC13582539,2026,2026-09-17,research-article,응용 연구 후보,CC BY,https://www.ebi.ac.uk/europepmc/webservices/rest/PMC13582539/fullTextXML,research_fields/applied/fulltext/PMC13582539.xml,d4db77520dc39e08c0cc14a431cf4b17a20e3075de9a0d86c5ee74a77e1e0b90,NOT_TESTED,NOT_TESTED
applied,education_learning,The hidden curriculum of endurance: how students' psychosocial stress becomes normalised in arts higher education.,10.1080/17482631.2026.2727777,PMC13587575,2026,2026-09-17,research-article,응용 연구 후보,CC BY,https://www.ebi.ac.uk/europepmc/webservices/rest/PMC13587575/fullTextXML,research_fields/applied/fulltext/PMC13587575.xml,4db8da2c6167e5544403be23e69079c8ea1486650da9103d422abd7b0064620a,NOT_TESTED,NOT_TESTED
applied,education_learning,Improving Nursing Students' Critical Thinking Disposition Through a Gamified Flipped Classroom: A Quasiexperimental Study.,10.1155/nrp/5074543,PMC13583434,2026,2026-09-16,research-article,응용 연구 후보,CC BY,https://www.ebi.ac.uk/europepmc/webservices/rest/PMC13583434/fullTextXML,research_fields/applied/fulltext/PMC13583434.xml,f1823f4ce725005ae66559fe849b7e5f6d161bef04634ef0b642d508ba3a90ef,NOT_TESTED,NOT_TESTED
applied,education_learning,Students' Learning Outcomes in a Virtual Microscopic Online and Face-to-Face Anatomy Course: Cross-Over Comparative Study.,10.2196/82012,PMC13580892,2026,2026-09-16,research-article,응용 연구 후보,CC BY,https://www.ebi.ac.uk/europepmc/webservices/rest/PMC13580892/fullTextXML,research_fields/applied/fulltext/PMC13580892.xml,6064ca36a663a2dfe49a06b3708b388052a124b73e7454970f2194b6f2b46fe9,NOT_TESTED,NOT_TESTED
applied,education_learning,Genetic literacy assessment among medical students using the Indonesian adaptation of the University of North Carolina Genomic Knowledge Scale.,10.1007/s12687-026-00940-5,PMC13582748,2026,2026-09-16,research-article,응용 연구 후보,CC BY,https://www.ebi.ac.uk/europepmc/webservices/rest/PMC13582748/fullTextXML,research_fields/applied/fulltext/PMC13582748.xml,03680ab8887d6f8c8ec940a5deb76d844e5eed0b8855e7369a5e84b1df4cb655,NOT_TESTED,NOT_TESTED
applied,education_learning,Teaching Acute Coronary Syndrome High-Risk ECG Interpretation and Clinical Decision-Making Through FOAMed Videos and Podcast Versus Print-Based Materials Among Emergency Care Providers: Randomized Controlled Mixed Methods Trial.,10.2196/87587,PMC13577616,2026,2026-09-15,research-article,응용 연구 후보,CC BY,https://www.ebi.ac.uk/europepmc/webservices/rest/PMC13577616/fullTextXML,research_fields/applied/fulltext/PMC13577616.xml,5617d60eb24b7dcf060e792f7d043c88160d81f3708426b1487290214e81487b,NOT_TESTED,NOT_TESTED
applied,education_learning,Beyond the undergraduate experience: Pre-arrival expectations of postgraduate taught students at a UK university.,10.1371/journal.pone.0358341,PMC13577360,2026,2026-09-15,research-article,응용 연구 후보,CC BY,https://www.ebi.ac.uk/europepmc/webservices/rest/PMC13577360/fullTextXML,research_fields/applied/fulltext/PMC13577360.xml,dd6788d648d59e1d22b9c450a1ae40d03cf9f68fe0aa6a2afd747cb3b524859e,NOT_TESTED,NOT_TESTED
applied,education_learning,Herbal or conventional medicine? A cross-sectional study of Jordanian university students' preferences for cold and flu treatment.,10.1371/journal.pone.0358179,PMC13577359,2026,2026-09-15,research-article,응용 연구 후보,CC BY,https://www.ebi.ac.uk/europepmc/webservices/rest/PMC13577359/fullTextXML,research_fields/applied/fulltext/PMC13577359.xml,48177499249c499c84678b953608f48a6b220acffab476311bb69564d0fb82fe,NOT_TESTED,NOT_TESTED
applied,education_learning,An explorative approach of the InovSafeCare model for education in infection prevention and control: a cross-sectional study among undergraduate nursing students in sub-Saharan Africa.,10.1080/16549716.2026.2728504,PMC13580379,2026,2026-09-15,research-article,응용 연구 후보,CC BY,https://www.ebi.ac.uk/europepmc/webservices/rest/PMC13580379/fullTextXML,research_fields/applied/fulltext/PMC13580379.xml,40849556a7d2faa82f16a8d8b314802dd91083d45edae2bf5d48e174beb6f134,NOT_TESTED,NOT_TESTED
applied,education_learning,Exploring Student and Faculty Insights on Ultrasound Education for Final-Year Medical Students: A Qualitative Study.,10.2147/amep.s621984,PMC13584943,2026,2026-09-13,research-article,응용 연구 후보,CC BY,https://www.ebi.ac.uk/europepmc/webservices/rest/PMC13584943/fullTextXML,research_fields/applied/fulltext/PMC13584943.xml,1113255314068f09e6527c52c56b72986d3b38e371353b46fef502e846affa13,NOT_TESTED,NOT_TESTED
applied,education_learning,Assessment of drug harm by final-year medical students and ChatGPT - a comparative analysis.,10.1186/s13011-026-00762-1,PMC13587526,2026,2026-09-12,research-article,응용 연구 후보,CC BY,https://www.ebi.ac.uk/europepmc/webservices/rest/PMC13587526/fullTextXML,research_fields/applied/fulltext/PMC13587526.xml,538911a3a42419bd7bd447d7952fa78305044cdebcb6a33ac3f3435540ed1b70,NOT_TESTED,NOT_TESTED
applied,education_learning,The 10-year evolution of a dental undergraduate 'Blended Learning' suturing programme.,10.1038/s41405-026-00467-4,PMC13570886,2026,2026-09-12,research-article,응용 연구 후보,CC BY,https://www.ebi.ac.uk/europepmc/webservices/rest/PMC13570886/fullTextXML,research_fields/applied/fulltext/PMC13570886.xml,2e80193f3cf10d04ed50f5872c5a3af80f9eb8eede80d6992536b9e431cc3a82,NOT_TESTED,NOT_TESTED
applied,education_learning,"Teaching Model Context Protocol, Retrieval-Augmented Generation, and AI Agents to a Multidisciplinary Hospital Workforce: Single-Group Pre-Post Survey Study.",10.2196/97822,PMC13568689,2026,2026-09-11,research-article,응용 연구 후보,CC BY,https://www.ebi.ac.uk/europepmc/webservices/rest/PMC13568689/fullTextXML,research_fields/applied/fulltext/PMC13568689.xml,5622183adff8eea5fa189eb9f1ba44294f33445212014925e86d6eebde6a7d8a,NOT_TESTED,NOT_TESTED
applied,education_learning,"Physical contact in physical education for women: A cross-sectional questionnaire-based study of discomfort related to initiator gender, relationship with the initiator, and body region.",10.1371/journal.pone.0358338,PMC13567764,2026,2026-09-11,research-article,응용 연구 후보,CC BY,https://www.ebi.ac.uk/europepmc/webservices/rest/PMC13567764/fullTextXML,research_fields/applied/fulltext/PMC13567764.xml,99dabbee8fcb50d816e765969102bd7cb61ca11bfb035646de1105d04b004dd3,NOT_TESTED,NOT_TESTED
applied,education_learning,"Determinants of Awareness of High School and Preparatory Students About HIV/AIDS: The Case of Sayint Preparatory and General Secondary School, South Wollo, Ethiopia.",10.1002/puh2.70357,PMC13561629,2026,2026-09-10,research-article,응용 연구 후보,CC BY,https://www.ebi.ac.uk/europepmc/webservices/rest/PMC13561629/fullTextXML,research_fields/applied/fulltext/PMC13561629.xml,504acedeae6b1e5ed755f5b38dc4e96176cda168089a530fb8f4aff01710d00e,NOT_TESTED,NOT_TESTED
applied,education_learning,Supporting the Learning of Visual Perception Skills in Cytology Through a Computational Tool: Development and Evaluation Study.,10.2196/79508,PMC13561437,2026,2026-09-10,research-article,응용 연구 후보,CC BY,https://www.ebi.ac.uk/europepmc/webservices/rest/PMC13561437/fullTextXML,research_fields/applied/fulltext/PMC13561437.xml,c308d496a36afe073e48f44e632ba75c2070b810893e740f42d9cb1e79423af1,NOT_TESTED,NOT_TESTED
applied,education_learning,Attitudes Toward and Preconditions for Digital Game-Based Learning Among Public Health and Health Sciences Students: Cross-Sectional Online Survey Study.,10.2196/83347,PMC13561400,2026,2026-09-10,research-article,응용 연구 후보,CC BY,https://www.ebi.ac.uk/europepmc/webservices/rest/PMC13561400/fullTextXML,research_fields/applied/fulltext/PMC13561400.xml,bf9b97de6b90772ebefa3e13a85c6e54829242f8364daa9cb6d1600948327103,NOT_TESTED,NOT_TESTED
applied,education_learning,Profiling Human-AI Regulatory Support in Technology-Enhanced Interprofessional Education Among Health Professions Students: Person-Centered Exploratory Study.,10.2196/95772,PMC13561188,2026,2026-09-10,research-article,응용 연구 후보,CC BY,https://www.ebi.ac.uk/europepmc/webservices/rest/PMC13561188/fullTextXML,research_fields/applied/fulltext/PMC13561188.xml,b3100387d12d6053da3596b1e0f2a280d2466a88b950ed68d719738982cbf5d6,NOT_TESTED,NOT_TESTED
applied,education_learning,"Assessment of food safety knowledge, attitudes, and self-reported practices among secondary school students in Bangladesh: A geographic information system-based cross-sectional study.",10.1371/journal.pgph.0007173,PMC13561326,2026,2026-09-10,research-article,응용 연구 후보,CC BY,https://www.ebi.ac.uk/europepmc/webservices/rest/PMC13561326/fullTextXML,research_fields/applied/fulltext/PMC13561326.xml,d94b4669620f00874ea5bc2e8c7a2157e613f0f2b1bb39df8141ccd9986f6b94,NOT_TESTED,NOT_TESTED
applied,education_learning,Beyond Online Course Evaluations: Student-Led Focus Groups for Curricular Feedback.,10.5334/pme.1786,PMC13564938,2026,2026-09-09,research-article,응용 연구 후보,CC BY,https://www.ebi.ac.uk/europepmc/webservices/rest/PMC13564938/fullTextXML,research_fields/applied/fulltext/PMC13564938.xml,55eeef54067b2d7295848f54fbbb175ff9e6103c14a7edba8a822629d6e89109,NOT_TESTED,NOT_TESTED
applied,education_learning,Gamified Adult Basic Life Support Training for Schoolchildren Using Minecraft Education Edition: Cross-Sectional Program Evaluation.,10.2196/93141,PMC13556288,2026,2026-09-09,research-article,응용 연구 후보,CC BY,https://www.ebi.ac.uk/europepmc/webservices/rest/PMC13556288/fullTextXML,research_fields/applied/fulltext/PMC13556288.xml,84041957edb08e9e6e0c59b08dd9284b37a0681fa9392278f5af2e4ab55f1073,NOT_TESTED,NOT_TESTED
applied,education_learning,Oral Health Knowledge and Training of French Community Pharmacy Students.,10.3290/j.ohpd.c_2813,PMC13559057,2026,2026-09-09,research-article,응용 연구 후보,CC BY,https://www.ebi.ac.uk/europepmc/webservices/rest/PMC13559057/fullTextXML,research_fields/applied/fulltext/PMC13559057.xml,98a00a9f8b8e3c3ded2b1db3f4efc29d1e4038745d91948fdcd516a0e47ece23,NOT_TESTED,NOT_TESTED
applied,education_learning,Evaluation of the new Egyptian undergraduate medical program from students' perspectives: a nationwide cross-sectional study.,10.1186/s12909-026-10200-2,PMC13555892,2026,2026-09-08,research-article,응용 연구 후보,CC BY,https://www.ebi.ac.uk/europepmc/webservices/rest/PMC13555892/fullTextXML,research_fields/applied/fulltext/PMC13555892.xml,da2532073fa44268adf2d23b33a32f094cc411232788e82a2133c06290a98455,NOT_TESTED,NOT_TESTED
applied,education_learning,Visualizing the future: impact of holographic visualization on teaching minimally invasive veneer preparation: a randomized controlled trial.,10.1186/s12909-026-10324-5,PMC13556104,2026,2026-09-08,research-article,응용 연구 후보,CC BY,https://www.ebi.ac.uk/europepmc/webservices/rest/PMC13556104/fullTextXML,research_fields/applied/fulltext/PMC13556104.xml,d42b9d289f451fd9978f5e0e1e08b86e1e1baedcf461842db94a12585e801dd7,NOT_TESTED,NOT_TESTED
applied,education_learning,Reproductive Health Communication in Spanish: A Standardized Patient-Based Module for Second-Year Medical Students.,10.15766/mep_2374-8265.11635,PMC13550226,2026,2026-09-08,research-article,응용 연구 후보,CC BY,https://www.ebi.ac.uk/europepmc/webservices/rest/PMC13550226/fullTextXML,research_fields/applied/fulltext/PMC13550226.xml,78344f8e18d8f08c5e927a9748ea1be2d43e5e3557edddf4bb248ee08f760cfd,NOT_TESTED,NOT_TESTED
applied,education_learning,Nonlinear Dose-Response Association Between Stressful Life Events and Probable Problematic Internet Use Among Chinese College Students: Cross-Sectional Study.,10.2196/92310,PMC13552645,2026,2026-09-08,research-article,응용 연구 후보,CC BY,https://www.ebi.ac.uk/europepmc/webservices/rest/PMC13552645/fullTextXML,research_fields/applied/fulltext/PMC13552645.xml,8cce6b2900dc8e9325849eff28cb7a9491d5e5dc12408a723083eb3e000dbba4,NOT_TESTED,NOT_TESTED
applied,economics_policy,Cost-utility of NeuroSAFE-guided RARP Versus Standard RARP in Men with Localised Prostate Cancer in the UK.,10.1016/j.euros.2026.08.007,PMC13582013,2026,2026-09-09,research-article,응용 연구 후보,CC BY,https://www.ebi.ac.uk/europepmc/webservices/rest/PMC13582013/fullTextXML,research_fields/applied/fulltext/PMC13582013.xml,eab8a5f65f4a33f23cb72e018ae9785165dd5cdb37e382910452938364ca96a9,NOT_TESTED,NOT_TESTED
applied,economics_policy,"Long-term comparative trajectories of health, behavioral, and economic outcomes: From pre-diagnosis to survivorship.",10.1371/journal.pone.0357917,PMC13557411,2026,2026-09-09,research-article,응용 연구 후보,CC BY,https://www.ebi.ac.uk/europepmc/webservices/rest/PMC13557411/fullTextXML,research_fields/applied/fulltext/PMC13557411.xml,b0adc5d5422c84a89b3ef2bbdf82fb5447ff8028d08d062157b0b4d7dcf4c07e,NOT_TESTED,NOT_TESTED
applied,economics_policy,"Pre-exposure prophylaxis as a complementary vaccination strategy to reduce rabies in Kerala, India: a cost-effectiveness modelling study.",10.1016/j.lansea.2026.100854,PMC13571938,2026,2026-09-05,research-article,응용 연구 후보,CC BY,https://www.ebi.ac.uk/europepmc/webservices/rest/PMC13571938/fullTextXML,research_fields/applied/fulltext/PMC13571938.xml,38aac40a18f56c3c4e47a9bc17b1c2db78b9ccb448b205deb01ad22072d3e1af,NOT_TESTED,NOT_TESTED
applied,economics_policy,"Economic Factors Associated with AI Adoption in Oncology: Cost-Effectiveness Perceptions, Reimbursement Readiness, and Return-on-Investment Confidence Among Romanian Healthcare Professionals.",10.3390/healthcare14172820,PMC13565732,2026,2026-09-02,research-article,응용 연구 후보,CC BY,https://www.ebi.ac.uk/europepmc/webservices/rest/PMC13565732/fullTextXML,research_fields/applied/fulltext/PMC13565732.xml,3bf7deb2501b89a0ce14c1ad9721044249bc463d3a4e724db0b3ea53df65dded,NOT_TESTED,NOT_TESTED
applied,economics_policy,Cost-effectiveness analysis of omeprazole for preventing esophageal stricture in patients with Zargar grade 2b and 3a corrosive esophageal injuries: A trial-based economic evaluation.,10.1097/md.0000000000050701,PMC13574397,2026,2026-09-01,research-article,응용 연구 후보,CC BY,https://www.ebi.ac.uk/europepmc/webservices/rest/PMC13574397/fullTextXML,research_fields/applied/fulltext/PMC13574397.xml,410d4ee508dbe26e8e4f90ba411e939b53f5376abae7af2fb8c987d24b38c180,NOT_TESTED,NOT_TESTED
applied,economics_policy,Policy Recommendations for Chagas Disease: An Emerging Concern of Public Health Significance for the U.S. Military.,10.4269/ajtmh.26-0052,PMC13550748,2026,2026-09-01,research-article,응용 연구 후보,CC BY,https://www.ebi.ac.uk/europepmc/webservices/rest/PMC13550748/fullTextXML,research_fields/applied/fulltext/PMC13550748.xml,61193bd05d75414218728a65f932320c29bd9d2529852e3edb457d4a3764bfc7,NOT_TESTED,NOT_TESTED
applied,economics_policy,A risk-stratified framework for in-house PLA 3D printing of non-critical medical device spare parts: a cost-effectiveness analysis.,10.3389/fmed.2026.1911165,PMC13561092,2026,2026-08-27,research-article,응용 연구 후보,CC BY,https://www.ebi.ac.uk/europepmc/webservices/rest/PMC13561092/fullTextXML,research_fields/applied/fulltext/PMC13561092.xml,4115f57678eae63ba25082085a4cb66a491c90d2c2577a14ca69ade59540313b,NOT_TESTED,NOT_TESTED
applied,economics_policy,Association between a regional reimbursement policy and treatment escalation in pulmonary arterial hypertension: a real-world cohort study with long-term Markov cost-effectiveness analysis.,10.3389/fphar.2026.1892453,PMC13558091,2026,2026-08-27,research-article,응용 연구 후보,CC BY,https://www.ebi.ac.uk/europepmc/webservices/rest/PMC13558091/fullTextXML,research_fields/applied/fulltext/PMC13558091.xml,b84257cda34f1f627f6741bedc63b5ee6e9f4a5463858ce31079c69e5bea7e8b,NOT_TESTED,NOT_TESTED
applied,economics_policy,Cost-effectiveness of tremelimumab plus durvalumab versus sorafenib for unresectable hepatocellular carcinoma in China: an economic evaluation based on five-year overall survival data from the HIMALAYA trial.,10.3389/fpubh.2026.1918118,PMC13557980,2026,2026-08-27,research-article,응용 연구 후보,CC BY,https://www.ebi.ac.uk/europepmc/webservices/rest/PMC13557980/fullTextXML,research_fields/applied/fulltext/PMC13557980.xml,64877996dc8e4c99e2895a00edb9e6084d92af1087490199cc1e4e0a34f83257,NOT_TESTED,NOT_TESTED
applied,economics_policy,Cost-Effectiveness of a Blended Learning Training Approach for Health Care Workers Conducting HIV Index Case Testing in Malawi: Secondary Economic Analysis of a Cluster-Randomized Controlled Trial.,10.2196/95450,PMC13563035,2026,2026-08-27,research-article,응용 연구 후보,CC BY,https://www.ebi.ac.uk/europepmc/webservices/rest/PMC13563035/fullTextXML,research_fields/applied/fulltext/PMC13563035.xml,36be8f09ae2c5aaa8bf2b39946449de5fda2efb754a5112617f4a97e5d025eba,NOT_TESTED,NOT_TESTED
applied,economics_policy,Cost-effectiveness analysis of computer aided detection for tuberculosis in Ghana: A decision-analytic modeling study.,10.1371/journal.pone.0356244,PMC13521406,2026,2026-08-27,research-article,응용 연구 후보,CC BY,https://www.ebi.ac.uk/europepmc/webservices/rest/PMC13521406/fullTextXML,research_fields/applied/fulltext/PMC13521406.xml,9df5fc46942f042bcc30219c8bb51b20f2f02456dda08236e627d4df5c033eee,NOT_TESTED,NOT_TESTED
applied,economics_policy,Economic evaluation of the TriageHF Plus clinical pathway for device-based remote monitoring in heart failure.,10.1136/heartjnl-2025-326702,PMC13539856,2026,2026-08-25,research-article,응용 연구 후보,CC BY,https://www.ebi.ac.uk/europepmc/webservices/rest/PMC13539856/fullTextXML,research_fields/applied/fulltext/PMC13539856.xml,abf40e39c9c967c7861342f15f7c1696a7f5d696f4a1802b7300a11176fdcbca,NOT_TESTED,NOT_TESTED
applied,economics_policy,"Cost-effectiveness analysis of eltrombopag, hetrombopag and romiplostim for second-line treatment of primary immune thrombocytopenia in China.",10.3389/fmed.2026.1916651,PMC13546990,2026,2026-08-24,research-article,응용 연구 후보,CC BY,https://www.ebi.ac.uk/europepmc/webservices/rest/PMC13546990/fullTextXML,research_fields/applied/fulltext/PMC13546990.xml,6d60e0c1130c8455c97b537f4a8446e82a487edd4dd0a62da9f72bc79ec630bb,NOT_TESTED,NOT_TESTED
applied,economics_policy,Integrating clinical and economic outcomes in the elderly myeloma management: a comparative cost-effectiveness analysis.,10.3389/fonc.2026.1774263,PMC13547032,2026,2026-08-24,research-article,응용 연구 후보,CC BY,https://www.ebi.ac.uk/europepmc/webservices/rest/PMC13547032/fullTextXML,research_fields/applied/fulltext/PMC13547032.xml,0b508ccece1a9045824c7ad58e62882a3a675835ec9369284d897ea304eb3794,NOT_TESTED,NOT_TESTED
applied,economics_policy,Cost-effectiveness of the timing of respiratory extracorporeal membrane oxygenation initiation in pediatric patients.,10.1590/1984-0462/2026/44/2025275,PMC13502939,2026,2026-08-24,research-article,응용 연구 후보,CC BY,https://www.ebi.ac.uk/europepmc/webservices/rest/PMC13502939/fullTextXML,research_fields/applied/fulltext/PMC13502939.xml,f9a2e2c0e4c0a935e93d859f174fec4d974b8705bb625817e415da853a6dec0a,NOT_TESTED,NOT_TESTED
applied,economics_policy,Long-Term Cost and Health Impact of a Digital Obesity Intervention in Germany: Economic Modeling Study.,10.2196/88576,PMC13550978,2026,2026-08-24,research-article,응용 연구 후보,CC BY,https://www.ebi.ac.uk/europepmc/webservices/rest/PMC13550978/fullTextXML,research_fields/applied/fulltext/PMC13550978.xml,1bf483d9b03afce793fe2ee731fd7c9c657905a51b0de8466500bcf43047136c,NOT_TESTED,NOT_TESTED
applied,economics_policy,Optimizing PD-1/PD-L1 inhibitors plus chemotherapy for driver mutation-negative non-squamous NSCLC in China: a cost-effectiveness analysis.,10.3389/fphar.2026.1849145,PMC13541720,2026,2026-08-21,research-article,응용 연구 후보,CC BY,https://www.ebi.ac.uk/europepmc/webservices/rest/PMC13541720/fullTextXML,research_fields/applied/fulltext/PMC13541720.xml,f3073df4ec518b7b861579b88374db1b9bfe112073e85da7b0e6f5cd2660d4a3,NOT_TESTED,NOT_TESTED
applied,economics_policy,Association of Supportive Text Messaging With Health Service Utilization Costs Following Psychiatric Admission: Secondary Economic Analysis of a Stepped-Wedge Cluster Randomized Trial.,10.2196/93954,PMC13495993,2026,2026-08-21,research-article,응용 연구 후보,CC BY,https://www.ebi.ac.uk/europepmc/webservices/rest/PMC13495993/fullTextXML,research_fields/applied/fulltext/PMC13495993.xml,b8ad0e22fd3cde5ccacff8af9940f5b9ee41bfeb0f8e8ba5f4789fb040c5b374,NOT_TESTED,NOT_TESTED
applied,economics_policy,"Online Food Purchase Frequency Across Generations: Associations with Healthy Eating, Environmental Concern, and Economic Decision Indicators.",10.3390/nu18162730,PMC13516827,2026,2026-08-20,research-article,응용 연구 후보,CC BY,https://www.ebi.ac.uk/europepmc/webservices/rest/PMC13516827/fullTextXML,research_fields/applied/fulltext/PMC13516827.xml,a363bc40a82cd992fca53c1f1db5370646d1b857c78a2a7c131213005aa90764,NOT_TESTED,NOT_TESTED
applied,economics_policy,"Economic insecurity, decision fatigue, and positive wellbeing in digitally mediated financial decision environments.",10.3389/fpsyg.2026.1858489,PMC13534000,2026,2026-08-19,research-article,응용 연구 후보,CC BY,https://www.ebi.ac.uk/europepmc/webservices/rest/PMC13534000/fullTextXML,research_fields/applied/fulltext/PMC13534000.xml,18e7e2201276f646960f30db37ae9b70d75f647cd61b21b2351b02160fda0653,NOT_TESTED,NOT_TESTED
applied,economics_policy,Cost-Effectiveness Analysis of Older Adult Vaccination with the Bivalent Respiratory Syncytial Virus Prefusion F (RSVpreF) Vaccine in Mexico.,10.3390/vaccines14080713,PMC13517743,2026,2026-08-19,research-article,응용 연구 후보,CC BY,https://www.ebi.ac.uk/europepmc/webservices/rest/PMC13517743/fullTextXML,research_fields/applied/fulltext/PMC13517743.xml,4e1ce49fcb0ad246d58a8a0fc58692c98917bb94108c6d8e808d327cdbc1c54f,NOT_TESTED,NOT_TESTED
applied,economics_policy,Navigation-guided elective primary total hip arthroplasty is associated with reduced 90-day readmission and early revision at increased index cost: a national analysis.,10.3389/fsurg.2026.1818308,PMC13527035,2026,2026-08-17,research-article,응용 연구 후보,CC BY,https://www.ebi.ac.uk/europepmc/webservices/rest/PMC13527035/fullTextXML,research_fields/applied/fulltext/PMC13527035.xml,9457ca52fa7de0887330dc86518d0fb087e4035d97c38b098ee5dee3aeb735c5,NOT_TESTED,NOT_TESTED
applied,economics_policy,Cost-effectiveness of organised versus opportunistic mammography breast cancer screening in low-resourced country.,10.1136/bmjopen-2025-108486,PMC13504863,2026,2026-08-17,research-article,응용 연구 후보,CC BY,https://www.ebi.ac.uk/europepmc/webservices/rest/PMC13504863/fullTextXML,research_fields/applied/fulltext/PMC13504863.xml,4528b66cc0f36be4ddace0473d2a5b5e1a3907fcf0ec207b76823a6a2599d004,NOT_TESTED,NOT_TESTED
applied,economics_policy,Evaluating economic and health-system associations of a national public health legal framework: evidence from China's basic medical and health care and health promotion law.,10.3389/fpubh.2026.1908891,PMC13522156,2026,2026-08-14,research-article,응용 연구 후보,CC BY,https://www.ebi.ac.uk/europepmc/webservices/rest/PMC13522156/fullTextXML,research_fields/applied/fulltext/PMC13522156.xml,2a3f2ac5e509e2bd642a0f9d4077357b64399fbafb20714826f910fb4ad7b9e5,NOT_TESTED,NOT_TESTED
applied,economics_policy,Clinical and Economic Trade-Offs in Antifungal Therapy for Invasive Aspergillosis and Mucormycosis: A Markov Model-Based Analysis.,10.3390/jof12080608,PMC13514336,2026,2026-08-14,research-article,응용 연구 후보,CC BY,https://www.ebi.ac.uk/europepmc/webservices/rest/PMC13514336/fullTextXML,research_fields/applied/fulltext/PMC13514336.xml,88bba92ebe5af8020eb027565b9fd9cf1e8878d7170cf9385a876fd54c8ce6d8,NOT_TESTED,NOT_TESTED
applied,economics_policy,Extended Oral Antibiotics After Primary Total Hip and Knee Arthroplasty in an Ambulatory Surgery Center: A Bayesian Threshold and Cost-Effectiveness Analysis.,10.1016/j.artd.2026.102108,PMC13495080,2026,2026-08-13,research-article,응용 연구 후보,CC BY,https://www.ebi.ac.uk/europepmc/webservices/rest/PMC13495080/fullTextXML,research_fields/applied/fulltext/PMC13495080.xml,7efbe8abe6a71ad6db65c942043d31586c0bfaf6a883b1e95fcc7da59e67d71d,NOT_TESTED,NOT_TESTED
applied,economics_policy,Cost-effectiveness analysis of total intravenous vs. inhalation anaesthesia among adults aged ≥ 50 y undergoing major non-cardiac surgery.,10.1111/anae.70288,PMC13551113,2026,2026-08-12,research-article,응용 연구 후보,CC BY,https://www.ebi.ac.uk/europepmc/webservices/rest/PMC13551113/fullTextXML,research_fields/applied/fulltext/PMC13551113.xml,b489ee51812140cfa0ac59336552597a3f878c960ab4a928b938ea009308182a,NOT_TESTED,NOT_TESTED
applied,economics_policy,Cost-effectiveness of targeted therapy versus chemotherapy for patients with advanced or metastatic gastric cancer in China.,10.3389/fphar.2026.1840088,PMC13500755,2026,2026-08-10,research-article,응용 연구 후보,CC BY,https://www.ebi.ac.uk/europepmc/webservices/rest/PMC13500755/fullTextXML,research_fields/applied/fulltext/PMC13500755.xml,c49c33c4b49c0537fe6527521655a1e2f3097c8cbf26434c36e7502196f2e460,NOT_TESTED,NOT_TESTED
applied,economics_policy,Cost-utility analysis of home treatment versus inpatient treatment in child and adolescent psychiatry: a decision analysis.,10.3389/frcha.2026.1923381,PMC13500286,2026,2026-08-10,research-article,응용 연구 후보,CC BY,https://www.ebi.ac.uk/europepmc/webservices/rest/PMC13500286/fullTextXML,research_fields/applied/fulltext/PMC13500286.xml,51180b8af1d092593bcc35812d39286fa7c308eda97ff2283c1f5863cca0536e,NOT_TESTED,NOT_TESTED
applied,economics_policy,"Cost-effectiveness analysis of triplet therapy of encorafenib, binimetinib, and cetuximab for treatment of metastatic BRAF V600E-mutated colorectal cancer in China.",10.3389/fphar.2026.1746058,PMC13500752,2026,2026-08-10,research-article,응용 연구 후보,CC BY,https://www.ebi.ac.uk/europepmc/webservices/rest/PMC13500752/fullTextXML,research_fields/applied/fulltext/PMC13500752.xml,8f40fc26c71a22797b1d86b7edd5f059b100a64758a7a5adc9d8ffdef903aff1,NOT_TESTED,NOT_TESTED
applied,ecology_biodiversity,Pesticide-Free Rice Paddies Promote Diverse and Distinct Aquatic Invertebrate Communities in Cool-Temperate Agroecosystems.,10.1002/ece3.74287,PMC13586779,2026,2026-09-18,research-article,응용 연구 후보,CC BY,https://www.ebi.ac.uk/europepmc/webservices/rest/PMC13586779/fullTextXML,research_fields/applied/fulltext/PMC13586779.xml,b4fc33a66b4e9db7c0b7d36d5163efc2a22ea9d0b62d7bb5fd04c5ff77fbb62e,NOT_TESTED,NOT_TESTED
applied,ecology_biodiversity,Use of Human Habitat in an Extreme Desert by the Generalist Red Fox: Risk and Energy Considerations.,10.1002/ece3.74392,PMC13581412,2026,2026-09-16,research-article,응용 연구 후보,CC BY,https://www.ebi.ac.uk/europepmc/webservices/rest/PMC13581412/fullTextXML,research_fields/applied/fulltext/PMC13581412.xml,8ed52c80ae4bcb0af02840090958563c51498e98348de0a7de0ec02fa5a0457c,NOT_TESTED,NOT_TESTED
applied,ecology_biodiversity,A freshwater resilient and connected network to sustain biodiversity under a changing climate.,10.1371/journal.pone.0351782,PMC13581213,2026,2026-09-16,research-article,응용 연구 후보,CC BY,https://www.ebi.ac.uk/europepmc/webservices/rest/PMC13581213/fullTextXML,research_fields/applied/fulltext/PMC13581213.xml,37c4f974d1a3280960ecbd6538329d2011254ef4daf85b7c2c4580efde27bedf,NOT_TESTED,NOT_TESTED
applied,ecology_biodiversity,Automated and quantitative characterization of benthic habitat and associated biological communities of an unknown southeast Pacific seamount.,10.1371/journal.pone.0345687,PMC13577503,2026,2026-09-15,research-article,응용 연구 후보,CC BY,https://www.ebi.ac.uk/europepmc/webservices/rest/PMC13577503/fullTextXML,research_fields/applied/fulltext/PMC13577503.xml,8fc31451619df47bd2bb7592ea6ca783f003aaeb7d64e4d050863bcba9468d64,NOT_TESTED,NOT_TESTED
applied,ecology_biodiversity,Illegal Wildlife Trade in Kathmandu Valley: A Hub of Biodiversity Crime.,10.1002/ece3.74303,PMC13572203,2026,2026-09-13,research-article,응용 연구 후보,CC BY,https://www.ebi.ac.uk/europepmc/webservices/rest/PMC13572203/fullTextXML,research_fields/applied/fulltext/PMC13572203.xml,98fc4b12b81b5d65523b53a0f089377edee28e476d35abe6a088c8d92e39c463,NOT_TESTED,NOT_TESTED
applied,ecology_biodiversity,Cross-ecosystem subsidies drive CO2 flux rates in a coastal ecotone.,10.1371/journal.pone.0357828,PMC13567790,2026,2026-09-11,research-article,응용 연구 후보,CC0,https://www.ebi.ac.uk/europepmc/webservices/rest/PMC13567790/fullTextXML,research_fields/applied/fulltext/PMC13567790.xml,cd562b9e25e17a4323a9958eef062258a18e72a0f4752b5ceb57170b9d83ecc1,NOT_TESTED,NOT_TESTED
applied,ecology_biodiversity,From pixels to conservation: Deep learning for automated monitoring of rare and endangered wildlife.,10.1016/j.isci.2026.116669,PMC13586580,2026,2026-09-10,research-article,응용 연구 후보,CC BY,https://www.ebi.ac.uk/europepmc/webservices/rest/PMC13586580/fullTextXML,research_fields/applied/fulltext/PMC13586580.xml,b91504e9859a18a265a6dcb6409c4915d0bcc087b6d25f2db338fc34e487da4d,NOT_TESTED,NOT_TESTED
applied,ecology_biodiversity,The Mean Temperature of the Coldest Season is the Main Factor Influencing the Relationship Between Biodiversity and Biomass in the Desert Shrubland of Western Inner Mongolia.,10.1002/ece3.74353,PMC13561634,2026,2026-09-10,research-article,응용 연구 후보,CC BY,https://www.ebi.ac.uk/europepmc/webservices/rest/PMC13561634/fullTextXML,research_fields/applied/fulltext/PMC13561634.xml,d43a7385d616e266895998f61b273400616babb4a88bc1b6474666d12e9f452d,NOT_TESTED,NOT_TESTED
applied,ecology_biodiversity,Fin Whale (&lt;i&gt;Balaenoptera physalus&lt;/i&gt;) Diel Dive Patterns in a Shallow Fragmented Foraging Habitat.,10.1002/ece3.74313,PMC13561636,2026,2026-09-10,research-article,응용 연구 후보,CC BY,https://www.ebi.ac.uk/europepmc/webservices/rest/PMC13561636/fullTextXML,research_fields/applied/fulltext/PMC13561636.xml,772e1b0e2eba0f578adce56cfdf43d3879285e5db65b53e9e2571bb3832bb6e5,NOT_TESTED,NOT_TESTED
applied,ecology_biodiversity,"Tree Species Diversity, Canopy Height, and Soil Nutrient Availability Shape Leaf Insect Herbivory in Zhoushan Archipelago, China.",10.1002/ece3.73582,PMC13558230,2026,2026-09-09,research-article,응용 연구 후보,CC BY,https://www.ebi.ac.uk/europepmc/webservices/rest/PMC13558230/fullTextXML,research_fields/applied/fulltext/PMC13558230.xml,e84fb58e71da14302f0e4d4d80231c494a4d2ed93a404585e610c1276f097463,NOT_TESTED,NOT_TESTED
applied,ecology_biodiversity,Effects of Climatic Factors and Disturbance on Plant Above-Ground Biomass and Species Diversity of Chinese Grasslands: A Meta-Analysis.,10.1002/ece3.74320,PMC13553281,2026,2026-09-08,research-article,응용 연구 후보,CC BY,https://www.ebi.ac.uk/europepmc/webservices/rest/PMC13553281/fullTextXML,research_fields/applied/fulltext/PMC13553281.xml,55e113342558344063dba511527637194116e3018a2eea2f801d8d58624b5d16,NOT_TESTED,NOT_TESTED
applied,ecology_biodiversity,Chloroplast genome comparative analysis and phylogenetic relationships of 15 Syringa species (Oleaceae).,10.1590/1678-4685-gmb-2026-0016,PMC13555786,2026,2026-09-07,research-article,응용 연구 후보,CC BY,https://www.ebi.ac.uk/europepmc/webservices/rest/PMC13555786/fullTextXML,research_fields/applied/fulltext/PMC13555786.xml,9454181b1309c8a557a9e01177e5cdcc1c35a1132df3567bfdf26bf658c31c27,NOT_TESTED,NOT_TESTED
applied,ecology_biodiversity,Stage-specific threats reveal the inadequacy of adult-centered conservation.,10.7554/elife.110823,PMC13549618,2026,2026-09-07,research-article,응용 연구 후보,CC BY,https://www.ebi.ac.uk/europepmc/webservices/rest/PMC13549618/fullTextXML,research_fields/applied/fulltext/PMC13549618.xml,e84d97ad3e4a211509f38c5be8cb5c10172cebcf3480a83747c69047e3c54176,NOT_TESTED,NOT_TESTED
applied,ecology_biodiversity,Spatial Distribution and Ecological Assessment of Vegetation-Climate Zone Ecotones in the Temperate Forests of South Korea.,10.1002/ece3.74306,PMC13546866,2026,2026-09-06,research-article,응용 연구 후보,CC BY,https://www.ebi.ac.uk/europepmc/webservices/rest/PMC13546866/fullTextXML,research_fields/applied/fulltext/PMC13546866.xml,2dced7b900aa33cc3facab32f92173d3f79eb449123db84711403e71382d88df,NOT_TESTED,NOT_TESTED
applied,ecology_biodiversity,Effects of Meadow Connectivity on Plant Diversity in China's Poyang Lake: New Perspective of Effective Biodiversity Conservation.,10.1002/ece3.74328,PMC13546867,2026,2026-09-06,research-article,응용 연구 후보,CC BY,https://www.ebi.ac.uk/europepmc/webservices/rest/PMC13546867/fullTextXML,research_fields/applied/fulltext/PMC13546867.xml,7e5a320073bea739b288386f38d1c0d928265cf2a8462e60cf0377cb7c678021,NOT_TESTED,NOT_TESTED
applied,ecology_biodiversity,"Building dense or compact cities without jeopardizing biodiversity: Insights from bird observations in Gothenburg, Sweden.",10.1038/s42949-026-00471-5,PMC13545006,2026,2026-09-05,research-article,응용 연구 후보,CC BY,https://www.ebi.ac.uk/europepmc/webservices/rest/PMC13545006/fullTextXML,research_fields/applied/fulltext/PMC13545006.xml,95382c2fe80b75f280de4797cf73d07cc186ad6f7225fe3ffccb7e0862f261fe,NOT_TESTED,NOT_TESTED
applied,ecology_biodiversity,Global Patterns and Drivers of Climatic Niche Originality and Overlap: Disentangling Ecological From Methodological Signals.,10.1002/ece3.74215,PMC13539904,2026,2026-09-03,research-article,응용 연구 후보,CC BY,https://www.ebi.ac.uk/europepmc/webservices/rest/PMC13539904/fullTextXML,research_fields/applied/fulltext/PMC13539904.xml,ea662526f97e83150c15c6c42428c2fdf56c08c945546ab4e00ea7cb0804dd08,NOT_TESTED,NOT_TESTED
applied,ecology_biodiversity,The overlooked conservation values of saline lakes.,10.1038/s41467-026-76684-0,PMC13542260,2026,2026-09-03,research-article,응용 연구 후보,CC BY,https://www.ebi.ac.uk/europepmc/webservices/rest/PMC13542260/fullTextXML,research_fields/applied/fulltext/PMC13542260.xml,225e44109f4f773ede72345b955831af448d9048940f40d5af673547f741abd2,NOT_TESTED,NOT_TESTED
applied,ecology_biodiversity,Does higher food biodiversity in the Dutch diet lead to lower environmental impact?,10.1007/s00394-026-04092-7,PMC13541952,2026,2026-09-03,research-article,응용 연구 후보,CC BY,https://www.ebi.ac.uk/europepmc/webservices/rest/PMC13541952/fullTextXML,research_fields/applied/fulltext/PMC13541952.xml,9fe923e598f396a0ab53c6274e7cd2d484ae6c9d744e738b5ea2fcfe8ad9d117,NOT_TESTED,NOT_TESTED
applied,ecology_biodiversity,A Spatial Prioritization Approach for Identifying Future Conservation Reserve Program Opportunities to Enhance Longleaf Pine (Pinus palustris) Ecosystem Connectivity.,10.1007/s00267-026-02593-z,PMC13541870,2026,2026-09-03,research-article,응용 연구 후보,CC BY,https://www.ebi.ac.uk/europepmc/webservices/rest/PMC13541870/fullTextXML,research_fields/applied/fulltext/PMC13541870.xml,5e2d0d1827b5f141a0f902b385160fe337c2d908dc956df74842556dd31cefc3,NOT_TESTED,NOT_TESTED
applied,ecology_biodiversity,Prioritizing removals of a highly cryptic invasive species using machine learning and demographic weighting.,10.1002/eap.70317,PMC13593391,2026,2026-09-01,research-article,응용 연구 후보,CC BY,https://www.ebi.ac.uk/europepmc/webservices/rest/PMC13593391/fullTextXML,research_fields/applied/fulltext/PMC13593391.xml,9a53bbf1a5ca9098a30e00fe4010313fdf250f62e95faccc0d6938fd386463a4,NOT_TESTED,NOT_TESTED
applied,ecology_biodiversity,Impact of &lt;i&gt;Chamaecrista rotundifolia&lt;/i&gt; cover cropping on soil elemental cycling in karst agroecosystems.,10.3389/fmicb.2026.1906173,PMC13574786,2026,2026-09-01,research-article,응용 연구 후보,CC BY,https://www.ebi.ac.uk/europepmc/webservices/rest/PMC13574786/fullTextXML,research_fields/applied/fulltext/PMC13574786.xml,f36654b98b33b75156498cf0ff7d86751fd2aa4be230e830684377294f63ecf7,NOT_TESTED,NOT_TESTED
applied,ecology_biodiversity,Scale-Dependent Biodiversity Responses to Drying and Land Use in River Metacommunities Facing Global Change.,10.1111/gcb.71094,PMC13545490,2026,2026-09-01,research-article,응용 연구 후보,CC BY,https://www.ebi.ac.uk/europepmc/webservices/rest/PMC13545490/fullTextXML,research_fields/applied/fulltext/PMC13545490.xml,9d896f84926e46905d0fd1a77be149c37def1f2928776942bae43478fe9949cf,NOT_TESTED,NOT_TESTED
applied,ecology_biodiversity,Comparative genomics and phylogenetic analysis of three Malvaceae species on the basis of chloroplast genomes.,10.3389/fpls.2026.1860109,PMC13572635,2026,2026-08-31,research-article,응용 연구 후보,CC BY,https://www.ebi.ac.uk/europepmc/webservices/rest/PMC13572635/fullTextXML,research_fields/applied/fulltext/PMC13572635.xml,a2a9a220d587e8990ccfd4638cb95a2ff6eafe5cb3c2ef5a4631a68d61a3b6be,NOT_TESTED,NOT_TESTED
applied,ecology_biodiversity,MANNA-VISW: A Low-Cost Multimodal Autonomous Platform for Environmental and Ecosystem Recovery Monitoring in Disconnected Post-Disaster Scenarios.,10.3390/s26175522,PMC13568088,2026,2026-08-31,research-article,응용 연구 후보,CC BY,https://www.ebi.ac.uk/europepmc/webservices/rest/PMC13568088/fullTextXML,research_fields/applied/fulltext/PMC13568088.xml,12a76eaa86e5adbe060079be7f9e0091d75cfaa7a1a8a944b6011e402e3ac432,NOT_TESTED,NOT_TESTED
applied,ecology_biodiversity,Something looks fishy! A philosophical exploration of AI for marine conservation.,10.1007/s43681-026-01312-y,PMC13529866,2026,2026-08-31,research-article,응용 연구 후보,CC BY,https://www.ebi.ac.uk/europepmc/webservices/rest/PMC13529866/fullTextXML,research_fields/applied/fulltext/PMC13529866.xml,90cf9bc356aae31298ef0626c598fe35282f4e2569c4fff1a7b7ea11d1c340e2,NOT_TESTED,NOT_TESTED
applied,ecology_biodiversity,Multilevel Impacts of Habitat Fragmentation on Plant Diversity and Structure in Urban Remnant Forests.,10.1002/ece3.74246,PMC13522934,2026,2026-08-28,research-article,응용 연구 후보,CC BY,https://www.ebi.ac.uk/europepmc/webservices/rest/PMC13522934/fullTextXML,research_fields/applied/fulltext/PMC13522934.xml,d7702f3c193c596adf1ec38306bc83a2c8c9336cb031ba27fca7817cd1b776ca,NOT_TESTED,NOT_TESTED
applied,ecology_biodiversity,Assessing awareness to aid action: Stakeholders' perception of invasive alien species in a metropolis from the Global South.,10.1038/s41598-026-59488-6,PMC13518948,2026,2026-08-26,research-article,응용 연구 후보,CC BY,https://www.ebi.ac.uk/europepmc/webservices/rest/PMC13518948/fullTextXML,research_fields/applied/fulltext/PMC13518948.xml,1b874e50623bc269bf2f862e054feecefa505a2efdc1703bd2fb3113c87219db,NOT_TESTED,NOT_TESTED
applied,ecology_biodiversity,Citizen science-based biodiversity monitoring in oil palm plantations.,10.1371/journal.pone.0318046,PMC13505915,2026,2026-08-25,research-article,응용 연구 후보,CC BY,https://www.ebi.ac.uk/europepmc/webservices/rest/PMC13505915/fullTextXML,research_fields/applied/fulltext/PMC13505915.xml,03258e56e4386a08fe53d25959f0acf5bc3fc3c785d818522c8467e39c72b809,NOT_TESTED,NOT_TESTED
applied,ecology_biodiversity,Linking Ecosystem-Service Perceptions and Wool Valorisation in Alpine Sheep Farming Systems.,10.3390/ani16172649,PMC13564273,2026,2026-08-24,research-article,응용 연구 후보,CC BY,https://www.ebi.ac.uk/europepmc/webservices/rest/PMC13564273/fullTextXML,research_fields/applied/fulltext/PMC13564273.xml,4aa91b6c69e5154cfc9bc5b342750c83b25302a35ed0b79417a4c93d7b6525cc,NOT_TESTED,NOT_TESTED
applied,climate_pollution,Distribution and Habitat Suitability of &lt;i&gt;Artemisia annua&lt;/i&gt; in China Under Climate Change Scenarios.,10.1002/ece3.74236,PMC13574538,2026,2026-09-14,research-article,응용 연구 후보,CC BY,https://www.ebi.ac.uk/europepmc/webservices/rest/PMC13574538/fullTextXML,research_fields/applied/fulltext/PMC13574538.xml,ae05272a0d53d64e9a0b79a0f50af40fda2f701ce78664a9a67770bbd21e64ed,NOT_TESTED,NOT_TESTED
applied,climate_pollution,"Climate Change Impact on the Potential Distribution and Invasion Risk of &lt;i&gt;Tetramorium caldarium&lt;/i&gt; (Roger, 1857): A Species Distribution Modeling Approach Using MaxEnt.",10.1002/ece3.74319,PMC13572036,2026,2026-09-13,research-article,응용 연구 후보,CC BY,https://www.ebi.ac.uk/europepmc/webservices/rest/PMC13572036/fullTextXML,research_fields/applied/fulltext/PMC13572036.xml,ae4a1a3216c4b4d00dd135969d2076517bcbe8160053b05962cf7d818900ac89,NOT_TESTED,NOT_TESTED
applied,climate_pollution,"Replicative and Air Pollution-Induced Senescence: Telomere Dysfunction, Mitochondrial Stress, and Modulatory Effects of Astragaloside IV in Endothelial and Vascular Smooth Muscle Cells.",10.1007/s12012-026-10173-0,PMC13569613,2026,2026-09-11,research-article,응용 연구 후보,CC BY,https://www.ebi.ac.uk/europepmc/webservices/rest/PMC13569613/fullTextXML,research_fields/applied/fulltext/PMC13569613.xml,84e8452c52cfb5b880b6b525e9dd060620940a7705500a2c7e2f547c4bbe75b5,NOT_TESTED,NOT_TESTED
applied,climate_pollution,Predicted Global Redistribution of Pyrophilous Beetle &lt;i&gt;Melanophila acuminata&lt;/i&gt; (Coleoptera: Buprestidae) Under Climate Change.,10.1002/ece3.74317,PMC13553553,2026,2026-09-08,research-article,응용 연구 후보,CC BY,https://www.ebi.ac.uk/europepmc/webservices/rest/PMC13553553/fullTextXML,research_fields/applied/fulltext/PMC13553553.xml,b7dc772b7d1b9791bfc710aacf3b0bb33b62ad47a4fd9864f997ac4602e17d05,NOT_TESTED,NOT_TESTED
applied,climate_pollution,Exercise is associated with lower all-cause mortality among older adults: a national cohort survival analysis with county-level industrial air pollution indicators.,10.3389/fpubh.2026.1894835,PMC13541438,2026,2026-09-04,research-article,응용 연구 후보,CC BY,https://www.ebi.ac.uk/europepmc/webservices/rest/PMC13541438/fullTextXML,research_fields/applied/fulltext/PMC13541438.xml,9fae1916d1124c25f06afd815909d3f453422376e3d9a318bff700997883eec7,NOT_TESTED,NOT_TESTED
applied,climate_pollution,Integrative transcriptomic analysis identifies CCL22-associated immune signatures in air pollution-related atopic dermatitis.,10.3389/fpubh.2026.1906298,PMC13582549,2026,2026-09-03,research-article,응용 연구 후보,CC BY,https://www.ebi.ac.uk/europepmc/webservices/rest/PMC13582549/fullTextXML,research_fields/applied/fulltext/PMC13582549.xml,dba61fdf309b18c620b7b52597d294269cc537a88edca18722015f938b0a4371,NOT_TESTED,NOT_TESTED
applied,climate_pollution,"&lt;i&gt;They are all inter-related, like a cycle&lt;/i&gt;: an exploratory qualitative study of climate change, chronic stressors and mental health among displaced populations on the Thailand-Myanmar border.",10.3389/fpubh.2026.1846043,PMC13582530,2026,2026-09-03,research-article,응용 연구 후보,CC BY,https://www.ebi.ac.uk/europepmc/webservices/rest/PMC13582530/fullTextXML,research_fields/applied/fulltext/PMC13582530.xml,a31089a3f2939c7461e9b0df586b3c6bbc33cd1411edd2695baf0b91bd04310a,NOT_TESTED,NOT_TESTED
applied,climate_pollution,Climate-Driven Changes in Potential Suitable Habitat of &lt;i&gt;Protegira songi&lt;/i&gt; in China Under Future Climate Scenarios.,10.3390/biology15171515,PMC13564628,2026,2026-09-03,research-article,응용 연구 후보,CC BY,https://www.ebi.ac.uk/europepmc/webservices/rest/PMC13564628/fullTextXML,research_fields/applied/fulltext/PMC13564628.xml,290b88840f392223d2bbc0bcf1bad933e0dce168574771ff26ee6d2e4d0f3159,NOT_TESTED,NOT_TESTED
applied,climate_pollution,"Comparative volatile profiling of &lt;i&gt;Asarum&lt;/i&gt; species and MaxEnt-based habitat assessment of &lt;i&gt;Asarum sieboldii&lt;/i&gt;: implications for species authentication, geographical origin traceability, and climate-informed conservation.",10.3389/fpls.2026.1937801,PMC13574818,2026,2026-09-01,research-article,응용 연구 후보,CC BY,https://www.ebi.ac.uk/europepmc/webservices/rest/PMC13574818/fullTextXML,research_fields/applied/fulltext/PMC13574818.xml,5df48ac0d5656e0c3e625b15b3a29d8d68883c24ec61d09e54ba895f54d62416,NOT_TESTED,NOT_TESTED
applied,climate_pollution,Modeling climate-driven changes in potential zoonotic virus density across Australia.,10.1016/j.isci.2026.117414,PMC13571117,2026,2026-09-01,research-article,응용 연구 후보,CC BY,https://www.ebi.ac.uk/europepmc/webservices/rest/PMC13571117/fullTextXML,research_fields/applied/fulltext/PMC13571117.xml,cdd94280acfdfda68f0f5ff07aa4bc761935f335178ca91b17f94c169d3ba303,NOT_TESTED,NOT_TESTED
applied,climate_pollution,Acute Diarrheal Disease Associated With Climate Variability and Water Supply System Configuration: An Ecological Study in Brazil.,10.1002/wer.70563,PMC13557016,2026,2026-09-01,research-article,응용 연구 후보,CC BY,https://www.ebi.ac.uk/europepmc/webservices/rest/PMC13557016/fullTextXML,research_fields/applied/fulltext/PMC13557016.xml,903efa38fa96ed3bfd3f54d6f18bc2a58294dac3b6c77469642866a84ee7b6b9,NOT_TESTED,NOT_TESTED
applied,climate_pollution,Virulent Parasites Emerge in Hosts With Rising Temperatures.,10.1111/gcb.71082,PMC13552160,2026,2026-09-01,research-article,응용 연구 후보,CC BY,https://www.ebi.ac.uk/europepmc/webservices/rest/PMC13552160/fullTextXML,research_fields/applied/fulltext/PMC13552160.xml,13dd67d79ec13dd301b31679024ca4ec37537bbb0478892695fb4d130a4b4207,NOT_TESTED,NOT_TESTED
applied,climate_pollution,Induced Dysbiosis Modifies Physiological Responses to Warming in a Temperate Sponge.,10.1111/1462-2920.70402,PMC13547887,2026,2026-09-01,research-article,응용 연구 후보,CC BY,https://www.ebi.ac.uk/europepmc/webservices/rest/PMC13547887/fullTextXML,research_fields/applied/fulltext/PMC13547887.xml,24b6c37a1770bc3e7f2c9049a1a6f83b3269b44215607753eb2159298065beae,NOT_TESTED,NOT_TESTED
applied,climate_pollution,Thermal Stress and Habitat Loss: Assessing the Vulnerability of &lt;i&gt;Potamon fluviatile&lt;/i&gt; (Decapoda: Potamidae) to Climate Change in Italy.,10.1002/ece3.74256,PMC13531240,2026,2026-09-01,research-article,응용 연구 후보,CC BY,https://www.ebi.ac.uk/europepmc/webservices/rest/PMC13531240/fullTextXML,research_fields/applied/fulltext/PMC13531240.xml,aacf65111910c834ee50f338669ec47b7c2f864fa8410ab43cd3204b246d0ffb,NOT_TESTED,NOT_TESTED
applied,climate_pollution,Climate Exposures Increase the Risk of Anemia Among Reproductive-Age Women in Low- and Middle-Income Countries.,10.1002/ajhb.70297,PMC13527755,2026,2026-09-01,research-article,응용 연구 후보,CC BY,https://www.ebi.ac.uk/europepmc/webservices/rest/PMC13527755/fullTextXML,research_fields/applied/fulltext/PMC13527755.xml,04d723411372dd7cbdbd803830abb33cd70243a35de1e43bcd696c049e098662,NOT_TESTED,NOT_TESTED
applied,climate_pollution,Development and Validation of PubMed and Ovid MEDLINE Search Filters for Exposure Pathways Linking Climate Change With Public Health.,10.1002/cesm.70105,PMC13533122,2026,2026-08-31,research-article,응용 연구 후보,CC BY,https://www.ebi.ac.uk/europepmc/webservices/rest/PMC13533122/fullTextXML,research_fields/applied/fulltext/PMC13533122.xml,9684cda05279107c61ad43b767538ddfca8dad411849aa0be0b23a0df8ffe107,NOT_TESTED,NOT_TESTED
applied,climate_pollution,"The Individual and Interactive Effects of Climate, Land Use and Nutrient Enrichment on Macroinvertebrate Dynamics in South African Rivers.",10.1002/ece3.74252,PMC13530861,2026,2026-08-31,research-article,응용 연구 후보,CC BY,https://www.ebi.ac.uk/europepmc/webservices/rest/PMC13530861/fullTextXML,research_fields/applied/fulltext/PMC13530861.xml,d659266a32380f9bb9ca2eede9969e9e8a48175148d5703980befb0f7c090a79,NOT_TESTED,NOT_TESTED
applied,climate_pollution,Impact of Anthropogenic Activities and Climate Change on the Wetlands in the North-West of Madagascar.,10.1002/pei3.70206,PMC13525376,2026,2026-08-29,research-article,응용 연구 후보,CC BY,https://www.ebi.ac.uk/europepmc/webservices/rest/PMC13525376/fullTextXML,research_fields/applied/fulltext/PMC13525376.xml,f005fd1e40964d9bdeb00ef84f2d186fac8853e6eb9d15786df74c43f12bc506,NOT_TESTED,NOT_TESTED
applied,climate_pollution,Air Pollution Impairs Marathon Performance: A Cross-Sectional Analysis of 2.7 Million Finishers Across Six World Marathon Majors.,10.1186/s40798-026-01099-6,PMC13525978,2026,2026-08-29,research-article,응용 연구 후보,CC BY,https://www.ebi.ac.uk/europepmc/webservices/rest/PMC13525978/fullTextXML,research_fields/applied/fulltext/PMC13525978.xml,e9491c0b69898b09ae6d19a87fed1a54e73d9a6c9b2eb4eb0c01476c740bc68f,NOT_TESTED,NOT_TESTED
applied,climate_pollution,Development and two-city validation of a Temperature-Sensitive Air Quality Health Index incorporating synergistic effects of air pollution and thermal stress.,10.3389/fpubh.2026.1806127,PMC13556664,2026,2026-08-26,research-article,응용 연구 후보,CC BY,https://www.ebi.ac.uk/europepmc/webservices/rest/PMC13556664/fullTextXML,research_fields/applied/fulltext/PMC13556664.xml,3cf1b2adb179f5750c3b36d4e694548e76ab2d95220066b1a06c59aadd315443,NOT_TESTED,NOT_TESTED
applied,climate_pollution,"Urban environment, health, and equity: A population-based study of symptoms and annoyances related to air pollution, traffic noise, and greenness.",10.1097/ee9.0000000000000516,PMC13521496,2026,2026-08-26,research-article,응용 연구 후보,CC BY,https://www.ebi.ac.uk/europepmc/webservices/rest/PMC13521496/fullTextXML,research_fields/applied/fulltext/PMC13521496.xml,f5821d725488c47994483e3610ac307f73656cae104e077ecff1d07e6df53ae4,NOT_TESTED,NOT_TESTED
applied,climate_pollution,"Near-term, geospatial opportunity for biomass carbon storage to address the wildfire and climate crises.",10.1126/sciadv.aee6185,PMC13510600,2026,2026-08-26,research-article,응용 연구 후보,CC BY,https://www.ebi.ac.uk/europepmc/webservices/rest/PMC13510600/fullTextXML,research_fields/applied/fulltext/PMC13510600.xml,3f9cd398820d557fd4e8b7610e09f6cdfcab8db328b66fc078264824b25f35a2,NOT_TESTED,NOT_TESTED
applied,climate_pollution,Low temperature modulates spike development and yield &lt;i&gt;via&lt;/i&gt; ABA pathway at post-reproductive transition stage in wheat.,10.1016/j.abiote.2026.100086,PMC13582002,2026,2026-08-25,research-article,응용 연구 후보,CC BY,https://www.ebi.ac.uk/europepmc/webservices/rest/PMC13582002/fullTextXML,research_fields/applied/fulltext/PMC13582002.xml,d0e22cd2b00b4107b5c3501d8131b9ec51c62e270ba745b9036fd2f66a2ce4ee,NOT_TESTED,NOT_TESTED
applied,climate_pollution,Landscape Genomics Reveals Divergent Adaptation Modes and Predicts Climate Vulnerability in Xinjiang Indigenous Sheep.,10.3390/ani16172673,PMC13564338,2026,2026-08-25,research-article,응용 연구 후보,CC BY,https://www.ebi.ac.uk/europepmc/webservices/rest/PMC13564338/fullTextXML,research_fields/applied/fulltext/PMC13564338.xml,d5d30c3f14e8e320ec457258505a8a7bddd5cc7f750248826ac140f5f430d8e3,NOT_TESTED,NOT_TESTED
applied,climate_pollution,Impacts of Climate Change on Alpha and Beta Diversity Patterns of Cerrado anurans.,10.1002/ece3.73983,PMC13504677,2026,2026-08-25,research-article,응용 연구 후보,CC BY,https://www.ebi.ac.uk/europepmc/webservices/rest/PMC13504677/fullTextXML,research_fields/applied/fulltext/PMC13504677.xml,ee9e112df2e263172580065d7c343bee68f824fcd44d28528859707af8598a0c,NOT_TESTED,NOT_TESTED
applied,climate_pollution,Muslim religious leaders' views of climate change: An international survey.,10.1371/journal.pone.0353201,PMC13505925,2026,2026-08-25,research-article,응용 연구 후보,CC BY,https://www.ebi.ac.uk/europepmc/webservices/rest/PMC13505925/fullTextXML,research_fields/applied/fulltext/PMC13505925.xml,4dab4b1698c9265c41fb66d4c0be39fa88753abdba86795868ffeb813a18e61a,NOT_TESTED,NOT_TESTED
applied,climate_pollution,Defining climate change acceptance in undergraduate science student populations: A Delphi study.,10.1371/journal.pone.0356374,PMC13505952,2026,2026-08-25,research-article,응용 연구 후보,CC BY,https://www.ebi.ac.uk/europepmc/webservices/rest/PMC13505952/fullTextXML,research_fields/applied/fulltext/PMC13505952.xml,0f6d32fd1ee43c0d2c9fd700598d95266e26c28329f558361b89d7efcfb98d2b,NOT_TESTED,NOT_TESTED
applied,climate_pollution,How temperature reshapes interactions in mixed cultures of mycotoxigenic fungi.,10.3389/fmicb.2026.1903639,PMC13547475,2026,2026-08-24,research-article,응용 연구 후보,CC BY,https://www.ebi.ac.uk/europepmc/webservices/rest/PMC13547475/fullTextXML,research_fields/applied/fulltext/PMC13547475.xml,8de790e09d981232797cae65f1d2457b6381754f2c9d7e65f02db27aeb351cc0,NOT_TESTED,NOT_TESTED
applied,climate_pollution,Pelagic food web realignment supports resilient larvae of Southern Bluefin Tuna in a warming ocean.,10.1073/pnas.2601583123,PMC13535185,2026,2026-08-24,research-article,응용 연구 후보,CC BY,https://www.ebi.ac.uk/europepmc/webservices/rest/PMC13535185/fullTextXML,research_fields/applied/fulltext/PMC13535185.xml,1cef42e0bc396ed201a09c535a1739d9952fd1d48c8020d819ceff3399e7fd1e,NOT_TESTED,NOT_TESTED
applied,climate_pollution,Models Estimating the Effects of Changes in the Concentration of Specific Climatic Pollutants and Temperature on the Prevalence of Acute Ophthalmic Inflammatory Conditions: A Retrospective Cross-Sectional Observational Study.,10.1155/joph/7498511,PMC13500999,2026,2026-08-23,research-article,응용 연구 후보,CC BY,https://www.ebi.ac.uk/europepmc/webservices/rest/PMC13500999/fullTextXML,research_fields/applied/fulltext/PMC13500999.xml,d69e8a0ee3c8ee5c5aa5d5925a0ea3a073012d7747789b00226eba9ef4f235bc,NOT_TESTED,NOT_TESTED
applied,agriculture_crops,Proposed Economic Threshold for Diceraeus melacanthus (Dallas) in Maize Under an Early Intercrop Cultivation System.,10.1007/s13744-026-01439-x,PMC13582027,2026,2026-09-16,research-article,응용 연구 후보,CC BY,https://www.ebi.ac.uk/europepmc/webservices/rest/PMC13582027/fullTextXML,research_fields/applied/fulltext/PMC13582027.xml,a9ea88fef0c27f867f8ecc4630bfbdfb1d66952882b6361c76a1b7d62f17d575,NOT_TESTED,NOT_TESTED
applied,agriculture_crops,WSD-YOLO: A lightweight YOLO-based model with enhanced feature representation for maize pest detection.,10.1371/journal.pone.0357034,PMC13577518,2026,2026-09-15,research-article,응용 연구 후보,CC BY,https://www.ebi.ac.uk/europepmc/webservices/rest/PMC13577518/fullTextXML,research_fields/applied/fulltext/PMC13577518.xml,ff80ab9bb02378e9f1977f12450aed997d063f5488d6169bde21a89d67090681,NOT_TESTED,NOT_TESTED
applied,agriculture_crops,"Effectiveness of solid and liquid biogas-derived organic fertilizers on growth, yield, and nutrient status of arugula in calcareous soils.",10.7717/peerj.21707,PMC13584937,2026,2026-09-14,research-article,응용 연구 후보,CC BY,https://www.ebi.ac.uk/europepmc/webservices/rest/PMC13584937/fullTextXML,research_fields/applied/fulltext/PMC13584937.xml,5ea8a4d0f121abba98a5dd7a3777bdddfcc750e9d238df7cb374d68a09529e75,NOT_TESTED,NOT_TESTED
applied,agriculture_crops,Unlocking wheat yield potential through evaluation of high-performing hybrid lines in semiarid conditions of northern Pakistan.,10.1371/journal.pone.0356875,PMC13567805,2026,2026-09-11,research-article,응용 연구 후보,CC BY,https://www.ebi.ac.uk/europepmc/webservices/rest/PMC13567805/fullTextXML,research_fields/applied/fulltext/PMC13567805.xml,eeb33d4c06520372cbc2d8717c88b40c5b2d93a493a6111324d86f6ecfb1ac34,NOT_TESTED,NOT_TESTED
applied,agriculture_crops,Development of Stegasta bosqueella (Chambers) (Lepidoptera: Gelechiidae) in Peanut Cultivars.,10.1007/s13744-026-01435-1,PMC13569594,2026,2026-09-11,research-article,응용 연구 후보,CC BY,https://www.ebi.ac.uk/europepmc/webservices/rest/PMC13569594/fullTextXML,research_fields/applied/fulltext/PMC13569594.xml,d6642fb51f87c7eb3cb685ae6495de56f49f29b3a4bbe1487e0fecf4f29e606e,NOT_TESTED,NOT_TESTED
applied,agriculture_crops,"A Comparative Study on β-ODAP Level, Polyphenolic Content and Antioxidant Activity Across Three &lt;i&gt;Lathyrus sativus&lt;/i&gt; L. Cultivars.",10.1002/fsn3.72355,PMC13555400,2026,2026-09-09,research-article,응용 연구 후보,CC BY,https://www.ebi.ac.uk/europepmc/webservices/rest/PMC13555400/fullTextXML,research_fields/applied/fulltext/PMC13555400.xml,5410367348c70d6a507636aeae36c7df093e87daf9a0732685c4b59b1365921a,NOT_TESTED,NOT_TESTED
applied,agriculture_crops,Research neglect of root system architecture in root and tuber crops important for Sub-Saharan African Food Security.,10.1371/journal.pone.0357467,PMC13557360,2026,2026-09-09,research-article,응용 연구 후보,CC BY,https://www.ebi.ac.uk/europepmc/webservices/rest/PMC13557360/fullTextXML,research_fields/applied/fulltext/PMC13557360.xml,8abb191ea634d55df288561b9c717d3de2d085f21dd4e095794df6a43d685ec5,NOT_TESTED,NOT_TESTED
applied,agriculture_crops,Self-DNA acts as an immunostimulant for common bean (Phaseolus vulgaris) that induces defense against pests and diseases and increases seed yield.,10.1007/s44297-026-00086-3,PMC13554015,2026,2026-09-08,research-article,응용 연구 후보,CC BY,https://www.ebi.ac.uk/europepmc/webservices/rest/PMC13554015/fullTextXML,research_fields/applied/fulltext/PMC13554015.xml,9542bd3daf5f7eee8cc8dc92a625ca2896505b4415155e92824f93b70bbff797,NOT_TESTED,NOT_TESTED
applied,agriculture_crops,Evaluation and Selection of Rice Cultivars for Dual-Purpose Grain and Forage Production System.,10.3390/plants15172725,PMC13567482,2026,2026-09-06,research-article,응용 연구 후보,CC BY,https://www.ebi.ac.uk/europepmc/webservices/rest/PMC13567482/fullTextXML,research_fields/applied/fulltext/PMC13567482.xml,7a067d8e69e8f2fc6b6407736c6f1e1cbe6573226274ba004f7ccc80589ef0dc,NOT_TESTED,NOT_TESTED
applied,agriculture_crops,Unlocking the potential of spring wheat genetic resources: uncovering resistance sources against leaf rust and yellow rust.,10.1007/s00122-026-05365-9,PMC13547188,2026,2026-09-06,research-article,응용 연구 후보,CC BY,https://www.ebi.ac.uk/europepmc/webservices/rest/PMC13547188/fullTextXML,research_fields/applied/fulltext/PMC13547188.xml,be2546adc29c4a6e59573cc7e17583945cb0c21b0255ebdb22f32c91261662f2,NOT_TESTED,NOT_TESTED
applied,agriculture_crops,Genetically modified (GM) crop use 1996-2024: farm income and production impacts.,10.1080/21645698.2026.2726010,PMC13556975,2026,2026-09-06,research-article,응용 연구 후보,CC BY,https://www.ebi.ac.uk/europepmc/webservices/rest/PMC13556975/fullTextXML,research_fields/applied/fulltext/PMC13556975.xml,4b904752df6528288b654729ac8be89ad3f8bcaded9b05fcab805e3d1cef1cd0,NOT_TESTED,NOT_TESTED
applied,agriculture_crops,TOTEM: A low-cost solar-powered aeroponic system for vertical agriculture.,10.1016/j.ohx.2026.e00838,PMC13587726,2026,2026-09-05,research-article,응용 연구 후보,CC BY,https://www.ebi.ac.uk/europepmc/webservices/rest/PMC13587726/fullTextXML,research_fields/applied/fulltext/PMC13587726.xml,c16dfaec4bf42d4a112a6eaf1f80e2fa394dba8c1006c81963262890e54375bc,NOT_TESTED,NOT_TESTED
applied,agriculture_crops,Modeling of the Accumulated Nitrogen Loss by Volatilization in Topdressing Fertilization in Corn Plants.,10.1002/pei3.70209,PMC13545641,2026,2026-09-05,research-article,응용 연구 후보,CC BY,https://www.ebi.ac.uk/europepmc/webservices/rest/PMC13545641/fullTextXML,research_fields/applied/fulltext/PMC13545641.xml,b063c89059e40790b393aefe0ee5190f2b40bcd771f87fd1d09e37a560ce0d97,NOT_TESTED,NOT_TESTED
applied,agriculture_crops,"Drip fertigation technique with planting models strategies trigger grain filling, endogenous hormonal changes and maize productivity under semi-arid regions.",10.3389/fpls.2026.1919758,PMC13585617,2026,2026-09-04,research-article,응용 연구 후보,CC BY,https://www.ebi.ac.uk/europepmc/webservices/rest/PMC13585617/fullTextXML,research_fields/applied/fulltext/PMC13585617.xml,d8da22b1827963f5954ad5b3e676000412b6e2b5ca58f51dc54495537a505282,NOT_TESTED,NOT_TESTED
applied,agriculture_crops,DMP-UNet: a multimodal fusion network for high-precision nitrogen status monitoring in wheat from UAV multispectral images.,10.3389/fpls.2026.1909856,PMC13582531,2026,2026-09-03,research-article,응용 연구 후보,CC BY,https://www.ebi.ac.uk/europepmc/webservices/rest/PMC13582531/fullTextXML,research_fields/applied/fulltext/PMC13582531.xml,d7aa8182a63a331edfc896551afd5fd1875ac8be1af368dae35b02cfd89d3173,NOT_TESTED,NOT_TESTED
applied,agriculture_crops,Global meta-analysis of drought associated rice rhizosphere microbiome data and soil application of selected bacteria reveals potential of &lt;i&gt;Pantoea dispersa&lt;/i&gt; for drought stress alleviation in rice plants.,10.3389/fpls.2026.1904089,PMC13581755,2026,2026-09-03,research-article,응용 연구 후보,CC BY,https://www.ebi.ac.uk/europepmc/webservices/rest/PMC13581755/fullTextXML,research_fields/applied/fulltext/PMC13581755.xml,ba6c4ee8374d02412c895f549c868b47ee655bc2c113d62fa002205360390eac,NOT_TESTED,NOT_TESTED
applied,agriculture_crops,Greenhouse Gas Emissions and Stem Aerenchyma Development of Rice Under Different Water and Nitrogen Regimes.,10.3390/biology15171514,PMC13564582,2026,2026-09-03,research-article,응용 연구 후보,CC BY,https://www.ebi.ac.uk/europepmc/webservices/rest/PMC13564582/fullTextXML,research_fields/applied/fulltext/PMC13564582.xml,066079a0764d16885901b5e432a1a23d95b1c7c9cf1960b6eccbe3f34a7e3c9b,NOT_TESTED,NOT_TESTED
applied,agriculture_crops,OsDUF1223 negatively regulates seedling drought tolerance and modulates nitrate-dependent root growth in rice.,10.1371/journal.pgen.1012295,PMC13541127,2026,2026-09-03,research-article,응용 연구 후보,CC BY,https://www.ebi.ac.uk/europepmc/webservices/rest/PMC13541127/fullTextXML,research_fields/applied/fulltext/PMC13541127.xml,c721581ed5df8304b51a16d40926d76c81f450202e165ced9e71d13a402a4c74,NOT_TESTED,NOT_TESTED
applied,agriculture_crops,Smart fertigation: Automated fertilizer application based on plant growth using digital sensors with IoT capability.,10.1371/journal.pone.0357482,PMC13541140,2026,2026-09-03,research-article,응용 연구 후보,CC BY,https://www.ebi.ac.uk/europepmc/webservices/rest/PMC13541140/fullTextXML,research_fields/applied/fulltext/PMC13541140.xml,eea9236374c2cdc0a40ee2ea39eba53fcaeb52f625c00f05a6477b40afad8792,NOT_TESTED,NOT_TESTED
applied,agriculture_crops,Genetic dissection of grain yield and correlated proxy traits under suboptimal conditions.,10.1007/s00122-026-05364-w,PMC13538158,2026,2026-09-03,research-article,응용 연구 후보,CC BY,https://www.ebi.ac.uk/europepmc/webservices/rest/PMC13538158/fullTextXML,research_fields/applied/fulltext/PMC13538158.xml,a109f159425df4587dabdc54f0c6a2c8c29eb8828fc6793b255c7285bb35218b,NOT_TESTED,NOT_TESTED
applied,agriculture_crops,Assessment of genomic prediction and genetic gain in multi‑population half-sib families in the perennial grass crop intermediate wheatgrass.,10.1371/journal.pone.0357452,PMC13537581,2026,2026-09-02,research-article,응용 연구 후보,CC0,https://www.ebi.ac.uk/europepmc/webservices/rest/PMC13537581/fullTextXML,research_fields/applied/fulltext/PMC13537581.xml,323738eee60be50fc6a6a6b7f83a71c67e96c7eca571a439cd5b8d3f3a72a75b,NOT_TESTED,NOT_TESTED
applied,agriculture_crops,Interseeding cover crops into established corn fields affects invertebrate abundance and diversity and elevates the activity of generalist predators.,10.1093/jisesa/ieag096,PMC13581462,2026,2026-09-01,research-article,응용 연구 후보,CC BY,https://www.ebi.ac.uk/europepmc/webservices/rest/PMC13581462/fullTextXML,research_fields/applied/fulltext/PMC13581462.xml,6f762e8d240be3c69e59d138212c93ce6fc0153c7a43d936a1882a412b47cd05,NOT_TESTED,NOT_TESTED
applied,agriculture_crops,Finlay-Wilkinson random regression for yield and yield stability prediction in cereals.,10.1002/tpg2.70269,PMC13555820,2026,2026-09-01,research-article,응용 연구 후보,CC BY,https://www.ebi.ac.uk/europepmc/webservices/rest/PMC13555820/fullTextXML,research_fields/applied/fulltext/PMC13555820.xml,d1965590f77c246265dd50f94af0ef17083e662762dee5215a78471649cdda49,NOT_TESTED,NOT_TESTED
applied,agriculture_crops,Sensitivity of machine learning regression models to data structure and quality in crop yield prediction.,10.1371/journal.pone.0353938,PMC13533432,2026,2026-09-01,research-article,응용 연구 후보,CC BY,https://www.ebi.ac.uk/europepmc/webservices/rest/PMC13533432/fullTextXML,research_fields/applied/fulltext/PMC13533432.xml,06b5296e23356cd4be30b19e9b93ee984d2b998423fde6738787c2ece55dadca,NOT_TESTED,NOT_TESTED
applied,agriculture_crops,Can Organic Amendments Override Environmental Filtering of Soil Microbiomes? Evidence From 20 Years Old Agricultural Field Trials in Contrasting Tropical Sites.,10.1111/gcb.71061,PMC13525719,2026,2026-09-01,research-article,응용 연구 후보,CC BY,https://www.ebi.ac.uk/europepmc/webservices/rest/PMC13525719/fullTextXML,research_fields/applied/fulltext/PMC13525719.xml,6e5f2d41c340812acdd5a3ce0eef9cc70167ed33c6caa8023b4c34d5ce905a85,NOT_TESTED,NOT_TESTED
applied,agriculture_crops,Dissecting genetic variance structure and evaluating genomic prediction models for single-cross hybrids derived from Stiff Stalk and Non-Stiff Stalk maize heterotic groups.,10.1093/g3journal/jkag163,PMC13535482,2026,2026-09-01,research-article,응용 연구 후보,CC BY,https://www.ebi.ac.uk/europepmc/webservices/rest/PMC13535482/fullTextXML,research_fields/applied/fulltext/PMC13535482.xml,909721728fd5e69c1917e35bb8e52e9ee2ce5cd4a32a32a5defda00944cea606,NOT_TESTED,NOT_TESTED
applied,agriculture_crops,Roots of wheat and rice maintain gravitropic setpoint angles.,10.1093/jxb/erag286,PMC13577761,2026,2026-09-01,research-article,응용 연구 후보,CC BY,https://www.ebi.ac.uk/europepmc/webservices/rest/PMC13577761/fullTextXML,research_fields/applied/fulltext/PMC13577761.xml,f8d318c0c2a358f6ef8e579e599a9e606a5d3644e7f7a4666f485c5f7ed1f781,NOT_TESTED,NOT_TESTED
applied,agriculture_crops,Matching circadian rhythms to light-dark cycles increases lettuce yield by 29% in vertical farms without additional energy input.,10.1093/jxb/erag222,PMC13529320,2026,2026-09-01,research-article,응용 연구 후보,CC BY,https://www.ebi.ac.uk/europepmc/webservices/rest/PMC13529320/fullTextXML,research_fields/applied/fulltext/PMC13529320.xml,1037ff98b2d38c09330f01f91bf7bc481dd457f57a9efaf3b0b03459a72e6e84,NOT_TESTED,NOT_TESTED
applied,agriculture_crops,Improving wheat tolerance to post-flowering heat using matched development stages and field-based reaction norms.,10.1093/jxb/erag188,PMC13577760,2026,2026-09-01,research-article,응용 연구 후보,CC BY,https://www.ebi.ac.uk/europepmc/webservices/rest/PMC13577760/fullTextXML,research_fields/applied/fulltext/PMC13577760.xml,77257e1b407771bfaeba908cf405ca1fcd1720c55f54f8e5503e499255bc1ec6,NOT_TESTED,NOT_TESTED
applied,agriculture_crops,Optimization of water and fertilizer regime for greenhouse radish using BBD response surface method coupled with NSGA-II algorithm.,10.3389/fpls.2025.1651490,PMC13572593,2026,2026-08-31,research-article,응용 연구 후보,CC BY,https://www.ebi.ac.uk/europepmc/webservices/rest/PMC13572593/fullTextXML,research_fields/applied/fulltext/PMC13572593.xml,63f6484fb67eea0107bd7c4642b667c1f498857cc811dbec1d4ffe035989727f,NOT_TESTED,NOT_TESTED
applied,energy_engineering,Unveiling the physical properties of AlMgX&lt;sub&gt;3&lt;/sub&gt; (X = Cl and I) for emerging energy applications.,10.1039/d6ra03627a,PMC13575865,2026,2026-09-15,research-article,응용 연구 후보,CC BY,https://www.ebi.ac.uk/europepmc/webservices/rest/PMC13575865/fullTextXML,research_fields/applied/fulltext/PMC13575865.xml,24b62f7482194925ac63de1e3a25ac4f446b22b74795ce8697763463861ca117,NOT_TESTED,NOT_TESTED
applied,energy_engineering,Design and performance evaluation of a solar powered remote controlled robot for precision seed planting.,10.1038/s41598-026-68946-0,PMC13578760,2026,2026-09-15,research-article,응용 연구 후보,CC BY,https://www.ebi.ac.uk/europepmc/webservices/rest/PMC13578760/fullTextXML,research_fields/applied/fulltext/PMC13578760.xml,d8c19a0f73af4dea6ae26956de00c03a719d3c5ea752a09b4877f750d0ec3c4b,NOT_TESTED,NOT_TESTED
applied,energy_engineering,Revalidating KCrPDTA for aqueous redox flow batteries.,10.1039/d6eb00156d,PMC13583517,2026,2026-09-14,research-article,응용 연구 후보,CC BY,https://www.ebi.ac.uk/europepmc/webservices/rest/PMC13583517/fullTextXML,research_fields/applied/fulltext/PMC13583517.xml,f98022188e209dd55ec2aa546c9ae65cab816f2d2b7e74cba6ffaec068424eaa,NOT_TESTED,NOT_TESTED
applied,energy_engineering,Organic substrate oxidation-driven water electrolysis enabled by Ru-loaded Mn&lt;sub&gt;2&lt;/sub&gt;O&lt;sub&gt;3&lt;/sub&gt; nanoparticles for energy-efficient hydrogen generation.,10.1039/d6na00300a,PMC13573632,2026,2026-09-14,research-article,응용 연구 후보,CC BY,https://www.ebi.ac.uk/europepmc/webservices/rest/PMC13573632/fullTextXML,research_fields/applied/fulltext/PMC13573632.xml,d0290eeafea4fe4d6e307827daa81065024b8ad9d8d369c82db734cb53093128,NOT_TESTED,NOT_TESTED
applied,energy_engineering,Polyhydroxy Molecular Regulator Enabled Interfacial Microenvironment Programming for Alkaline Zinc-Iron Flow Batteries.,10.1007/s40820-026-02333-2,PMC13572358,2026,2026-09-14,research-article,응용 연구 후보,CC BY,https://www.ebi.ac.uk/europepmc/webservices/rest/PMC13572358/fullTextXML,research_fields/applied/fulltext/PMC13572358.xml,73604421798d69193c1cb230c64f1b435f47e371220af1906aa4d12e455341e5,NOT_TESTED,NOT_TESTED
applied,energy_engineering,Minimizing total costs for distribution power grids considering harmonics and uncertainty of wind speed and solar radiation.,10.1371/journal.pone.0355399,PMC13568534,2026,2026-09-11,research-article,응용 연구 후보,CC BY,https://www.ebi.ac.uk/europepmc/webservices/rest/PMC13568534/fullTextXML,research_fields/applied/fulltext/PMC13568534.xml,b27d9f1e43a16315a9ec83cd517a6a6c365e3d26b347c2fa62bac48061fb808d,NOT_TESTED,NOT_TESTED
applied,energy_engineering,Integrated design for rural microgrids in Egypt incorporating hydrogen energy and vehicle-to-grid technology.,10.1038/s41598-026-67972-2,PMC13558757,2026,2026-09-09,research-article,응용 연구 후보,CC BY,https://www.ebi.ac.uk/europepmc/webservices/rest/PMC13558757/fullTextXML,research_fields/applied/fulltext/PMC13558757.xml,d78a065876ab27a700322c9832effec7b2c686fe70be5e683deef5720cc0fec1,NOT_TESTED,NOT_TESTED
applied,energy_engineering,Chelation-Driven Dual-Interface Regulation for Long-Life Aqueous Zn-I&lt;sub&gt;2&lt;/sub&gt; Batteries.,10.1002/advs.77565,PMC13554500,2026,2026-09-08,research-article,응용 연구 후보,CC BY,https://www.ebi.ac.uk/europepmc/webservices/rest/PMC13554500/fullTextXML,research_fields/applied/fulltext/PMC13554500.xml,2f3fd0a1aa99d445e8fe3ed8294e8463d333548db2c7e458272a231fc5f4b7e3,NOT_TESTED,NOT_TESTED
applied,energy_engineering,A model predictive control-based energy management strategy for grid-connected nanogrids.,10.1038/s41598-026-68560-0,PMC13547409,2026,2026-09-06,research-article,응용 연구 후보,CC BY,https://www.ebi.ac.uk/europepmc/webservices/rest/PMC13547409/fullTextXML,research_fields/applied/fulltext/PMC13547409.xml,8052a802dd83932f2494137d9cca2802194f828a0a78c5e6ac14437ca8ad4a5b,NOT_TESTED,NOT_TESTED
applied,energy_engineering,Effects of Perovskia abrotanoides Kar. Essential Oil on Greenhouse Gas Mitigation and Energy Efficiency Improvement in Sheep Rumen: An In Vitro Study.,10.1002/vms3.71194,PMC13500042,2026,2026-09-01,research-article,응용 연구 후보,CC BY,https://www.ebi.ac.uk/europepmc/webservices/rest/PMC13500042/fullTextXML,research_fields/applied/fulltext/PMC13500042.xml,6c003f5f7c1e190911744efc728e1d1f9a1178a8695dfe2c5d2e990d52a73437,NOT_TESTED,NOT_TESTED
applied,energy_engineering,Deep Reinforcement Learning-Based Energy-Efficient Resource Allocation and Scheduling in 6G-Enabled UAV-Assisted IoT Wireless Networks.,10.3390/s26175483,PMC13568327,2026,2026-08-29,research-article,응용 연구 후보,CC BY,https://www.ebi.ac.uk/europepmc/webservices/rest/PMC13568327/fullTextXML,research_fields/applied/fulltext/PMC13568327.xml,c2e03a8e67a7758edf7c3493a08b629c65b112fcb8ae9a3f2435cd56f4145318,NOT_TESTED,NOT_TESTED
applied,energy_engineering,Machine learning-based solar radiation prediction across heterogeneous climatic zones using NASA POWER data: a case study in Nigeria.,10.3389/frai.2026.1846084,PMC13553745,2026,2026-08-26,research-article,응용 연구 후보,CC BY,https://www.ebi.ac.uk/europepmc/webservices/rest/PMC13553745/fullTextXML,research_fields/applied/fulltext/PMC13553745.xml,c552791258eb4c2646f24965589de6d61e6704f522b7e4a44aaf175d8dabac39,NOT_TESTED,NOT_TESTED
applied,energy_engineering,Directional Spike Feature Learning with Progressive Reweighting for Energy-Efficient Cross-View Geo-Localization.,10.3390/s26175372,PMC13568223,2026,2026-08-25,research-article,응용 연구 후보,CC BY,https://www.ebi.ac.uk/europepmc/webservices/rest/PMC13568223/fullTextXML,research_fields/applied/fulltext/PMC13568223.xml,d90887ccc3f5ebd426eed22b7f3fdeaf5641446e522b6b3a6b2334495c7d12d9,NOT_TESTED,NOT_TESTED
applied,energy_engineering,A model predictive control framework with fatigue life assessment for flywheel energy storage systems supported by active magnetic bearings.,10.1038/s41598-026-66926-y,PMC13507186,2026,2026-08-25,research-article,응용 연구 후보,CC BY,https://www.ebi.ac.uk/europepmc/webservices/rest/PMC13507186/fullTextXML,research_fields/applied/fulltext/PMC13507186.xml,7f3afbbd44a0daf38b7160ee1cf0b9fc24ebd128027e752c59dad6d52d5ee8df,NOT_TESTED,NOT_TESTED
applied,energy_engineering,Energy performance optimization of BIPV windows in dust-prone semi-arid climates.,10.1038/s41598-026-53426-2,PMC13500811,2026,2026-08-24,research-article,응용 연구 후보,CC BY,https://www.ebi.ac.uk/europepmc/webservices/rest/PMC13500811/fullTextXML,research_fields/applied/fulltext/PMC13500811.xml,18be35420b171e536e8d590281d038b463060e6fdfe47fd5c78dd70a7e7bdc9f,NOT_TESTED,NOT_TESTED
applied,energy_engineering,Second-Life Lithium-Ion Batteries for Circular Energy Systems: A Techno-Economic and Environmental Pathway to Affordable Grid-Connected Renewable Storage.,10.1002/gch2.70150,PMC13495060,2026,2026-08-21,research-article,응용 연구 후보,CC BY,https://www.ebi.ac.uk/europepmc/webservices/rest/PMC13495060/fullTextXML,research_fields/applied/fulltext/PMC13495060.xml,b58f61a5171527abc889a3a6cfdd530d15da9ee696036fec855e826062f2db84,NOT_TESTED,NOT_TESTED
applied,energy_engineering,Anchor Engineering of Hole-Selective Enamine-Based Self-Assembling Monolayers for Perovskite Solar Cells.,10.1002/advs.76950,PMC13495742,2026,2026-08-21,research-article,응용 연구 후보,CC BY,https://www.ebi.ac.uk/europepmc/webservices/rest/PMC13495742/fullTextXML,research_fields/applied/fulltext/PMC13495742.xml,95b999f84f345445c21637ddcee78f1397702076dc8c37f92a0136f698b60fdf,NOT_TESTED,NOT_TESTED
applied,energy_engineering,Fabrication of a BC/1T-2H MoS&lt;sub&gt;2&lt;/sub&gt;@TP/PPy Membrane for Photo-Fenton Reactions and Solar-Driven Water Evaporation.,10.3390/molecules31162878,PMC13515191,2026,2026-08-18,research-article,응용 연구 후보,CC BY,https://www.ebi.ac.uk/europepmc/webservices/rest/PMC13515191/fullTextXML,research_fields/applied/fulltext/PMC13515191.xml,ca365d1724c3b8a01ccabc27973c2d1d5ceca0d0e2f7bed49c8e9951ae43b994,NOT_TESTED,NOT_TESTED
applied,energy_engineering,Trace-level ruthenium incorporated with transition metal components enabled the development of high-efficiency Li-CO&lt;sub&gt;2&lt;/sub&gt; batteries.,10.1039/d6sc05155c,PMC13491321,2026,2026-08-14,research-article,응용 연구 후보,CC BY,https://www.ebi.ac.uk/europepmc/webservices/rest/PMC13491321/fullTextXML,research_fields/applied/fulltext/PMC13491321.xml,dc5eda8a2291fdec66e52ec0b6a8d5ff25dc7f23e0050e739075f5d82ece6b0e,NOT_TESTED,NOT_TESTED
applied,energy_engineering,Dimension-wise adaptive snake optimizer with Sobol initialization and Lévy spiral search for solar photovoltaic cell model optimization.,10.1038/s41598-026-64941-7,PMC13462125,2026,2026-08-11,research-article,응용 연구 후보,CC BY,https://www.ebi.ac.uk/europepmc/webservices/rest/PMC13462125/fullTextXML,research_fields/applied/fulltext/PMC13462125.xml,0ba402af85821ccc524b4e8403ce9c7f6a95a0409d590dd30463dc0f7b0759a4,NOT_TESTED,NOT_TESTED
applied,energy_engineering,Electrochemically Driven Microbial Anode-Membrane Capacitor Deionization System: Energy Consumption Analysis for Enhancing NaCl Removal and Desalination at Different Gradients.,10.3390/membranes16080263,PMC13515130,2026,2026-08-07,research-article,응용 연구 후보,CC BY,https://www.ebi.ac.uk/europepmc/webservices/rest/PMC13515130/fullTextXML,research_fields/applied/fulltext/PMC13515130.xml,abafa3bcf078074e1a472a9869bcf10733c22cca46ae18f668fdb622ccb2dce0,NOT_TESTED,NOT_TESTED
applied,energy_engineering,Advancing Energy Efficiency in Smart Windows via Dual-Responsive Electro-Thermochromism.,10.1002/advs.77055,PMC13449530,2026,2026-08-07,research-article,응용 연구 후보,CC BY,https://www.ebi.ac.uk/europepmc/webservices/rest/PMC13449530/fullTextXML,research_fields/applied/fulltext/PMC13449530.xml,94e9f32f863de8680e5ed73e4917764b563a47abc1e364124f575f434a7de6a1,NOT_TESTED,NOT_TESTED
applied,energy_engineering,Unleashing the combined potential of bio-based carbon dioxide removal in Germany's path to net zero from the bioenergy system perspective.,10.1016/j.isci.2026.116852,PMC13474250,2026,2026-08-06,research-article,응용 연구 후보,CC BY,https://www.ebi.ac.uk/europepmc/webservices/rest/PMC13474250/fullTextXML,research_fields/applied/fulltext/PMC13474250.xml,1bbb2bb5b9b317dc264fa0a03c5fc2fec94018837ca9f0eb2e96afb7ec0a2e3b,NOT_TESTED,NOT_TESTED
applied,energy_engineering,Adaptive MARL-Assisted Hybrid Bat-Artificial Bee Colony Optimization for Energy-Efficient Clustering and Routing in IoT-Enabled Wireless Sensor Networks.,10.3390/s26154996,PMC13469875,2026,2026-08-06,research-article,응용 연구 후보,CC BY,https://www.ebi.ac.uk/europepmc/webservices/rest/PMC13469875/fullTextXML,research_fields/applied/fulltext/PMC13469875.xml,932b1a9fd3e2c1d52e57d6d7d3883e85e128041418c3d30af3d88d41e32f399b,NOT_TESTED,NOT_TESTED
applied,energy_engineering,Optimization of Difluorophenazine-Based Polymers via Substituent Modifications for Solar Energy Applications.,10.3390/ma19153349,PMC13468687,2026,2026-08-06,research-article,응용 연구 후보,CC BY,https://www.ebi.ac.uk/europepmc/webservices/rest/PMC13468687/fullTextXML,research_fields/applied/fulltext/PMC13468687.xml,a8e9ac8eef02cd5961f0537957873a14069f468a53b7a8e4306ece0e06a92ea0,NOT_TESTED,NOT_TESTED
applied,energy_engineering,EdgeLane-SEG: an energy-efficient embedded edge AI framework for real-time road marking and lane lines detection with instance segmentation in ADAS and autonomous driving.,10.3389/frai.2026.1872217,PMC13486175,2026,2026-08-05,research-article,응용 연구 후보,CC BY,https://www.ebi.ac.uk/europepmc/webservices/rest/PMC13486175/fullTextXML,research_fields/applied/fulltext/PMC13486175.xml,024d8efeacc1131992565e6e892c6ff3a97fe81d88d97d3d2d4df5efa6ad79c6,NOT_TESTED,NOT_TESTED
applied,energy_engineering,Charge-engineered cellulose membranes from wood waste for ionic thermoelectric energy conversion.,10.1039/d6ra03519a,PMC13440344,2026,2026-08-05,research-article,응용 연구 후보,CC BY,https://www.ebi.ac.uk/europepmc/webservices/rest/PMC13440344/fullTextXML,research_fields/applied/fulltext/PMC13440344.xml,a9950fd8dcb9f6ca8c2361e1845a923ec18eead77a05e8015cc24bc81f234bba,NOT_TESTED,NOT_TESTED
applied,energy_engineering,A lightweight passive ankle exoskeleton with dual-phase energy harvesting and stiffness adaptation.,10.1017/wtc.2026.10046,PMC13444395,2026,2026-08-04,research-article,응용 연구 후보,CC BY,https://www.ebi.ac.uk/europepmc/webservices/rest/PMC13444395/fullTextXML,research_fields/applied/fulltext/PMC13444395.xml,c8f26844808af7f579387e63795fc31b5a4a10fa630dd86ff0cc3860ed78bd2a,NOT_TESTED,NOT_TESTED
applied,energy_engineering,A Novel Bio-Inspired Multi-Objective Enhanced Honey Formation Optimization Algorithm for Power Systems with Stochastic Renewable Resources.,10.3390/biomimetics11080539,PMC13509660,2026,2026-08-03,research-article,응용 연구 후보,CC BY,https://www.ebi.ac.uk/europepmc/webservices/rest/PMC13509660/fullTextXML,research_fields/applied/fulltext/PMC13509660.xml,68c5423a90391911aa3cd706bab2bd9c37c0499a53082d0d374338f4346c95c8,NOT_TESTED,NOT_TESTED
applied,energy_engineering,"Environmental Impacts of Perovskite Solar Cell Materials: Transparency and Reproducibility Gaps, and Reporting Recommendations.",10.1002/gch2.70125,PMC13425629,2026,2026-07-31,research-article,응용 연구 후보,CC BY,https://www.ebi.ac.uk/europepmc/webservices/rest/PMC13425629/fullTextXML,research_fields/applied/fulltext/PMC13425629.xml,bac2f38267d239b75c0a9f3dc0c89df3c00b40c2aaa8836acee4e32c072206ec,NOT_TESTED,NOT_TESTED
applied,exercise_sport,Development and content validity of Diet Quality Index for Athletes (DQI-Athletes).,10.1186/s40795-026-01282-8,PMC13591869,2026,2026-09-21,research-article,응용 연구 후보,CC BY,https://www.ebi.ac.uk/europepmc/webservices/rest/PMC13591869/fullTextXML,research_fields/applied/fulltext/PMC13591869.xml,4e84c3859513654357cd48ed138eeda322f588f95fb00c40428b3b561838cf83,NOT_TESTED,NOT_TESTED
applied,exercise_sport,Effects of basic and dual-task training programs on physical function in Parkinson's disease: The PARKEX study.,10.1371/journal.pone.0358534,PMC13588342,2026,2026-09-18,research-article,응용 연구 후보,CC BY,https://www.ebi.ac.uk/europepmc/webservices/rest/PMC13588342/fullTextXML,research_fields/applied/fulltext/PMC13588342.xml,ef5ff5a475977f110d9976086b0a7307df7369faa0f3ee0db74a2853a10c9224,NOT_TESTED,NOT_TESTED
applied,exercise_sport,Career awareness as a mediator between communication skills and entrepreneurial tendencies in prospective sport managers.,10.1371/journal.pone.0358456,PMC13577536,2026,2026-09-15,research-article,응용 연구 후보,CC BY,https://www.ebi.ac.uk/europepmc/webservices/rest/PMC13577536/fullTextXML,research_fields/applied/fulltext/PMC13577536.xml,1a78b6d39a174e647091923b60959b906011f667ca0f8a9238d09e349e6a5173,NOT_TESTED,NOT_TESTED
applied,exercise_sport,Improving sport horse selection using machine learning: Early prediction of elite-level show jumping performance.,10.1371/journal.pone.0357799,PMC13577353,2026,2026-09-15,research-article,응용 연구 후보,CC BY,https://www.ebi.ac.uk/europepmc/webservices/rest/PMC13577353/fullTextXML,research_fields/applied/fulltext/PMC13577353.xml,36f28ff3136134f1aa10b07f0b4cf38cb6c00ea805575b4e53b90ea133ca6806,NOT_TESTED,NOT_TESTED
applied,exercise_sport,Dynamic Adoption of Immersive Tai Chi Training Among Older Adults: Exploratory Qualitative-Dominant Longitudinal Mixed Methods Follow-Up Study of Virtual and Mixed Reality Delivery.,10.2196/96262,PMC13576671,2026,2026-09-15,research-article,응용 연구 후보,CC BY,https://www.ebi.ac.uk/europepmc/webservices/rest/PMC13576671/fullTextXML,research_fields/applied/fulltext/PMC13576671.xml,1dda20cc8f99ac970be19e8d7930bd23197cc1e08ed2e62d36f549f457c984f8,NOT_TESTED,NOT_TESTED
applied,exercise_sport,"Patterns of Work-Related Musculoskeletal Disorders Among Dentists in Herat, Afghanistan: The Role of Ergonomics and Exercise.",10.1155/ijod/8602001,PMC13575485,2026,2026-09-14,research-article,응용 연구 후보,CC BY,https://www.ebi.ac.uk/europepmc/webservices/rest/PMC13575485/fullTextXML,research_fields/applied/fulltext/PMC13575485.xml,c59c4ddbe0f403161d1458cee86cc5c64c06a8af8cf190bb8d217fc9753a2f1b,NOT_TESTED,NOT_TESTED
applied,exercise_sport,Resistance versus concurrent training with three assigned protein targets in middle-aged and older women: a randomized 2 × 3 factorial trial.,10.1080/15502783.2026.2720742,PMC13577256,2026,2026-09-14,research-article,응용 연구 후보,CC BY,https://www.ebi.ac.uk/europepmc/webservices/rest/PMC13577256/fullTextXML,research_fields/applied/fulltext/PMC13577256.xml,e9f467fe5882687ad788468847f4e2b843c338eb1c0aedacb1c50959d50a3ed1,NOT_TESTED,NOT_TESTED
applied,exercise_sport,Thermophysiological and perceptual responses to exercise heat stress in people with cystic fibrosis on Elexacaftor/Tezacaftor/Ivacaftor.,10.1113/ep093605,PMC13570782,2026,2026-09-12,research-article,응용 연구 후보,CC BY,https://www.ebi.ac.uk/europepmc/webservices/rest/PMC13570782/fullTextXML,research_fields/applied/fulltext/PMC13570782.xml,aa1d461e5a3259666d89c00a6999136d9883d5f5486496c1f7ba00f58449a738,NOT_TESTED,NOT_TESTED
applied,exercise_sport,Feasibility and Acceptability of Useful Field of View Cognitive Training in Adolescent Athletes: Pilot Pre-Post Study.,10.2196/93778,PMC13566078,2026,2026-09-11,research-article,응용 연구 후보,CC BY,https://www.ebi.ac.uk/europepmc/webservices/rest/PMC13566078/fullTextXML,research_fields/applied/fulltext/PMC13566078.xml,118e58db8b06761d2a6b2259607e59e9803f88859bdd4308585dd2bb1256d1bc,NOT_TESTED,NOT_TESTED
applied,exercise_sport,The Association Between Hormonal Contraceptives and Lower Extremity Injuries in Female Athletes With Sports-Related Clinical Encounters.,10.1177/19417381261479648,PMC13570948,2026,2026-09-11,research-article,응용 연구 후보,CC BY,https://www.ebi.ac.uk/europepmc/webservices/rest/PMC13570948/fullTextXML,research_fields/applied/fulltext/PMC13570948.xml,79adfa03ce98a8eb483dab7e81141c40cd7cf9987b501ae23cd68ddce51e64a7,NOT_TESTED,NOT_TESTED
applied,exercise_sport,"Trait mindfulness, psychological skills, and mental toughness in paddleboard athletes: A correlational study.",10.1371/journal.pone.0354427,PMC13561335,2026,2026-09-10,research-article,응용 연구 후보,CC BY,https://www.ebi.ac.uk/europepmc/webservices/rest/PMC13561335/fullTextXML,research_fields/applied/fulltext/PMC13561335.xml,542482fd608182a742fd385ed91b2a525d5ffc2a627869ef173ab7b0e4509594,NOT_TESTED,NOT_TESTED
applied,exercise_sport,Creatine formulations and repeated sprint training: effects on physical and physiological adaptations in soccer players during the short-term preparation phase.,10.1080/15502783.2026.2721147,PMC13564169,2026,2026-09-10,research-article,응용 연구 후보,CC BY,https://www.ebi.ac.uk/europepmc/webservices/rest/PMC13564169/fullTextXML,research_fields/applied/fulltext/PMC13564169.xml,f25c028a55aceb3248d476128a289f59a7bcde29f1ac17bbe843fbf2ff80d46b,NOT_TESTED,NOT_TESTED
applied,exercise_sport,Effects of multiple object tracking training on visual attention and sports decision-making in novice female basketball players: evidence from EyeLink-EEG synchronization.,10.7717/peerj.21711,PMC13570609,2026,2026-09-09,research-article,응용 연구 후보,CC BY,https://www.ebi.ac.uk/europepmc/webservices/rest/PMC13570609/fullTextXML,research_fields/applied/fulltext/PMC13570609.xml,04b0e64364281ebff5d3afea521ceb8281394f8cb47fac6c408d974464ad540d,NOT_TESTED,NOT_TESTED
applied,exercise_sport,Reliability and physiological responsiveness of skin temperature and thermal contrast index during incremental exercise: a test-retest analysis.,10.1038/s41598-026-68741-x,PMC13558755,2026,2026-09-09,research-article,응용 연구 후보,CC BY,https://www.ebi.ac.uk/europepmc/webservices/rest/PMC13558755/fullTextXML,research_fields/applied/fulltext/PMC13558755.xml,51cb684732436d08d8e04abe3944ae46fe4b4ef4d685db205e497ac9866e8992,NOT_TESTED,NOT_TESTED
applied,exercise_sport,"Understanding online exercise provision: a qualitative study of the perspectives of service users, instructors, and strategic leaders.",10.1080/17482631.2026.2727778,PMC13560406,2026,2026-09-09,research-article,응용 연구 후보,CC BY,https://www.ebi.ac.uk/europepmc/webservices/rest/PMC13560406/fullTextXML,research_fields/applied/fulltext/PMC13560406.xml,e09c41281133a5e552ce1485627b8e30f15ebc0c3b7fdb2a9007bbd291c06dfd,NOT_TESTED,NOT_TESTED
applied,exercise_sport,Development and internal validation of a field-based triage tool for lumbopelvic-hip dysfunction in collegiate athletes.,10.1371/journal.pone.0348820,PMC13557378,2026,2026-09-09,research-article,응용 연구 후보,CC BY,https://www.ebi.ac.uk/europepmc/webservices/rest/PMC13557378/fullTextXML,research_fields/applied/fulltext/PMC13557378.xml,d1c0ef28a93582e86186d72f213bd3e1767a99af178f759b318b5820af20fe9e,NOT_TESTED,NOT_TESTED
applied,exercise_sport,Diversity Among Academic Orthopaedic Surgery Sports Medicine Faculty Across US Residency Programs.,10.5435/jaaosglobal-d-26-00085,PMC13557759,2026,2026-09-08,research-article,응용 연구 후보,CC BY,https://www.ebi.ac.uk/europepmc/webservices/rest/PMC13557759/fullTextXML,research_fields/applied/fulltext/PMC13557759.xml,f77bac2161bf96c8202c42a5a20ba35e490621850739e7f2395ab9b8ac2dd122,NOT_TESTED,NOT_TESTED
applied,exercise_sport,Daily academic and sport-related strain and mental-health-related states among university students in sport-related majors: a 14-day ecological momentary assessment network study.,10.3389/fpsyg.2026.1889946,PMC13590340,2026,2026-09-07,research-article,응용 연구 후보,CC BY,https://www.ebi.ac.uk/europepmc/webservices/rest/PMC13590340/fullTextXML,research_fields/applied/fulltext/PMC13590340.xml,000a12d23a04b5ab029c14d6cb0786cff7df6af17f680c7351337173b580b1ce,NOT_TESTED,NOT_TESTED
applied,exercise_sport,Association Between Cardiorespiratory Fitness and a Composite Index of Cardiac Autonomic Control: Potential Implications for Exercise Training Evaluation.,10.3390/jcm15176929,PMC13566679,2026,2026-09-07,research-article,응용 연구 후보,CC BY,https://www.ebi.ac.uk/europepmc/webservices/rest/PMC13566679/fullTextXML,research_fields/applied/fulltext/PMC13566679.xml,bcc905f8eeeedd7023f46fa1b77d00fb43cfa4dec57ddbe9f22fa12455dcd627,NOT_TESTED,NOT_TESTED
applied,exercise_sport,"Validity, Responsiveness, Long-Term Stability, and Minimal Detectable Change in the Six-Minute Walk Test in Individuals with Schizophrenia Receiving Exercise Interventions.",10.3390/healthcare14172885,PMC13565994,2026,2026-09-07,research-article,응용 연구 후보,CC BY,https://www.ebi.ac.uk/europepmc/webservices/rest/PMC13565994/fullTextXML,research_fields/applied/fulltext/PMC13565994.xml,55d57ce21a2d4f1955c2c2ea68dd6f1a27f3913c5d8245ccf68ea511ab654f80,NOT_TESTED,NOT_TESTED
applied,exercise_sport,"Exercise Dependence and Its Health Correlates: A Cross-Sectional Survey-Based Study of Impulsivity, Depression Symptom Severity, and Exercise Duration.",10.1002/hsr2.73162,PMC13548418,2026,2026-09-07,research-article,응용 연구 후보,CC BY,https://www.ebi.ac.uk/europepmc/webservices/rest/PMC13548418/fullTextXML,research_fields/applied/fulltext/PMC13548418.xml,9a0794811aaee9d23717c8f4c5ad1bad4d45b3d33ca2768d51c2ba499bb73c16,NOT_TESTED,NOT_TESTED
applied,exercise_sport,"Moving beyond treatment: pulmonary function, autonomous motivation, and physical activity enjoyment in adults with cystic fibrosis.",10.1186/s12890-026-04661-w,PMC13548599,2026,2026-09-07,research-article,응용 연구 후보,CC BY,https://www.ebi.ac.uk/europepmc/webservices/rest/PMC13548599/fullTextXML,research_fields/applied/fulltext/PMC13548599.xml,bc68d80b5ac790feafd9193fc6008af1ee89795cd302aea4deb371f612920d40,NOT_TESTED,NOT_TESTED
applied,exercise_sport,Association of Cardiovascular Risk Burden with Cardiorespiratory Fitness and Functional Performance in Patients with Post-Stroke Spasticity: A Retrospective Observational Study.,10.3390/jcm15176897,PMC13566207,2026,2026-09-06,research-article,응용 연구 후보,CC BY,https://www.ebi.ac.uk/europepmc/webservices/rest/PMC13566207/fullTextXML,research_fields/applied/fulltext/PMC13566207.xml,f3201fca52716526cbadd12c6360a110591d4385dedf25d44a871803e4b96211,NOT_TESTED,NOT_TESTED
applied,exercise_sport,Benefits of Four-Tiered Classification of Exercise-Induced Left Ventricular Hypertrophy in Adolescent Athletes.,10.3390/jcm15176879,PMC13566173,2026,2026-09-05,research-article,응용 연구 후보,CC BY,https://www.ebi.ac.uk/europepmc/webservices/rest/PMC13566173/fullTextXML,research_fields/applied/fulltext/PMC13566173.xml,792faf320f795abb9491b20f92b041ec39a42a8528c7529c39f3cbc4986c4b81,NOT_TESTED,NOT_TESTED
applied,exercise_sport,Perceived E-Health Literacy and Cyberchondria Among Undergraduate Sports Science Students: A Cross-Sectional Study.,10.3390/healthcare14172862,PMC13565353,2026,2026-09-05,research-article,응용 연구 후보,CC BY,https://www.ebi.ac.uk/europepmc/webservices/rest/PMC13565353/fullTextXML,research_fields/applied/fulltext/PMC13565353.xml,7724a3fd926a7462f46d05ac0201c12796794eb9088c334873a17b8297a90a4e,NOT_TESTED,NOT_TESTED
applied,exercise_sport,Individual SMR neurofeedback responsiveness during a single session and its associations with autonomic regulation and shooting performance in elite rifle athletes.,10.3389/fnhum.2026.1922593,PMC13585742,2026,2026-09-04,research-article,응용 연구 후보,CC BY,https://www.ebi.ac.uk/europepmc/webservices/rest/PMC13585742/fullTextXML,research_fields/applied/fulltext/PMC13585742.xml,b44bd02c41a31ca35757b7d6fd1c900b68ea07ea0b7db48c8155efaca6576367,NOT_TESTED,NOT_TESTED
applied,exercise_sport,Controlled breathing is associated with lower blood lactate than normobaric hypoxia despite comparable peripheral oxygen saturation during moderate-intensity exercise: an exploratory crossover study.,10.3389/fphys.2026.1916547,PMC13585621,2026,2026-09-04,research-article,응용 연구 후보,CC BY,https://www.ebi.ac.uk/europepmc/webservices/rest/PMC13585621/fullTextXML,research_fields/applied/fulltext/PMC13585621.xml,584b40746612912afed68018f7024dae222d50e86d8b6937275f43dabbd3b79c,NOT_TESTED,NOT_TESTED
applied,psychology_behavior,Cognitive-Affective Predictors of Exertion-Related Fatigue in Primary Biliary Cholangitis: An Experimental Substudy of the SOMA.LIV Project.,10.2147/prbm.s619844,PMC13577172,2026,2026-09-11,research-article,응용 연구 후보,CC BY,https://www.ebi.ac.uk/europepmc/webservices/rest/PMC13577172/fullTextXML,research_fields/applied/fulltext/PMC13577172.xml,879b19274ba241b799176bdf97ebc5f89b1d7a69bf16504c4f834b5119a7b909,NOT_TESTED,NOT_TESTED
applied,exercise_sport,Effects of 21-day vitamin D supplementation on sports performance and exercise-induced inflammation: a randomized double-blind trial.,10.3389/fphys.2026.1867500,PMC13585618,2026,2026-09-04,research-article,응용 연구 후보,CC BY,https://www.ebi.ac.uk/europepmc/webservices/rest/PMC13585618/fullTextXML,research_fields/applied/fulltext/PMC13585618.xml,b86522f0c8c6875928b8043fbd2ea4f293ad56bd6f246df6ce105f5e8ca45d35,NOT_TESTED,NOT_TESTED
applied,exercise_sport,BDNF Haploinsufficiency Limits Voluntary Exercise-Induced Adult Hippocampal Neurogenesis.,10.3390/biology15171536,PMC13564571,2026,2026-09-04,research-article,응용 연구 후보,CC BY,https://www.ebi.ac.uk/europepmc/webservices/rest/PMC13564571/fullTextXML,research_fields/applied/fulltext/PMC13564571.xml,12d442a05be1f7f20d13fdea8772d4b0038c019cdad259c1568d9cabc4087dbb,NOT_TESTED,NOT_TESTED
applied,exercise_sport,Resistance Exercise Training Selectively Modulates Tumor Suppressor and Muscle-Regulatory MicroRNAs in Breast Cancer Survivors and Healthy Postmenopausal Women: An Exploratory Study.,10.3390/ijms27177900,PMC13566732,2026,2026-09-04,research-article,응용 연구 후보,CC BY,https://www.ebi.ac.uk/europepmc/webservices/rest/PMC13566732/fullTextXML,research_fields/applied/fulltext/PMC13566732.xml,8c599e9603682b50b286c0f7cc0230bf604045670119884fbdfc77cec2c9bcc1,NOT_TESTED,NOT_TESTED
